TradeID,Date,CommodityID,TraderID,Position,Volume,Price,Notional_EUR,PnL_EUR
TR000001,2024-01-01,CO2,T04,Short,1737,66.09,114795.31,-1740.04
TR000002,2024-01-01,PWR,T05,Long,797,86.48,68925.2,-1978.1
TR000003,2024-01-01,COAL,T01,Long,1949,110.88,216104.01,-2489.44
TR000004,2024-01-01,CO2,T02,Long,1413,62.66,88535.06,-387.38
TR000005,2024-01-01,CO2,T06,Long,1071,67.21,71979.6,-760.59
TR000006,2024-01-01,GAS,T01,Long,865,32.34,27970.49,369.95
TR000007,2024-01-01,GAS,T03,Long,266,35.6,9468.37,152.11
TR000008,2024-01-01,CO2,T02,Long,697,57.68,40206.35,-824.3
TR000009,2024-01-01,COAL,T02,Short,1101,110.84,122032.51,-1092.88
TR000010,2024-01-01,CO2,T08,Short,1535,57.03,87536.06,-1404.27
TR000011,2024-01-01,PWR,T08,Long,1764,84.08,148314.88,-2148.1
TR000012,2024-01-01,COAL,T06,Long,590,113.46,66938.99,2296.57
TR000013,2024-01-01,CO2,T06,Short,845,62.62,52913.68,250.94
TR000014,2024-01-01,CO2,T05,Long,1298,63.79,82804.32,836.07
TR000015,2024-01-01,COAL,T02,Long,367,110.5,40554.59,-760.06
TR000016,2024-01-01,COAL,T06,Long,1186,109.93,130372.88,-3272.69
TR000017,2024-01-01,CO2,T07,Short,1476,66.86,98690.14,383.45
TR000018,2024-01-01,PWR,T01,Long,329,89.84,29557.73,-403.19
TR000019,2024-01-01,GAS,T04,Short,813,33.21,27002.12,-174.77
TR000020,2024-01-01,COAL,T01,Short,600,109.43,65659.13,-607.68
TR000021,2024-01-01,PWR,T07,Long,1837,82.82,152134.32,1269.08
TR000022,2024-01-02,CO2,T05,Long,1064,68.91,73322.26,167.64
TR000023,2024-01-02,COAL,T02,Long,1934,111.17,215003.88,-2303.82
TR000024,2024-01-02,GAS,T07,Short,1577,29.97,47257.97,17.93
TR000025,2024-01-02,COAL,T06,Short,87,106.49,9264.41,113.37
TR000026,2024-01-02,COAL,T08,Long,502,108.96,54698.9,2231.85
TR000027,2024-01-02,CO2,T06,Short,1818,64.14,116603.78,-1248.83
TR000028,2024-01-02,PWR,T07,Long,1234,79.83,98507.29,-2238.35
TR000029,2024-01-02,CO2,T07,Long,1736,67.49,117157.33,-1898.3
TR000030,2024-01-02,COAL,T06,Long,1550,106.21,164629.11,3412.77
TR000031,2024-01-02,GAS,T08,Long,370,34.22,12660.58,1.39
TR000032,2024-01-02,GAS,T01,Long,903,29.61,26740.52,802.36
TR000033,2024-01-02,GAS,T03,Short,1042,30.64,31924.97,160.34
TR000034,2024-01-02,CO2,T03,Long,872,74.33,64813.35,1792.17
TR000035,2024-01-02,CO2,T06,Long,1131,59.91,67757.23,-2023.16
TR000036,2024-01-02,PWR,T08,Long,851,82.96,70602.71,-336.61
TR000037,2024-01-02,GAS,T02,Long,910,30.8,28028.22,808.74
TR000038,2024-01-02,CO2,T04,Long,1277,66.74,85228.12,990.31
TR000039,2024-01-02,GAS,T03,Short,1910,34.52,65928.2,1414.3
TR000040,2024-01-02,CO2,T05,Short,841,61.18,51454.16,-356.66
TR000041,2024-01-02,GAS,T06,Short,740,31.07,22988.21,-728.03
TR000042,2024-01-02,CO2,T05,Long,1326,62.88,83384.65,-1585.2
TR000043,2024-01-02,COAL,T08,Long,1976,105.11,207690.65,-2569.09
TR000044,2024-01-02,PWR,T08,Short,1942,85.32,165692.51,-1229.27
TR000045,2024-01-03,PWR,T05,Short,1768,75.63,133716.53,-728.23
TR000046,2024-01-03,PWR,T04,Long,748,81.82,61199.93,871.31
TR000047,2024-01-03,CO2,T02,Short,1637,65.42,107098.95,-429.95
TR000048,2024-01-03,COAL,T06,Short,1224,114.61,140277.89,-1665.79
TR000049,2024-01-03,COAL,T04,Long,800,117.2,93761.7,569.02
TR000050,2024-01-03,GAS,T06,Short,995,31.35,31197.67,-95.38
TR000051,2024-01-03,GAS,T02,Short,1400,31.53,44145.53,-303.57
TR000052,2024-01-03,CO2,T05,Long,88,68.36,6016.11,-14.43
TR000053,2024-01-03,PWR,T08,Short,397,92.8,36841.35,-425.99
TR000054,2024-01-03,COAL,T03,Long,129,102.51,13223.65,118.83
TR000055,2024-01-03,COAL,T06,Long,1216,108.15,131512.06,-1097.17
TR000056,2024-01-03,PWR,T05,Short,1481,84.14,124615.94,1122.67
TR000057,2024-01-03,CO2,T01,Long,90,62.06,5585.34,12.6
TR000058,2024-01-03,COAL,T03,Short,958,104.02,99653.35,-1015.96
TR000059,2024-01-03,PWR,T04,Long,1065,77.48,82518.13,234.66
TR000060,2024-01-03,PWR,T05,Short,738,92.08,67954.76,382.26
TR000061,2024-01-03,GAS,T06,Short,1718,32.55,55914.05,-1603.22
TR000062,2024-01-04,COAL,T04,Short,50,107.1,5355.06,52.15
TR000063,2024-01-04,PWR,T05,Long,820,63.74,52269.76,-210.33
TR000064,2024-01-04,CO2,T03,Long,1376,61.05,84005.5,-339.08
TR000065,2024-01-04,PWR,T01,Short,1379,86.27,118970.54,-88.47
TR000066,2024-01-04,GAS,T06,Short,591,33.36,19715.93,30.63
TR000067,2024-01-04,COAL,T03,Long,1523,110.54,168347.92,-1215.48
TR000068,2024-01-04,COAL,T05,Long,1769,105.67,186928.54,1367.4
TR000069,2024-01-04,CO2,T07,Long,1478,61.85,91413.64,-766.54
TR000070,2024-01-04,PWR,T07,Long,298,84.41,25153.01,15.9
TR000071,2024-01-04,GAS,T04,Short,1326,32.97,43722.68,-496.8
TR000072,2024-01-04,COAL,T01,Long,575,116.54,67012.84,-250.33
TR000073,2024-01-04,COAL,T04,Long,1088,116.06,126277.85,-4653.49
TR000074,2024-01-04,COAL,T07,Long,194,106.97,20751.8,-109.19
TR000075,2024-01-04,PWR,T06,Short,672,94.59,63567.45,-529.81
TR000076,2024-01-04,PWR,T08,Short,364,90.7,33014.15,-945.57
TR000077,2024-01-04,PWR,T03,Long,1519,92.31,140212.0,-86.88
TR000078,2024-01-04,COAL,T06,Short,124,110.72,13729.14,-186.96
TR000079,2024-01-04,GAS,T05,Short,1508,35.17,53034.16,-1288.42
TR000080,2024-01-04,PWR,T05,Short,139,82.22,11429.03,52.58
TR000081,2024-01-05,PWR,T02,Long,310,80.46,24943.35,-800.23
TR000082,2024-01-05,CO2,T06,Long,1492,74.36,110945.9,-1005.86
TR000083,2024-01-05,PWR,T03,Long,637,86.08,54832.16,73.52
TR000084,2024-01-05,PWR,T02,Long,1364,89.71,122362.57,1170.95
TR000085,2024-01-05,PWR,T04,Long,1913,95.5,182693.16,2260.55
TR000086,2024-01-05,GAS,T02,Long,1056,29.18,30815.81,460.82
TR000087,2024-01-05,GAS,T01,Short,1696,30.69,52042.5,-400.16
TR000088,2024-01-05,CO2,T08,Long,1000,60.78,60783.58,-744.9
TR000089,2024-01-05,CO2,T04,Short,864,65.38,56487.83,802.7
TR000090,2024-01-05,CO2,T08,Short,144,68.8,9907.06,-144.68
TR000091,2024-01-05,CO2,T08,Long,761,65.71,50001.75,626.7
TR000092,2024-01-05,GAS,T08,Short,877,31.73,27825.83,-19.58
TR000093,2024-01-05,CO2,T01,Long,1978,62.69,124000.17,2421.44
TR000094,2024-01-05,PWR,T04,Long,469,81.2,38082.89,-282.99
TR000095,2024-01-05,PWR,T02,Short,251,93.59,23491.25,243.28
TR000096,2024-01-05,PWR,T06,Short,524,84.64,44350.98,-537.15
TR000097,2024-01-05,PWR,T01,Long,759,85.0,64514.45,-1276.56
TR000098,2024-01-05,PWR,T06,Long,1434,87.77,125856.22,26.83
TR000099,2024-01-05,GAS,T07,Short,1964,32.06,62968.58,22.79
TR000100,2024-01-05,GAS,T03,Short,818,32.51,26589.56,-465.25
TR000101,2024-01-08,GAS,T05,Short,1337,31.52,42145.4,-150.65
TR000102,2024-01-08,COAL,T01,Long,1908,114.91,219248.14,-7150.75
TR000103,2024-01-08,COAL,T02,Long,1337,110.64,147921.85,2170.66
TR000104,2024-01-08,CO2,T05,Long,993,62.51,62069.24,-872.71
TR000105,2024-01-08,GAS,T02,Short,563,29.51,16611.44,-439.71
TR000106,2024-01-08,PWR,T05,Short,983,89.7,88173.99,1868.88
TR000107,2024-01-08,PWR,T01,Long,1231,82.9,102046.46,394.11
TR000108,2024-01-08,GAS,T05,Long,1432,35.38,50664.8,510.9
TR000109,2024-01-08,GAS,T07,Short,887,33.76,29948.89,-517.26
TR000110,2024-01-08,PWR,T05,Long,1702,96.15,163652.43,-51.18
TR000111,2024-01-08,PWR,T07,Short,955,84.46,80664.04,-2780.44
TR000112,2024-01-08,GAS,T01,Long,78,32.3,2519.1,-8.41
TR000113,2024-01-08,CO2,T06,Long,807,73.19,59062.01,-269.81
TR000114,2024-01-08,CO2,T08,Long,414,65.05,26930.36,-266.11
TR000115,2024-01-08,PWR,T07,Long,91,97.16,8841.3,-6.27
TR000116,2024-01-08,COAL,T01,Long,866,113.97,98701.02,-880.11
TR000117,2024-01-08,GAS,T06,Short,1558,34.04,53039.06,-548.19
TR000118,2024-01-08,GAS,T06,Long,1855,33.33,61821.94,124.12
TR000119,2024-01-08,COAL,T04,Long,664,115.44,76653.67,-3118.84
TR000120,2024-01-08,COAL,T07,Long,232,105.94,24578.49,471.14
TR000121,2024-01-08,COAL,T06,Short,1499,113.51,170146.02,-722.35
TR000122,2024-01-08,GAS,T04,Short,1681,31.4,52779.61,939.21
TR000123,2024-01-08,COAL,T03,Short,1821,120.36,219169.93,2138.13
TR000124,2024-01-08,GAS,T03,Short,1743,31.61,55093.87,665.08
TR000125,2024-01-08,GAS,T03,Long,1417,29.1,41234.52,-746.8
TR000126,2024-01-08,COAL,T04,Short,1226,119.22,146159.43,1455.52
TR000127,2024-01-08,CO2,T07,Long,267,62.58,16709.61,-133.09
TR000128,2024-01-08,GAS,T04,Short,111,34.25,3801.96,32.55
TR000129,2024-01-08,COAL,T02,Long,1001,109.54,109652.63,1851.5
TR000130,2024-01-09,PWR,T07,Long,1468,88.18,129450.03,-389.73
TR000131,2024-01-09,CO2,T08,Long,642,63.06,40485.36,135.9
TR000132,2024-01-09,PWR,T01,Short,1822,88.41,161089.15,-4873.48
TR000133,2024-01-09,CO2,T02,Long,1243,67.04,83330.01,1071.76
TR000134,2024-01-09,COAL,T08,Short,1743,108.61,189313.36,2367.06
TR000135,2024-01-09,GAS,T08,Short,1186,33.34,39536.58,883.28
TR000136,2024-01-09,CO2,T06,Short,1297,66.05,85670.22,-2027.11
TR000137,2024-01-09,CO2,T08,Long,1397,67.1,93742.46,-878.42
TR000138,2024-01-09,PWR,T03,Short,355,82.14,29160.27,-55.9
TR000139,2024-01-09,COAL,T06,Long,996,109.56,109122.84,-3331.37
TR000140,2024-01-09,COAL,T05,Short,936,105.21,98476.3,262.55
TR000141,2024-01-09,COAL,T05,Short,619,102.77,63612.64,540.71
TR000142,2024-01-09,COAL,T06,Long,1133,120.04,136007.09,-3379.26
TR000143,2024-01-09,PWR,T07,Short,1609,81.1,130493.38,-1834.52
TR000144,2024-01-09,COAL,T03,Short,775,107.81,83550.73,582.0
TR000145,2024-01-09,PWR,T07,Short,1568,79.35,124413.63,-3021.02
TR000146,2024-01-09,CO2,T08,Long,1161,64.99,75448.41,-646.22
TR000147,2024-01-09,CO2,T03,Long,1818,65.32,118758.6,-1390.32
TR000148,2024-01-09,PWR,T01,Long,1043,91.13,95050.64,888.69
TR000149,2024-01-09,CO2,T04,Short,1337,72.15,96460.17,-517.88
TR000150,2024-01-09,CO2,T02,Short,1387,65.53,90885.51,-1295.32
TR000151,2024-01-09,COAL,T08,Long,1597,112.66,179910.22,4229.74
TR000152,2024-01-09,PWR,T07,Short,1885,81.63,153880.99,188.93
TR000153,2024-01-09,GAS,T07,Long,142,33.02,4689.18,-71.94
TR000154,2024-01-09,COAL,T06,Long,854,114.56,97834.04,-403.19
TR000155,2024-01-09,CO2,T08,Long,915,63.48,58087.06,66.76
TR000156,2024-01-10,COAL,T01,Long,960,115.94,111299.62,2304.05
TR000157,2024-01-10,GAS,T01,Long,1054,28.08,29597.67,168.07
TR000158,2024-01-10,GAS,T03,Long,77,31.53,2428.06,-40.78
TR000159,2024-01-10,PWR,T02,Long,1780,75.57,134510.86,-549.6
TR000160,2024-01-10,CO2,T07,Short,1021,73.63,75176.26,1420.74
TR000161,2024-01-10,CO2,T02,Short,1570,63.84,100221.93,-3122.04
TR000162,2024-01-10,CO2,T05,Long,560,64.81,36294.02,-20.26
TR000163,2024-01-10,GAS,T02,Long,1085,32.38,35135.86,-471.47
TR000164,2024-01-10,PWR,T06,Long,544,84.27,45844.24,746.71
TR000165,2024-01-10,COAL,T01,Long,1414,107.19,151564.64,1149.07
TR000166,2024-01-10,CO2,T07,Long,163,65.68,10705.29,58.61
TR000167,2024-01-10,GAS,T05,Short,1360,32.37,44019.76,-496.37
TR000168,2024-01-10,PWR,T06,Long,1234,75.22,92816.02,1296.19
TR000169,2024-01-10,CO2,T02,Short,543,64.14,34826.82,-503.64
TR000170,2024-01-10,COAL,T08,Short,871,108.82,94786.19,-1348.11
TR000171,2024-01-10,PWR,T05,Long,1490,90.44,134761.54,-4360.17
TR000172,2024-01-11,COAL,T01,Long,1076,107.37,115535.42,3903.54
TR000173,2024-01-11,CO2,T03,Short,1813,58.74,106496.3,-273.12
TR000174,2024-01-11,CO2,T05,Long,764,64.11,48983.5,288.09
TR000175,2024-01-11,CO2,T07,Long,543,66.9,36327.04,1278.92
TR000176,2024-01-11,COAL,T01,Long,1418,107.71,152733.97,-3635.4
TR000177,2024-01-11,COAL,T06,Short,347,110.74,38425.21,540.2
TR000178,2024-01-11,CO2,T03,Long,1293,66.07,85422.36,2883.59
TR000179,2024-01-11,PWR,T04,Short,908,87.04,79030.92,-1789.65
TR000180,2024-01-11,GAS,T05,Long,1042,32.47,33831.49,-396.85
TR000181,2024-01-11,PWR,T05,Short,854,77.07,65819.09,-142.42
TR000182,2024-01-11,CO2,T04,Long,1731,67.7,117190.82,-2723.86
TR000183,2024-01-11,GAS,T08,Short,1240,32.97,40887.71,-998.72
TR000184,2024-01-11,CO2,T07,Long,1048,59.5,62350.81,-1143.11
TR000185,2024-01-11,PWR,T01,Short,1635,91.41,149455.52,-243.33
TR000186,2024-01-11,CO2,T01,Long,1871,71.62,134006.69,842.27
TR000187,2024-01-12,CO2,T08,Long,495,65.77,32556.4,-690.38
TR000188,2024-01-12,COAL,T06,Long,676,106.49,71989.76,-304.71
TR000189,2024-01-12,PWR,T03,Short,1816,80.53,146233.44,-494.29
TR000190,2024-01-12,PWR,T03,Long,798,83.33,66497.55,-406.79
TR000191,2024-01-12,PWR,T08,Short,1269,78.36,99435.54,3211.11
TR000192,2024-01-12,GAS,T05,Long,1289,31.44,40521.43,708.9
TR000193,2024-01-12,GAS,T02,Short,1539,32.93,50685.55,683.09
TR000194,2024-01-12,GAS,T03,Short,882,33.51,29557.06,708.36
TR000195,2024-01-12,GAS,T08,Long,1465,31.54,46204.71,-687.74
TR000196,2024-01-12,CO2,T02,Short,1901,53.85,102360.76,-450.29
TR000197,2024-01-12,CO2,T08,Long,827,69.57,57535.67,-1739.53
TR000198,2024-01-12,GAS,T07,Short,1153,31.17,35936.49,163.05
TR000199,2024-01-12,PWR,T07,Long,1763,90.93,160304.82,1022.73
TR000200,2024-01-12,CO2,T01,Short,647,59.97,38803.1,43.57
TR000201,2024-01-12,COAL,T07,Long,1961,117.04,229509.55,2733.52
TR000202,2024-01-12,PWR,T07,Short,749,79.03,59190.53,27.47
TR000203,2024-01-12,PWR,T01,Long,1300,89.59,116469.54,-2163.36
TR000204,2024-01-12,CO2,T04,Long,621,69.57,43199.91,-726.29
TR000205,2024-01-12,PWR,T03,Short,775,93.74,72650.57,-1323.49
TR000206,2024-01-12,COAL,T02,Short,1578,109.2,172322.69,-232.75
TR000207,2024-01-15,PWR,T07,Short,1724,76.9,132567.99,1932.07
TR000208,2024-01-15,COAL,T06,Long,569,115.11,65497.92,185.11
TR000209,2024-01-15,GAS,T03,Long,1455,31.64,46042.55,-173.23
TR000210,2024-01-15,PWR,T03,Long,400,94.05,37619.35,1015.31
TR000211,2024-01-15,CO2,T08,Long,537,61.91,33243.93,100.58
TR000212,2024-01-15,CO2,T03,Short,937,65.96,61805.3,152.56
TR000213,2024-01-15,GAS,T05,Short,1711,30.23,51729.23,-469.86
TR000214,2024-01-15,CO2,T01,Short,332,66.7,22144.0,216.35
TR000215,2024-01-15,COAL,T06,Long,752,111.09,83542.22,3260.26
TR000216,2024-01-15,COAL,T02,Long,1657,110.96,183855.32,-3323.58
TR000217,2024-01-15,PWR,T07,Short,1969,86.74,170781.72,3587.72
TR000218,2024-01-15,COAL,T04,Short,1491,107.03,159584.42,-1551.83
TR000219,2024-01-15,CO2,T04,Short,1979,71.24,140981.13,2643.92
TR000220,2024-01-15,COAL,T04,Short,322,108.49,34934.38,618.75
TR000221,2024-01-15,CO2,T07,Short,585,64.19,37549.76,-62.42
TR000222,2024-01-16,COAL,T06,Short,1149,111.95,128633.04,1577.22
TR000223,2024-01-16,GAS,T08,Long,530,32.7,17333.5,-150.56
TR000224,2024-01-16,CO2,T02,Short,450,65.89,29650.68,-256.52
TR000225,2024-01-16,CO2,T02,Long,1844,66.54,122698.01,89.58
TR000226,2024-01-16,PWR,T04,Short,1499,87.13,130604.55,289.16
TR000227,2024-01-16,GAS,T02,Short,1655,30.35,50234.23,2164.29
TR000228,2024-01-16,GAS,T05,Long,1901,31.23,59358.73,417.39
TR000229,2024-01-16,PWR,T05,Long,1293,84.54,109306.41,-333.94
TR000230,2024-01-16,COAL,T03,Long,1769,110.07,194705.67,-2182.3
TR000231,2024-01-16,GAS,T07,Long,1472,31.89,46943.15,78.13
TR000232,2024-01-16,CO2,T08,Short,1654,66.74,110392.17,7.78
TR000233,2024-01-16,GAS,T08,Short,647,30.89,19983.04,49.21
TR000234,2024-01-16,PWR,T03,Short,578,86.23,49840.84,274.39
TR000235,2024-01-16,GAS,T03,Long,891,30.42,27106.97,264.37
TR000236,2024-01-16,CO2,T01,Long,660,63.97,42220.45,-516.12
TR000237,2024-01-16,COAL,T08,Long,425,110.64,47020.2,1145.89
TR000238,2024-01-17,GAS,T05,Long,1170,33.52,39214.25,-45.78
TR000239,2024-01-17,COAL,T08,Long,1993,110.61,220442.84,-4755.87
TR000240,2024-01-17,PWR,T06,Short,877,85.46,74946.54,-1075.7
TR000241,2024-01-17,CO2,T01,Long,269,65.27,17556.7,-337.93
TR000242,2024-01-17,CO2,T06,Short,1960,66.49,130313.46,1060.36
TR000243,2024-01-17,COAL,T03,Short,1868,105.45,196983.43,754.21
TR000244,2024-01-17,COAL,T06,Short,1549,111.32,172437.53,193.9
TR000245,2024-01-17,CO2,T07,Long,506,66.24,33517.02,368.09
TR000246,2024-01-17,GAS,T01,Short,239,33.45,7994.83,-65.57
TR000247,2024-01-17,COAL,T06,Long,945,105.64,99827.12,3017.09
TR000248,2024-01-17,PWR,T08,Short,532,82.17,43712.71,-194.94
TR000249,2024-01-17,CO2,T03,Long,1888,68.54,129412.21,-733.93
TR000250,2024-01-17,COAL,T04,Short,894,113.03,101044.8,-1011.65
TR000251,2024-01-17,COAL,T02,Short,191,103.98,19859.96,425.41
TR000252,2024-01-17,CO2,T02,Long,663,63.58,42152.26,-42.61
TR000253,2024-01-17,CO2,T04,Short,1581,68.63,108497.37,857.27
TR000254,2024-01-17,CO2,T03,Long,869,65.49,56914.96,-495.18
TR000255,2024-01-17,COAL,T08,Long,1695,111.86,189596.12,2557.09
TR000256,2024-01-17,CO2,T06,Long,1398,65.43,91475.62,1594.25
TR000257,2024-01-17,PWR,T02,Short,708,78.3,55438.53,91.42
TR000258,2024-01-17,PWR,T02,Long,589,85.62,50431.15,-1211.83
TR000259,2024-01-17,CO2,T07,Long,1160,65.33,75782.86,1926.84
TR000260,2024-01-17,GAS,T06,Short,411,31.86,13094.47,-59.84
TR000261,2024-01-17,PWR,T08,Short,1047,85.66,89690.76,1960.93
TR000262,2024-01-17,PWR,T07,Long,367,87.11,31970.6,642.83
TR000263,2024-01-17,GAS,T02,Short,232,31.67,7347.42,87.73
TR000264,2024-01-17,PWR,T02,Short,1693,80.82,136835.96,3106.96
TR000265,2024-01-17,CO2,T03,Short,1037,69.26,71825.32,1054.71
TR000266,2024-01-17,CO2,T02,Long,1397,71.45,99812.38,1342.73
TR000267,2024-01-18,CO2,T08,Short,90,58.64,5277.57,70.95
TR000268,2024-01-18,COAL,T08,Long,1613,110.99,179024.66,2038.03
TR000269,2024-01-18,GAS,T01,Long,284,32.66,9274.54,264.45
TR000270,2024-01-18,PWR,T04,Long,1578,92.92,146621.66,-1905.0
TR000271,2024-01-18,PWR,T08,Long,1103,92.01,101489.52,200.12
TR000272,2024-01-18,GAS,T02,Long,609,29.38,17889.71,-186.01
TR000273,2024-01-18,COAL,T05,Long,1269,109.17,138533.06,-2523.64
TR000274,2024-01-18,PWR,T06,Long,444,92.96,41276.32,-308.5
TR000275,2024-01-18,GAS,T03,Long,606,32.21,19521.04,122.45
TR000276,2024-01-18,COAL,T01,Long,294,106.85,31414.12,-209.04
TR000277,2024-01-18,PWR,T06,Short,250,86.64,21659.05,-293.67
TR000278,2024-01-18,PWR,T08,Long,1238,88.41,109448.14,-3347.41
TR000279,2024-01-18,PWR,T08,Long,1182,91.67,108354.97,-759.73
TR000280,2024-01-18,PWR,T02,Short,1353,77.57,104953.98,-261.75
TR000281,2024-01-18,PWR,T08,Short,1287,79.65,102508.56,-1630.87
TR000282,2024-01-18,GAS,T02,Short,113,29.83,3370.6,-12.18
TR000283,2024-01-18,GAS,T08,Short,1026,31.61,32436.3,-136.29
TR000284,2024-01-18,PWR,T05,Long,913,85.09,77684.94,455.07
TR000285,2024-01-18,COAL,T07,Long,753,118.42,89167.32,-1547.93
TR000286,2024-01-18,GAS,T04,Long,414,32.81,13582.09,303.95
TR000287,2024-01-18,COAL,T02,Short,1086,109.63,119062.95,-1792.31
TR000288,2024-01-18,PWR,T04,Short,175,80.44,14077.0,-85.95
TR000289,2024-01-18,CO2,T04,Long,696,63.08,43904.45,564.14
TR000290,2024-01-18,CO2,T03,Short,1749,69.81,122092.03,-1297.17
TR000291,2024-01-18,COAL,T06,Short,959,112.03,107439.14,2990.84
TR000292,2024-01-18,PWR,T01,Short,424,82.33,34909.95,114.91
TR000293,2024-01-18,CO2,T03,Long,1363,60.87,82970.61,791.9
TR000294,2024-01-18,CO2,T04,Long,1306,59.16,77264.14,-153.58
TR000295,2024-01-18,PWR,T06,Long,593,88.83,52676.26,-671.14
TR000296,2024-01-19,CO2,T01,Short,102,59.08,6025.84,19.63
TR000297,2024-01-19,GAS,T01,Long,1363,32.14,43807.8,-1162.49
TR000298,2024-01-19,GAS,T02,Short,1227,32.18,39485.25,5.51
TR000299,2024-01-19,GAS,T03,Short,1724,30.86,53205.09,-898.3
TR000300,2024-01-19,COAL,T06,Long,247,109.74,27104.56,260.71
TR000301,2024-01-19,CO2,T04,Short,681,71.3,48554.1,967.27
TR000302,2024-01-19,COAL,T02,Short,1525,107.57,164049.19,968.93
TR000303,2024-01-19,GAS,T06,Long,920,32.17,29600.64,-430.69
TR000304,2024-01-19,PWR,T05,Short,790,83.43,65907.55,-323.69
TR000305,2024-01-19,COAL,T05,Long,1822,112.75,205424.35,2329.07
TR000306,2024-01-19,CO2,T01,Long,871,65.72,57241.57,-291.86
TR000307,2024-01-19,CO2,T02,Long,1117,65.34,72984.32,-1097.16
TR000308,2024-01-19,GAS,T03,Short,1853,30.86,57184.4,-1025.32
TR000309,2024-01-19,CO2,T06,Short,833,64.13,53421.06,-1254.2
TR000310,2024-01-19,CO2,T05,Long,1747,67.8,118453.87,1051.54
TR000311,2024-01-19,COAL,T04,Short,1601,105.27,168542.29,3710.1
TR000312,2024-01-19,PWR,T06,Long,1529,89.28,136511.79,1386.21
TR000313,2024-01-19,COAL,T08,Short,520,116.8,60735.52,97.99
TR000314,2024-01-19,CO2,T06,Long,1602,70.91,113604.63,554.56
TR000315,2024-01-19,CO2,T03,Long,1766,60.85,107452.82,397.31
TR000316,2024-01-19,CO2,T02,Long,1511,64.59,97594.72,609.67
TR000317,2024-01-19,COAL,T03,Long,995,105.87,105337.91,-246.21
TR000318,2024-01-19,GAS,T03,Long,259,33.47,8669.4,-80.32
TR000319,2024-01-19,GAS,T08,Short,669,33.64,22508.4,15.11
TR000320,2024-01-22,PWR,T07,Short,745,85.03,63347.25,-2164.89
TR000321,2024-01-22,GAS,T05,Long,935,31.11,29087.14,68.52
TR000322,2024-01-22,GAS,T07,Short,897,30.92,27739.67,-658.77
TR000323,2024-01-22,COAL,T07,Short,1669,116.09,193760.95,641.07
TR000324,2024-01-22,GAS,T07,Short,1328,33.16,44036.48,137.05
TR000325,2024-01-22,CO2,T07,Long,1726,65.13,112419.52,-820.52
TR000326,2024-01-22,CO2,T04,Long,1908,53.89,102829.86,3085.46
TR000327,2024-01-22,PWR,T05,Long,165,92.5,15263.29,-135.6
TR000328,2024-01-22,PWR,T08,Long,1266,80.29,101646.75,1137.56
TR000329,2024-01-22,GAS,T03,Long,148,35.25,5216.38,-122.4
TR000330,2024-01-22,COAL,T07,Long,133,112.83,15006.59,121.32
TR000331,2024-01-22,CO2,T06,Short,1353,55.05,74487.47,-222.29
TR000332,2024-01-22,COAL,T01,Short,328,103.17,33838.71,-162.25
TR000333,2024-01-22,COAL,T02,Short,1898,109.52,207874.3,1722.2
TR000334,2024-01-22,COAL,T01,Long,1982,115.03,227991.04,2806.19
TR000335,2024-01-22,GAS,T02,Short,1452,31.5,45742.41,779.08
TR000336,2024-01-22,CO2,T03,Long,1275,65.54,83566.99,-1013.17
TR000337,2024-01-22,GAS,T05,Short,485,33.21,16106.41,363.14
TR000338,2024-01-22,COAL,T02,Short,1856,105.44,195687.7,531.31
TR000339,2024-01-22,COAL,T04,Short,1413,108.75,153666.33,1059.68
TR000340,2024-01-22,COAL,T02,Long,1012,110.19,111510.09,1118.57
TR000341,2024-01-22,CO2,T05,Short,1874,66.21,124074.94,601.59
TR000342,2024-01-22,PWR,T08,Long,242,99.22,24012.11,694.28
TR000343,2024-01-22,CO2,T02,Short,1449,60.85,88176.21,1338.64
TR000344,2024-01-22,PWR,T04,Long,1913,76.98,147254.39,1506.54
TR000345,2024-01-23,CO2,T04,Short,895,69.97,62622.45,815.76
TR000346,2024-01-23,CO2,T05,Long,608,63.23,38443.65,122.11
TR000347,2024-01-23,PWR,T08,Short,387,83.42,32283.19,255.7
TR000348,2024-01-23,PWR,T03,Short,1547,94.48,146165.54,1344.78
TR000349,2024-01-23,PWR,T07,Long,1709,74.53,127364.23,-244.62
TR000350,2024-01-23,GAS,T04,Short,197,32.04,6312.05,68.46
TR000351,2024-01-23,CO2,T08,Short,122,69.15,8436.28,253.86
TR000352,2024-01-23,CO2,T05,Short,1388,73.63,102192.61,1498.49
TR000353,2024-01-23,CO2,T07,Short,350,65.77,23020.91,172.96
TR000354,2024-01-23,PWR,T07,Short,311,93.94,29214.63,-305.71
TR000355,2024-01-23,PWR,T05,Short,1344,84.42,113454.28,-1405.78
TR000356,2024-01-23,COAL,T06,Long,261,105.1,27431.79,283.8
TR000357,2024-01-23,COAL,T03,Short,1903,106.37,202415.38,5700.35
TR000358,2024-01-23,COAL,T03,Short,919,104.67,96195.72,-298.36
TR000359,2024-01-23,CO2,T05,Short,1442,69.4,100081.45,-3548.7
TR000360,2024-01-24,GAS,T08,Long,791,32.74,25895.05,347.4
TR000361,2024-01-24,CO2,T01,Long,1771,71.08,125876.01,0.8
TR000362,2024-01-24,CO2,T04,Long,1827,63.31,115661.56,2504.59
TR000363,2024-01-24,GAS,T04,Short,670,33.44,22407.49,-114.3
TR000364,2024-01-24,COAL,T06,Long,110,103.8,11418.35,60.53
TR000365,2024-01-24,CO2,T07,Short,897,59.73,53578.21,627.3
TR000366,2024-01-24,PWR,T02,Short,1499,87.48,131131.0,616.7
TR000367,2024-01-24,CO2,T04,Short,702,67.08,47088.17,654.32
TR000368,2024-01-24,CO2,T04,Long,1679,70.93,119092.78,287.7
TR000369,2024-01-24,PWR,T05,Short,1069,80.89,86468.6,1632.32
TR000370,2024-01-24,GAS,T06,Long,167,30.98,5173.26,-69.77
TR000371,2024-01-24,CO2,T04,Short,224,66.72,14944.49,-177.33
TR000372,2024-01-24,PWR,T06,Long,1390,84.97,118110.7,3421.85
TR000373,2024-01-24,CO2,T03,Long,1176,69.49,81721.12,877.63
TR000374,2024-01-24,PWR,T02,Short,465,97.65,45405.02,-652.79
TR000375,2024-01-25,GAS,T08,Short,679,31.71,21530.73,88.78
TR000376,2024-01-25,GAS,T08,Short,591,31.01,18327.58,17.46
TR000377,2024-01-25,GAS,T05,Long,883,31.31,27645.06,87.61
TR000378,2024-01-25,GAS,T08,Short,1905,31.26,59558.08,1062.81
TR000379,2024-01-25,COAL,T01,Long,1487,112.54,167350.66,-510.18
TR000380,2024-01-25,GAS,T05,Short,363,29.69,10777.29,-294.16
TR000381,2024-01-25,PWR,T08,Long,620,89.33,55385.93,-762.67
TR000382,2024-01-25,PWR,T03,Short,1649,88.55,146024.58,-3157.89
TR000383,2024-01-25,GAS,T03,Short,1593,30.72,48941.25,-685.1
TR000384,2024-01-25,PWR,T01,Long,1409,91.01,128231.0,1655.06
TR000385,2024-01-25,GAS,T01,Long,1879,31.23,58680.35,752.16
TR000386,2024-01-25,COAL,T07,Long,1695,109.66,185876.57,3597.76
TR000387,2024-01-25,CO2,T01,Short,1413,66.6,94112.26,39.32
TR000388,2024-01-25,CO2,T06,Short,1193,66.6,79458.14,1865.04
TR000389,2024-01-25,CO2,T02,Short,1987,72.64,144330.27,1565.51
TR000390,2024-01-25,COAL,T02,Long,507,113.24,57411.1,527.44
TR000391,2024-01-25,COAL,T04,Short,557,109.48,60982.79,33.74
TR000392,2024-01-25,COAL,T05,Short,564,109.43,61718.35,-4.46
TR000393,2024-01-25,PWR,T07,Long,123,83.09,10219.99,239.67
TR000394,2024-01-25,PWR,T05,Long,1994,89.07,177601.81,2358.28
TR000395,2024-01-25,CO2,T01,Short,620,63.21,39192.91,-90.21
TR000396,2024-01-25,PWR,T04,Long,455,77.06,35063.95,-204.68
TR000397,2024-01-25,COAL,T08,Short,581,102.35,59463.52,1828.81
TR000398,2024-01-26,CO2,T03,Short,1511,66.98,101212.85,-1580.3
TR000399,2024-01-26,CO2,T07,Short,389,65.89,25631.54,40.92
TR000400,2024-01-26,CO2,T01,Short,137,67.71,9275.61,111.91
TR000401,2024-01-26,PWR,T06,Short,1280,95.2,121852.98,-2572.67
TR000402,2024-01-26,GAS,T02,Long,1144,31.93,36532.27,-409.11
TR000403,2024-01-26,GAS,T05,Long,1881,32.76,61626.32,18.99
TR000404,2024-01-26,CO2,T06,Long,1086,59.73,64868.51,-1264.83
TR000405,2024-01-26,PWR,T03,Long,1263,90.46,114249.14,2571.58
TR000406,2024-01-26,GAS,T07,Long,1040,32.13,33411.25,-417.5
TR000407,2024-01-26,COAL,T04,Short,985,117.51,115744.32,-1413.5
TR000408,2024-01-26,GAS,T03,Long,1155,30.43,35147.6,-263.28
TR000409,2024-01-26,PWR,T02,Short,1512,83.58,126370.68,-1998.74
TR000410,2024-01-26,COAL,T02,Long,237,117.1,27752.06,30.92
TR000411,2024-01-26,COAL,T08,Long,1716,111.17,190769.57,-628.83
TR000412,2024-01-26,GAS,T07,Long,748,31.43,23511.41,421.49
TR000413,2024-01-26,COAL,T02,Long,1669,110.79,184902.16,-4627.47
TR000414,2024-01-26,GAS,T03,Long,981,30.22,29649.27,-270.38
TR000415,2024-01-29,PWR,T04,Short,1184,89.57,106052.87,-288.9
TR000416,2024-01-29,COAL,T06,Short,1359,110.6,150300.92,-3633.8
TR000417,2024-01-29,CO2,T07,Short,192,60.53,11621.64,-113.92
TR000418,2024-01-29,GAS,T06,Short,1074,34.12,36647.72,120.2
TR000419,2024-01-29,COAL,T03,Short,1263,104.27,131695.53,-1482.72
TR000420,2024-01-29,COAL,T07,Short,555,105.7,58663.57,-533.15
TR000421,2024-01-29,PWR,T04,Long,1306,85.88,112159.51,2180.17
TR000422,2024-01-29,COAL,T07,Short,322,109.82,35361.95,-113.89
TR000423,2024-01-29,CO2,T01,Long,1342,64.3,86287.48,840.16
TR000424,2024-01-29,CO2,T07,Long,1769,62.53,110616.2,-725.52
TR000425,2024-01-29,PWR,T06,Long,416,82.35,34258.05,-221.27
TR000426,2024-01-29,CO2,T04,Short,1284,60.16,77241.46,-989.24
TR000427,2024-01-29,PWR,T05,Long,1760,82.86,145838.58,1258.6
TR000428,2024-01-29,COAL,T01,Short,719,107.01,76943.73,702.41
TR000429,2024-01-29,PWR,T03,Long,1838,78.98,145156.44,-83.05
TR000430,2024-01-29,GAS,T03,Long,1185,33.68,39910.63,63.31
TR000431,2024-01-29,COAL,T01,Long,1625,117.79,191408.41,631.03
TR000432,2024-01-29,PWR,T06,Long,105,78.36,8228.13,297.65
TR000433,2024-01-29,GAS,T07,Long,1852,33.64,62305.87,1415.7
TR000434,2024-01-29,CO2,T01,Long,1568,65.02,101955.59,689.2
TR000435,2024-01-29,COAL,T05,Short,810,110.4,89422.92,-264.28
TR000436,2024-01-29,GAS,T07,Long,1726,32.4,55929.24,-529.53
TR000437,2024-01-29,PWR,T07,Long,1582,86.68,137134.01,-2223.91
TR000438,2024-01-29,PWR,T06,Short,75,84.41,6330.82,72.06
TR000439,2024-01-29,GAS,T01,Long,1535,33.11,50819.99,-161.06
TR000440,2024-01-29,CO2,T02,Long,1748,60.51,105765.31,1071.98
TR000441,2024-01-29,CO2,T06,Long,1214,64.15,77883.76,-915.63
TR000442,2024-01-29,CO2,T01,Short,286,60.6,17331.76,75.98
TR000443,2024-01-29,COAL,T04,Long,1386,111.17,154084.46,1601.07
TR000444,2024-01-30,GAS,T08,Short,222,33.48,7432.7,-61.66
TR000445,2024-01-30,GAS,T07,Long,1856,27.92,51823.99,15.93
TR000446,2024-01-30,CO2,T07,Short,1974,71.17,140489.13,1458.6
TR000447,2024-01-30,CO2,T05,Long,1051,62.04,65202.13,2134.41
TR000448,2024-01-30,CO2,T08,Long,1120,60.25,67476.36,579.34
TR000449,2024-01-30,COAL,T05,Long,1567,112.88,176883.36,2300.34
TR000450,2024-01-30,COAL,T06,Long,1649,108.81,179428.18,-1365.28
TR000451,2024-01-30,PWR,T07,Short,1931,83.09,160455.19,196.21
TR000452,2024-01-30,PWR,T07,Long,876,85.54,74935.59,497.95
TR000453,2024-01-30,COAL,T03,Long,514,108.43,55735.34,-474.02
TR000454,2024-01-30,PWR,T03,Long,1736,76.47,132744.82,1707.09
TR000455,2024-01-30,GAS,T02,Long,1509,30.69,46318.45,-1133.37
TR000456,2024-01-30,GAS,T06,Short,273,30.69,8377.15,218.24
TR000457,2024-01-30,PWR,T01,Long,270,88.5,23896.12,-407.84
TR000458,2024-01-30,CO2,T02,Short,1408,68.65,96664.11,-493.72
TR000459,2024-01-30,PWR,T07,Long,1909,80.18,153059.9,161.28
TR000460,2024-01-30,GAS,T06,Short,1262,33.66,42480.91,-1165.86
TR000461,2024-01-30,COAL,T01,Short,193,113.11,21830.68,616.66
TR000462,2024-01-30,COAL,T02,Short,667,106.52,71048.06,721.49
TR000463,2024-01-30,GAS,T01,Short,1810,33.34,60345.62,50.19
TR000464,2024-01-30,PWR,T03,Long,385,81.27,31288.27,160.67
TR000465,2024-01-30,GAS,T03,Long,1761,34.13,60095.64,431.07
TR000466,2024-01-30,CO2,T06,Long,1267,69.84,88488.37,676.32
TR000467,2024-01-30,CO2,T06,Long,1801,70.03,126130.54,316.22
TR000468,2024-01-30,CO2,T05,Short,990,59.08,58489.83,-766.96
TR000469,2024-01-30,GAS,T02,Long,1535,34.11,52363.19,1128.17
TR000470,2024-01-30,GAS,T07,Short,1629,30.94,50402.72,285.79
TR000471,2024-01-30,GAS,T08,Long,255,30.22,7705.91,106.64
TR000472,2024-01-31,PWR,T06,Long,1584,86.05,136308.6,1889.92
TR000473,2024-01-31,GAS,T06,Long,1928,31.87,61436.66,-570.51
TR000474,2024-01-31,COAL,T01,Long,1184,108.07,127960.44,1947.52
TR000475,2024-01-31,GAS,T02,Long,1548,30.89,47820.2,234.29
TR000476,2024-01-31,CO2,T08,Short,702,68.21,47880.34,-1033.82
TR000477,2024-01-31,PWR,T03,Long,1883,83.49,157208.28,-566.31
TR000478,2024-01-31,COAL,T06,Short,484,114.33,55337.02,-386.26
TR000479,2024-01-31,COAL,T04,Long,1521,110.29,167751.82,-1482.77
TR000480,2024-01-31,CO2,T05,Long,425,61.0,25923.22,52.74
TR000481,2024-01-31,COAL,T06,Long,1494,112.13,167521.58,-427.75
TR000482,2024-01-31,CO2,T04,Short,1148,70.07,80443.2,1417.62
TR000483,2024-01-31,COAL,T05,Short,796,107.71,85736.66,-1340.53
TR000484,2024-01-31,GAS,T04,Long,1012,32.3,32685.82,-354.02
TR000485,2024-01-31,GAS,T06,Short,1319,34.62,45669.71,-1014.91
TR000486,2024-01-31,GAS,T04,Long,430,36.05,15503.6,-126.11
TR000487,2024-02-01,CO2,T07,Long,779,62.03,48323.3,490.32
TR000488,2024-02-01,COAL,T04,Short,1708,111.04,189659.87,-3956.49
TR000489,2024-02-01,CO2,T03,Short,1104,69.45,76674.86,-192.67
TR000490,2024-02-01,PWR,T05,Short,317,91.6,29037.4,284.21
TR000491,2024-02-01,GAS,T06,Short,656,32.98,21634.66,821.76
TR000492,2024-02-01,GAS,T04,Short,320,31.27,10007.46,60.51
TR000493,2024-02-01,COAL,T08,Long,1259,116.72,146948.96,-575.41
TR000494,2024-02-01,COAL,T01,Long,71,114.83,8152.94,-68.4
TR000495,2024-02-01,COAL,T07,Long,1485,110.52,164114.87,1419.91
TR000496,2024-02-01,COAL,T04,Long,1126,112.29,126434.48,1068.61
TR000497,2024-02-01,GAS,T06,Short,1024,31.52,32271.98,265.36
TR000498,2024-02-01,CO2,T01,Long,224,62.08,13905.29,-129.67
TR000499,2024-02-01,PWR,T06,Long,376,82.16,30891.46,-149.37
TR000500,2024-02-01,GAS,T03,Short,61,31.61,1928.32,6.32
TR000501,2024-02-01,CO2,T08,Short,707,69.12,48870.3,1543.55
TR000502,2024-02-01,COAL,T02,Long,530,108.88,57705.98,-55.56
TR000503,2024-02-01,PWR,T06,Short,899,86.16,77453.67,613.13
TR000504,2024-02-01,COAL,T06,Long,1048,114.23,119714.27,762.74
TR000505,2024-02-01,GAS,T02,Long,1736,32.81,56951.37,-52.11
TR000506,2024-02-01,COAL,T08,Long,302,112.03,33833.57,241.28
TR000507,2024-02-01,PWR,T05,Long,711,92.28,65610.41,1939.04
TR000508,2024-02-01,CO2,T01,Short,988,70.65,69797.84,1223.63
TR000509,2024-02-01,CO2,T07,Short,1932,60.99,117840.76,-1012.52
TR000510,2024-02-01,GAS,T01,Short,698,29.82,20814.04,-135.42
TR000511,2024-02-01,PWR,T06,Short,1677,88.92,149113.5,584.59
TR000512,2024-02-02,GAS,T04,Short,1148,31.84,36548.46,108.67
TR000513,2024-02-02,CO2,T04,Long,393,61.85,24307.65,502.54
TR000514,2024-02-02,GAS,T03,Short,270,29.7,8017.98,-98.4
TR000515,2024-02-02,COAL,T07,Long,921,108.8,100206.18,-606.3
TR000516,2024-02-02,GAS,T08,Long,336,31.72,10658.9,63.86
TR000517,2024-02-02,GAS,T06,Short,1241,29.88,37080.31,-823.24
TR000518,2024-02-02,PWR,T08,Short,672,91.83,61712.87,-520.58
TR000519,2024-02-02,PWR,T06,Long,1190,87.38,103978.88,-354.79
TR000520,2024-02-02,PWR,T03,Short,122,89.6,10930.96,39.93
TR000521,2024-02-02,GAS,T03,Long,1256,31.64,39735.62,-538.43
TR000522,2024-02-02,GAS,T08,Short,1660,30.79,51116.03,287.5
TR000523,2024-02-02,CO2,T01,Short,265,67.65,17926.22,170.56
TR000524,2024-02-02,COAL,T05,Long,1217,104.35,126991.0,-2203.89
TR000525,2024-02-02,CO2,T05,Short,1228,68.37,83962.3,542.97
TR000526,2024-02-02,CO2,T04,Long,1611,73.98,119182.85,15.78
TR000527,2024-02-02,GAS,T05,Short,615,31.04,19090.97,31.28
TR000528,2024-02-02,GAS,T02,Short,1385,33.9,46953.23,-614.37
TR000529,2024-02-02,COAL,T02,Long,739,112.46,83104.25,1219.6
TR000530,2024-02-02,PWR,T05,Long,1519,88.58,134559.34,1694.37
TR000531,2024-02-02,GAS,T06,Long,1408,33.75,47524.62,-158.77
TR000532,2024-02-02,COAL,T06,Short,401,114.27,45820.76,501.51
TR000533,2024-02-02,CO2,T07,Long,1422,66.06,93932.34,-2358.9
TR000534,2024-02-02,GAS,T06,Short,1430,31.39,44883.69,1623.97
TR000535,2024-02-05,GAS,T03,Long,897,31.06,27857.16,168.48
TR000536,2024-02-05,GAS,T06,Long,1786,34.06,60832.29,-1774.84
TR000537,2024-02-05,PWR,T07,Long,300,88.72,26617.36,280.56
TR000538,2024-02-05,GAS,T03,Short,210,32.55,6834.64,22.88
TR000539,2024-02-05,PWR,T01,Short,1513,90.17,136430.17,2916.53
TR000540,2024-02-05,PWR,T04,Short,1871,89.66,167753.04,-2821.06
TR000541,2024-02-05,GAS,T01,Short,1890,32.87,62118.62,-229.23
TR000542,2024-02-05,COAL,T07,Short,1031,105.05,108303.37,-259.51
TR000543,2024-02-05,COAL,T01,Long,603,112.78,68003.93,810.37
TR000544,2024-02-05,COAL,T03,Short,1351,112.19,151567.21,1251.68
TR000545,2024-02-05,COAL,T06,Long,1601,117.12,187510.59,-474.56
TR000546,2024-02-05,PWR,T05,Long,1400,84.34,118081.98,375.67
TR000547,2024-02-05,GAS,T01,Short,1911,32.4,61922.75,1828.43
TR000548,2024-02-05,PWR,T03,Short,1352,77.61,104930.44,2822.27
TR000549,2024-02-05,PWR,T06,Short,1292,90.23,116574.08,-788.17
TR000550,2024-02-05,PWR,T05,Short,1227,93.4,114597.45,972.09
TR000551,2024-02-05,COAL,T06,Short,336,113.2,38034.74,-309.39
TR000552,2024-02-05,COAL,T03,Short,719,114.86,82585.74,-517.85
TR000553,2024-02-05,GAS,T05,Short,105,33.85,3554.63,73.14
TR000554,2024-02-05,CO2,T08,Long,1365,63.3,86409.71,639.85
TR000555,2024-02-05,PWR,T06,Long,1190,80.21,95453.9,1939.3
TR000556,2024-02-05,PWR,T02,Short,1391,85.31,118661.88,383.77
TR000557,2024-02-06,PWR,T07,Long,635,74.76,47474.91,-318.56
TR000558,2024-02-06,GAS,T07,Short,1449,32.36,46891.22,123.41
TR000559,2024-02-06,COAL,T02,Short,778,111.55,86789.58,-228.52
TR000560,2024-02-06,GAS,T08,Short,637,32.58,20753.28,-264.48
TR000561,2024-02-06,COAL,T04,Long,961,115.88,111358.83,1186.89
TR000562,2024-02-06,GAS,T05,Long,536,34.42,18451.05,-501.59
TR000563,2024-02-06,CO2,T06,Long,350,69.3,24253.93,-307.4
TR000564,2024-02-06,COAL,T01,Long,779,107.93,84076.32,1181.26
TR000565,2024-02-06,PWR,T03,Short,795,81.51,64804.09,97.51
TR000566,2024-02-06,COAL,T06,Short,1395,116.37,162341.9,-1603.27
TR000567,2024-02-06,GAS,T05,Long,1091,30.32,33078.36,-5.63
TR000568,2024-02-06,COAL,T01,Short,1228,108.73,133517.5,-1829.47
TR000569,2024-02-06,PWR,T01,Long,1766,88.66,156569.4,1728.71
TR000570,2024-02-06,COAL,T08,Short,1913,112.86,215892.36,6077.54
TR000571,2024-02-06,PWR,T01,Short,571,85.79,48988.29,658.43
TR000572,2024-02-06,PWR,T05,Short,1158,88.71,102724.45,1322.61
TR000573,2024-02-06,CO2,T06,Long,356,60.39,21498.65,122.4
TR000574,2024-02-06,PWR,T03,Short,518,87.9,45532.58,452.19
TR000575,2024-02-07,CO2,T01,Long,1379,67.1,92530.55,-2362.48
TR000576,2024-02-07,CO2,T05,Short,605,65.25,39478.67,323.4
TR000577,2024-02-07,GAS,T07,Long,1990,34.18,68027.29,-1223.86
TR000578,2024-02-07,PWR,T05,Long,332,82.38,27350.75,259.83
TR000579,2024-02-07,PWR,T05,Long,1286,84.89,109163.53,-948.29
TR000580,2024-02-07,COAL,T08,Long,1839,115.48,212366.33,-4110.41
TR000581,2024-02-07,PWR,T08,Short,1234,86.51,106751.37,-1698.3
TR000582,2024-02-07,CO2,T05,Long,1383,71.69,99149.77,-168.18
TR000583,2024-02-07,CO2,T03,Long,1255,60.55,75990.54,198.76
TR000584,2024-02-07,PWR,T01,Long,643,86.84,55835.34,334.72
TR000585,2024-02-07,GAS,T01,Short,832,33.56,27921.13,-264.26
TR000586,2024-02-07,PWR,T08,Short,688,79.3,54558.96,517.94
TR000587,2024-02-07,CO2,T07,Short,470,67.57,31756.13,630.72
TR000588,2024-02-07,PWR,T06,Long,923,87.81,81047.22,531.55
TR000589,2024-02-07,CO2,T03,Long,148,70.63,10453.33,234.84
TR000590,2024-02-07,GAS,T01,Long,1254,32.13,40285.78,-539.54
TR000591,2024-02-07,CO2,T07,Long,1668,64.85,108177.37,117.28
TR000592,2024-02-07,GAS,T05,Short,1012,34.23,34642.66,256.26
TR000593,2024-02-07,PWR,T04,Long,1328,83.55,110952.31,4278.99
TR000594,2024-02-07,COAL,T05,Long,1858,116.14,215796.46,-3766.06
TR000595,2024-02-07,COAL,T01,Long,1223,117.04,143139.94,2147.15
TR000596,2024-02-07,COAL,T05,Long,1241,109.93,136424.6,-794.49
TR000597,2024-02-08,GAS,T05,Long,1537,31.69,48706.45,1265.32
TR000598,2024-02-08,CO2,T08,Short,1771,67.82,120105.82,-683.19
TR000599,2024-02-08,PWR,T02,Short,463,92.39,42778.7,62.88
TR000600,2024-02-08,GAS,T02,Long,1779,32.08,57067.93,-574.51
TR000601,2024-02-08,GAS,T04,Short,1517,35.17,53345.9,274.37
TR000602,2024-02-08,PWR,T06,Short,1218,84.68,103145.01,-111.19
TR000603,2024-02-08,PWR,T03,Long,1877,84.4,158421.27,2225.43
TR000604,2024-02-08,GAS,T04,Short,1897,33.42,63398.03,-173.58
TR000605,2024-02-08,CO2,T03,Long,1130,57.55,65028.01,-309.49
TR000606,2024-02-08,CO2,T04,Long,104,67.31,6999.91,-299.73
TR000607,2024-02-08,CO2,T07,Long,1090,65.56,71457.58,598.46
TR000608,2024-02-08,GAS,T02,Long,473,33.07,15640.83,-72.24
TR000609,2024-02-08,GAS,T02,Long,1910,31.58,60327.33,-269.9
TR000610,2024-02-08,PWR,T07,Short,468,85.0,39779.2,106.01
TR000611,2024-02-08,COAL,T02,Long,1900,103.58,196802.83,95.44
TR000612,2024-02-08,COAL,T05,Long,477,111.21,53047.05,-868.61
TR000613,2024-02-08,COAL,T03,Long,543,114.33,62081.53,-267.07
TR000614,2024-02-08,COAL,T01,Long,243,113.24,27516.23,-135.43
TR000615,2024-02-08,GAS,T01,Long,1208,31.96,38609.09,140.74
TR000616,2024-02-08,CO2,T01,Long,635,65.11,41347.59,225.74
TR000617,2024-02-08,CO2,T05,Long,1747,65.07,113677.02,-4081.6
TR000618,2024-02-08,GAS,T01,Long,1489,31.87,47453.0,902.3
TR000619,2024-02-08,GAS,T05,Long,1907,31.28,59651.84,-728.77
TR000620,2024-02-08,COAL,T05,Short,585,108.06,63216.47,1176.16
TR000621,2024-02-08,CO2,T06,Long,1129,61.92,69906.95,1425.98
TR000622,2024-02-09,PWR,T08,Short,1922,81.98,157568.63,1560.0
TR000623,2024-02-09,PWR,T06,Short,488,80.72,39393.01,-612.35
TR000624,2024-02-09,CO2,T08,Long,1341,68.05,91251.45,-1579.14
TR000625,2024-02-09,GAS,T07,Long,888,33.71,29936.32,-810.03
TR000626,2024-02-09,GAS,T06,Long,1143,29.61,33846.53,-228.85
TR000627,2024-02-09,CO2,T03,Short,1164,66.97,77948.92,-837.02
TR000628,2024-02-09,GAS,T08,Long,1362,34.84,47451.22,-1.94
TR000629,2024-02-09,COAL,T03,Long,731,111.96,81841.99,-2219.99
TR000630,2024-02-09,CO2,T06,Short,1910,60.66,115859.82,-1511.19
TR000631,2024-02-09,PWR,T01,Long,1592,77.5,123387.46,1034.43
TR000632,2024-02-09,PWR,T07,Short,1220,88.22,107630.82,4917.54
TR000633,2024-02-09,PWR,T04,Long,1596,88.26,140859.26,2781.72
TR000634,2024-02-09,GAS,T06,Long,1778,33.14,58920.25,947.38
TR000635,2024-02-09,COAL,T05,Long,259,109.93,28472.83,-164.41
TR000636,2024-02-09,PWR,T06,Long,134,81.14,10872.86,-249.5
TR000637,2024-02-09,GAS,T04,Long,1303,34.12,44455.43,843.84
TR000638,2024-02-09,GAS,T07,Short,912,33.93,30942.43,-122.8
TR000639,2024-02-09,CO2,T01,Short,407,76.22,31020.53,-18.47
TR000640,2024-02-09,COAL,T07,Long,837,112.58,94225.67,961.43
TR000641,2024-02-09,GAS,T08,Long,551,34.09,18784.93,226.76
TR000642,2024-02-09,CO2,T03,Short,208,61.54,12799.71,-12.36
TR000643,2024-02-09,PWR,T05,Short,1037,75.41,78196.64,473.25
TR000644,2024-02-12,PWR,T08,Short,1958,87.76,171842.82,2074.38
TR000645,2024-02-12,COAL,T06,Short,614,103.94,63818.16,-901.75
TR000646,2024-02-12,GAS,T03,Long,626,31.71,19851.49,225.28
TR000647,2024-02-12,COAL,T06,Long,1289,113.02,145679.75,1508.37
TR000648,2024-02-12,CO2,T06,Short,65,65.44,4253.28,-103.49
TR000649,2024-02-12,COAL,T05,Long,1910,113.91,217570.16,-46.08
TR000650,2024-02-12,GAS,T08,Long,1789,32.18,57563.36,1081.36
TR000651,2024-02-12,GAS,T07,Long,725,32.34,23449.71,172.03
TR000652,2024-02-12,PWR,T02,Long,1398,100.1,139938.14,5613.14
TR000653,2024-02-12,GAS,T07,Long,1754,31.67,55550.73,895.2
TR000654,2024-02-12,GAS,T03,Short,1316,33.07,43519.52,1810.99
TR000655,2024-02-12,GAS,T08,Long,1587,30.74,48791.34,581.33
TR000656,2024-02-12,COAL,T06,Short,81,106.91,8659.99,-21.03
TR000657,2024-02-12,PWR,T03,Long,746,84.64,63141.39,-225.16
TR000658,2024-02-12,GAS,T05,Short,1245,31.82,39617.64,1098.58
TR000659,2024-02-12,COAL,T01,Long,1003,110.81,111143.75,-939.26
TR000660,2024-02-12,GAS,T06,Long,569,30.71,17475.25,198.08
TR000661,2024-02-12,CO2,T04,Long,163,66.05,10765.37,279.15
TR000662,2024-02-12,COAL,T06,Long,1764,112.3,198097.73,-7855.12
TR000663,2024-02-12,CO2,T08,Short,96,70.34,6753.09,-88.82
TR000664,2024-02-12,GAS,T01,Long,1840,32.42,59653.43,1477.72
TR000665,2024-02-13,COAL,T07,Short,859,112.1,96294.11,-1892.46
TR000666,2024-02-13,CO2,T07,Long,1699,64.08,108878.47,799.04
TR000667,2024-02-13,PWR,T07,Short,377,94.25,35534.02,273.1
TR000668,2024-02-13,COAL,T01,Long,1874,113.73,213126.05,2706.93
TR000669,2024-02-13,COAL,T03,Short,1355,114.77,155513.94,-992.15
TR000670,2024-02-13,COAL,T02,Long,1867,109.29,204045.58,398.7
TR000671,2024-02-13,COAL,T03,Long,1858,113.58,211022.83,4643.0
TR000672,2024-02-13,PWR,T01,Long,504,78.85,39741.01,74.24
TR000673,2024-02-13,PWR,T07,Short,970,85.15,82596.72,799.65
TR000674,2024-02-13,COAL,T01,Short,753,108.91,82011.6,-1184.88
TR000675,2024-02-13,COAL,T08,Short,1014,113.69,115279.85,1664.61
TR000676,2024-02-13,CO2,T03,Long,1097,65.16,71483.53,-375.14
TR000677,2024-02-13,CO2,T04,Long,348,59.8,20810.38,-150.74
TR000678,2024-02-13,PWR,T04,Short,555,87.22,48408.49,40.77
TR000679,2024-02-13,PWR,T07,Long,810,93.3,75570.21,-709.13
TR000680,2024-02-13,COAL,T08,Short,775,108.02,83716.22,-744.07
TR000681,2024-02-13,PWR,T02,Short,472,87.76,41424.58,62.69
TR000682,2024-02-13,PWR,T06,Long,1131,86.18,97467.44,-810.29
TR000683,2024-02-13,PWR,T03,Long,503,95.18,47874.1,13.89
TR000684,2024-02-13,COAL,T04,Long,1364,107.45,146563.12,428.27
TR000685,2024-02-13,PWR,T04,Long,118,89.2,10525.75,27.39
TR000686,2024-02-14,PWR,T01,Short,600,92.2,55317.64,212.65
TR000687,2024-02-14,CO2,T03,Short,556,66.42,36928.24,449.77
TR000688,2024-02-14,COAL,T03,Long,502,105.26,52841.47,-1450.15
TR000689,2024-02-14,CO2,T04,Short,1862,62.44,116262.33,-259.12
TR000690,2024-02-14,PWR,T08,Long,515,81.81,42130.33,700.37
TR000691,2024-02-14,GAS,T03,Short,1044,30.13,31453.48,-197.52
TR000692,2024-02-14,GAS,T06,Long,1838,31.08,57127.62,-446.1
TR000693,2024-02-14,PWR,T01,Long,277,91.78,25422.02,-461.56
TR000694,2024-02-14,CO2,T07,Short,1042,71.01,73988.76,465.5
TR000695,2024-02-14,PWR,T03,Short,816,79.52,64885.71,-545.74
TR000696,2024-02-14,CO2,T08,Long,545,62.14,33867.32,-7.16
TR000697,2024-02-14,COAL,T08,Long,557,114.1,63552.08,-1001.54
TR000698,2024-02-14,CO2,T05,Short,149,67.73,10092.16,-93.82
TR000699,2024-02-14,COAL,T02,Short,1203,107.25,129017.84,-146.49
TR000700,2024-02-14,CO2,T08,Short,1721,66.93,115191.56,39.43
TR000701,2024-02-14,PWR,T01,Short,1776,88.69,157513.23,-351.75
TR000702,2024-02-14,COAL,T02,Short,1284,113.89,146232.39,-2081.21
TR000703,2024-02-14,PWR,T05,Long,570,84.98,48436.13,-1223.98
TR000704,2024-02-14,COAL,T07,Short,116,122.62,14224.43,-290.2
TR000705,2024-02-14,CO2,T04,Long,420,67.72,28441.61,261.89
TR000706,2024-02-15,GAS,T07,Short,370,31.14,11522.07,-82.16
TR000707,2024-02-15,CO2,T02,Short,724,66.34,48028.16,-458.17
TR000708,2024-02-15,GAS,T01,Short,1548,32.06,49628.29,719.66
TR000709,2024-02-15,PWR,T03,Long,1263,78.27,98856.7,-2572.25
TR000710,2024-02-15,COAL,T01,Long,717,115.73,82974.84,-2316.29
TR000711,2024-02-15,CO2,T01,Short,1544,61.5,94952.7,2614.35
TR000712,2024-02-15,PWR,T04,Long,865,89.04,77023.78,1633.89
TR000713,2024-02-15,PWR,T02,Long,1147,79.47,91157.32,-1649.6
TR000714,2024-02-15,COAL,T01,Long,1871,109.0,203930.43,-842.41
TR000715,2024-02-15,PWR,T08,Short,1294,83.67,108270.97,964.88
TR000716,2024-02-15,GAS,T04,Long,1079,34.6,37331.4,894.19
TR000717,2024-02-15,CO2,T04,Long,943,69.58,65613.23,195.0
TR000718,2024-02-15,GAS,T05,Short,991,34.0,33695.6,611.92
TR000719,2024-02-15,GAS,T04,Long,397,32.71,12986.09,553.98
TR000720,2024-02-15,CO2,T05,Short,1874,61.88,115960.53,-1982.3
TR000721,2024-02-15,PWR,T04,Long,114,86.63,9875.67,354.36
TR000722,2024-02-15,COAL,T07,Short,226,107.85,24373.38,17.9
TR000723,2024-02-15,GAS,T01,Short,949,31.8,30177.35,205.24
TR000724,2024-02-15,CO2,T06,Long,1720,67.36,115865.36,801.67
TR000725,2024-02-15,COAL,T06,Short,616,108.25,66682.27,-21.87
TR000726,2024-02-15,GAS,T04,Short,713,31.72,22617.54,-64.19
TR000727,2024-02-15,GAS,T06,Short,1349,32.47,43804.02,829.24
TR000728,2024-02-15,PWR,T02,Long,289,89.92,25987.96,209.89
TR000729,2024-02-15,GAS,T02,Short,1553,32.93,51134.25,-400.26
TR000730,2024-02-15,PWR,T06,Long,801,85.36,68373.46,-1847.62
TR000731,2024-02-16,GAS,T06,Long,215,31.96,6871.33,76.33
TR000732,2024-02-16,PWR,T06,Long,737,83.15,61279.42,-688.15
TR000733,2024-02-16,PWR,T01,Long,259,78.24,20265.45,-66.78
TR000734,2024-02-16,PWR,T05,Short,1574,85.08,133916.36,3361.54
TR000735,2024-02-16,COAL,T08,Short,1593,114.54,182464.02,-2745.28
TR000736,2024-02-16,COAL,T01,Short,1127,107.55,121206.17,48.37
TR000737,2024-02-16,GAS,T08,Short,1117,32.28,36060.32,187.11
TR000738,2024-02-16,GAS,T05,Short,364,31.28,11386.68,-11.63
TR000739,2024-02-16,COAL,T05,Long,1817,110.59,200939.67,2428.14
TR000740,2024-02-16,CO2,T04,Short,993,67.98,67499.82,12.57
TR000741,2024-02-16,CO2,T07,Long,838,63.17,52934.58,-1097.46
TR000742,2024-02-16,CO2,T03,Long,60,65.26,3915.79,-48.72
TR000743,2024-02-16,COAL,T02,Short,393,112.9,44368.78,146.31
TR000744,2024-02-16,CO2,T06,Long,1386,62.37,86445.8,873.92
TR000745,2024-02-16,COAL,T06,Short,1709,111.46,190484.12,-1279.66
TR000746,2024-02-16,GAS,T03,Long,375,32.27,12100.91,-38.37
TR000747,2024-02-16,COAL,T06,Long,847,102.8,87073.97,910.04
TR000748,2024-02-16,PWR,T06,Long,1406,73.64,103542.31,-1047.26
TR000749,2024-02-16,PWR,T08,Long,706,89.31,63051.49,-337.99
TR000750,2024-02-16,PWR,T01,Short,650,87.47,56853.27,687.03
TR000751,2024-02-16,COAL,T03,Long,1413,112.28,158654.2,539.04
TR000752,2024-02-16,CO2,T05,Long,1735,65.48,113608.65,1838.19
TR000753,2024-02-16,COAL,T06,Short,800,103.15,82518.06,530.58
TR000754,2024-02-16,PWR,T02,Short,106,91.58,9707.56,-354.9
TR000755,2024-02-16,CO2,T08,Short,204,62.99,12850.0,-112.97
TR000756,2024-02-16,PWR,T03,Long,100,75.91,7590.91,207.29
TR000757,2024-02-19,PWR,T04,Short,317,83.24,26388.03,72.57
TR000758,2024-02-19,COAL,T02,Long,1737,119.25,207139.1,1216.86
TR000759,2024-02-19,COAL,T06,Short,247,112.52,27793.17,573.49
TR000760,2024-02-19,COAL,T01,Long,120,113.73,13648.17,86.78
TR000761,2024-02-19,GAS,T07,Long,425,33.16,14092.37,353.45
TR000762,2024-02-19,GAS,T01,Long,1359,31.48,42779.53,296.75
TR000763,2024-02-19,CO2,T02,Short,713,66.9,47698.27,-692.65
TR000764,2024-02-19,GAS,T02,Long,898,32.51,29194.28,-164.47
TR000765,2024-02-19,COAL,T07,Short,603,109.04,65750.24,-1292.74
TR000766,2024-02-19,CO2,T06,Short,425,59.57,25316.17,346.68
TR000767,2024-02-19,CO2,T04,Long,405,65.8,26649.14,303.33
TR000768,2024-02-19,PWR,T03,Long,513,79.3,40679.75,494.56
TR000769,2024-02-19,PWR,T06,Long,1006,83.9,84401.11,-831.05
TR000770,2024-02-19,GAS,T05,Short,86,30.74,2643.8,10.91
TR000771,2024-02-19,PWR,T01,Short,1710,92.13,157534.25,-496.95
TR000772,2024-02-19,GAS,T02,Long,1288,32.56,41942.46,-638.55
TR000773,2024-02-19,COAL,T05,Long,631,107.43,67790.79,-506.36
TR000774,2024-02-19,GAS,T04,Short,1670,31.1,51941.94,779.43
TR000775,2024-02-19,GAS,T01,Long,818,30.87,25250.99,97.4
TR000776,2024-02-19,PWR,T03,Long,366,86.52,31664.68,552.04
TR000777,2024-02-20,PWR,T02,Long,1442,81.65,117744.59,-516.84
TR000778,2024-02-20,GAS,T07,Short,571,33.49,19121.15,-230.67
TR000779,2024-02-20,PWR,T04,Short,1127,83.29,93864.61,710.63
TR000780,2024-02-20,COAL,T08,Long,1179,108.42,127831.35,1033.17
TR000781,2024-02-20,PWR,T01,Short,1239,77.66,96214.63,2304.69
TR000782,2024-02-20,PWR,T08,Long,494,77.36,38213.91,-1248.43
TR000783,2024-02-20,CO2,T08,Short,1487,65.58,97516.95,1436.5
TR000784,2024-02-20,COAL,T05,Long,1120,107.71,120637.23,-1132.4
TR000785,2024-02-20,GAS,T08,Short,531,31.17,16553.28,-304.95
TR000786,2024-02-20,PWR,T05,Short,992,92.59,91849.97,-160.59
TR000787,2024-02-20,GAS,T08,Long,69,27.69,1910.59,41.78
TR000788,2024-02-20,GAS,T08,Long,761,35.58,27073.69,-82.93
TR000789,2024-02-20,COAL,T07,Long,966,110.27,106524.8,1891.86
TR000790,2024-02-20,CO2,T07,Short,733,68.54,50240.81,-869.84
TR000791,2024-02-20,COAL,T02,Short,1914,105.88,202655.49,-4702.77
TR000792,2024-02-20,CO2,T04,Long,1150,65.19,74972.86,-726.02
TR000793,2024-02-20,PWR,T04,Short,1216,84.51,102763.82,-18.98
TR000794,2024-02-20,PWR,T04,Long,1076,69.47,74750.57,-1447.01
TR000795,2024-02-21,CO2,T04,Short,1871,57.66,107883.31,-160.94
TR000796,2024-02-21,COAL,T03,Short,607,104.92,63687.31,130.68
TR000797,2024-02-21,GAS,T02,Long,1161,30.18,35039.26,-658.74
TR000798,2024-02-21,GAS,T03,Long,110,34.13,3754.01,-4.31
TR000799,2024-02-21,CO2,T08,Short,1365,62.16,84850.51,-622.45
TR000800,2024-02-21,PWR,T06,Long,106,88.6,9391.39,88.26
TR000801,2024-02-21,COAL,T06,Short,812,116.64,94715.51,-1122.56
TR000802,2024-02-21,PWR,T08,Short,1124,80.19,90130.14,-1483.37
TR000803,2024-02-21,CO2,T06,Long,1595,67.23,107228.7,-1478.1
TR000804,2024-02-21,GAS,T08,Long,1478,31.87,47108.04,454.71
TR000805,2024-02-21,CO2,T04,Short,1913,65.26,124846.33,2717.15
TR000806,2024-02-21,PWR,T07,Long,1771,87.95,155754.34,-589.11
TR000807,2024-02-21,COAL,T08,Long,1971,106.17,209260.4,-4986.29
TR000808,2024-02-21,COAL,T05,Short,433,105.17,45539.14,-10.71
TR000809,2024-02-21,PWR,T05,Long,775,89.62,69451.89,2607.53
TR000810,2024-02-21,PWR,T02,Short,1302,85.03,110714.43,309.83
TR000811,2024-02-21,GAS,T05,Long,154,32.28,4971.74,-147.2
TR000812,2024-02-21,CO2,T01,Short,150,62.11,9316.01,-67.26
TR000813,2024-02-22,COAL,T06,Short,1993,110.34,219900.6,-5129.55
TR000814,2024-02-22,GAS,T04,Short,1675,32.39,54252.67,-141.44
TR000815,2024-02-22,GAS,T05,Short,1342,34.81,46709.89,-778.86
TR000816,2024-02-22,COAL,T07,Long,559,113.86,63646.02,259.31
TR000817,2024-02-22,PWR,T02,Long,639,83.56,53397.86,434.82
TR000818,2024-02-22,GAS,T08,Long,1064,35.24,37498.26,-687.23
TR000819,2024-02-22,CO2,T07,Short,198,63.52,12576.32,-200.34
TR000820,2024-02-22,COAL,T01,Long,1653,104.02,171950.16,-2467.75
TR000821,2024-02-22,PWR,T07,Long,482,74.93,36116.64,722.63
TR000822,2024-02-22,CO2,T04,Long,1781,66.1,117732.44,212.13
TR000823,2024-02-22,COAL,T01,Long,1334,109.55,146140.6,1077.79
TR000824,2024-02-22,COAL,T06,Short,844,112.08,94592.16,-701.29
TR000825,2024-02-22,PWR,T07,Long,1415,83.07,117547.75,-1313.89
TR000826,2024-02-22,PWR,T03,Long,173,85.36,14767.97,-48.1
TR000827,2024-02-22,COAL,T06,Short,1075,112.51,120945.41,1203.83
TR000828,2024-02-22,CO2,T05,Long,1008,66.02,66549.83,-345.06
TR000829,2024-02-22,PWR,T07,Short,236,86.68,20456.44,-194.44
TR000830,2024-02-22,CO2,T06,Long,247,69.41,17144.11,-140.95
TR000831,2024-02-23,COAL,T01,Long,853,105.11,89660.9,-1488.11
TR000832,2024-02-23,CO2,T03,Short,288,66.36,19111.68,95.73
TR000833,2024-02-23,PWR,T08,Long,1121,87.24,97800.37,374.22
TR000834,2024-02-23,COAL,T03,Short,539,111.26,59966.73,502.96
TR000835,2024-02-23,PWR,T06,Long,469,84.33,39551.61,-618.35
TR000836,2024-02-23,PWR,T05,Short,1366,70.3,96029.68,733.83
TR000837,2024-02-23,COAL,T08,Short,1161,107.64,124969.71,-3701.1
TR000838,2024-02-23,CO2,T05,Short,110,67.83,7461.42,-85.23
TR000839,2024-02-23,COAL,T02,Long,1895,110.65,209675.24,-3642.73
TR000840,2024-02-23,PWR,T04,Long,1868,92.24,172304.66,1793.61
TR000841,2024-02-23,PWR,T07,Short,424,88.93,37705.22,469.27
TR000842,2024-02-23,CO2,T05,Short,1722,56.54,97368.03,527.26
TR000843,2024-02-23,PWR,T01,Long,1545,79.74,123200.33,480.4
TR000844,2024-02-23,CO2,T04,Short,819,67.69,55437.22,-374.83
TR000845,2024-02-23,COAL,T04,Short,737,108.94,80289.04,-255.36
TR000846,2024-02-23,COAL,T02,Long,1890,111.77,211249.11,2110.49
TR000847,2024-02-23,PWR,T01,Short,1642,72.73,119419.11,96.54
TR000848,2024-02-23,GAS,T02,Long,1140,37.03,42209.97,-629.58
TR000849,2024-02-23,CO2,T03,Short,834,56.86,47419.62,368.5
TR000850,2024-02-23,GAS,T04,Long,334,32.29,10783.63,35.19
TR000851,2024-02-23,CO2,T03,Long,1306,67.76,88500.85,604.55
TR000852,2024-02-23,PWR,T07,Short,590,85.34,50347.98,-1539.03
TR000853,2024-02-26,COAL,T06,Short,1215,113.38,137761.76,472.66
TR000854,2024-02-26,PWR,T07,Long,374,78.96,29532.32,453.65
TR000855,2024-02-26,CO2,T04,Long,1506,57.8,87046.38,-881.19
TR000856,2024-02-26,COAL,T03,Short,1993,115.54,230271.56,-1402.55
TR000857,2024-02-26,PWR,T08,Short,1710,92.36,157941.39,-25.97
TR000858,2024-02-26,CO2,T03,Long,821,68.07,55887.18,68.73
TR000859,2024-02-26,CO2,T08,Long,1573,70.17,110370.9,667.65
TR000860,2024-02-26,PWR,T05,Long,1827,87.55,159949.85,267.83
TR000861,2024-02-26,COAL,T03,Long,1674,107.62,180153.0,-3946.93
TR000862,2024-02-26,COAL,T07,Short,539,111.1,59883.4,-22.8
TR000863,2024-02-26,PWR,T05,Short,789,84.81,66912.25,-604.8
TR000864,2024-02-26,PWR,T02,Long,1545,88.06,136055.11,-3024.56
TR000865,2024-02-26,PWR,T06,Long,749,82.34,61673.28,717.89
TR000866,2024-02-26,COAL,T05,Short,1921,117.11,224962.75,-2102.57
TR000867,2024-02-26,PWR,T02,Long,1081,97.75,105664.71,622.76
TR000868,2024-02-26,PWR,T05,Short,1098,82.65,90752.0,-1597.48
TR000869,2024-02-26,COAL,T05,Long,544,112.29,61083.31,511.07
TR000870,2024-02-26,COAL,T08,Long,193,109.29,21092.62,-501.68
TR000871,2024-02-26,PWR,T07,Short,426,88.49,37697.38,487.04
TR000872,2024-02-26,CO2,T08,Long,1129,63.5,71692.91,95.08
TR000873,2024-02-26,COAL,T08,Long,1918,114.3,219232.18,449.7
TR000874,2024-02-26,GAS,T06,Long,1553,35.6,55289.03,-145.92
TR000875,2024-02-26,PWR,T02,Long,144,90.63,13050.08,189.73
TR000876,2024-02-26,COAL,T03,Short,262,110.2,28873.54,-14.21
TR000877,2024-02-26,CO2,T02,Long,937,65.85,61702.0,949.25
TR000878,2024-02-26,GAS,T02,Long,244,34.81,8493.52,267.59
TR000879,2024-02-27,GAS,T05,Long,192,33.46,6423.44,-145.35
TR000880,2024-02-27,COAL,T06,Long,1560,117.73,183663.62,1544.89
TR000881,2024-02-27,COAL,T02,Long,1389,110.19,153058.57,-764.61
TR000882,2024-02-27,GAS,T01,Long,1379,32.98,45473.76,-27.51
TR000883,2024-02-27,PWR,T01,Long,1508,95.89,144602.94,-1382.6
TR000884,2024-02-27,CO2,T05,Long,651,66.26,43133.12,668.2
TR000885,2024-02-27,CO2,T03,Long,1523,64.23,97815.24,-2746.61
TR000886,2024-02-27,CO2,T03,Long,525,62.6,32864.31,190.02
TR000887,2024-02-27,GAS,T04,Long,1761,32.12,56558.41,30.64
TR000888,2024-02-27,COAL,T07,Short,1514,107.34,162509.77,3546.91
TR000889,2024-02-27,COAL,T03,Short,1174,113.55,133305.06,1628.2
TR000890,2024-02-27,COAL,T03,Long,1159,102.1,118332.87,-259.04
TR000891,2024-02-27,PWR,T06,Long,788,89.59,70596.33,166.0
TR000892,2024-02-27,GAS,T05,Long,1248,35.59,44422.09,-354.93
TR000893,2024-02-27,PWR,T05,Long,1956,82.64,161637.52,-3574.14
TR000894,2024-02-27,PWR,T06,Long,1264,82.08,103746.3,316.83
TR000895,2024-02-27,PWR,T01,Long,1194,84.58,100987.13,664.11
TR000896,2024-02-27,CO2,T03,Short,790,64.96,51316.51,931.52
TR000897,2024-02-27,CO2,T05,Short,1696,63.08,106991.17,-638.8
TR000898,2024-02-27,CO2,T08,Long,1133,60.59,68644.38,767.39
TR000899,2024-02-27,COAL,T06,Long,849,104.73,88913.54,1363.73
TR000900,2024-02-28,GAS,T05,Long,1443,36.1,52092.84,1459.22
TR000901,2024-02-28,GAS,T06,Short,1278,36.88,47131.66,-387.9
TR000902,2024-02-28,CO2,T01,Long,212,63.44,13448.24,160.68
TR000903,2024-02-28,GAS,T02,Short,356,32.88,11704.02,-169.35
TR000904,2024-02-28,COAL,T06,Long,653,114.13,74525.89,-668.79
TR000905,2024-02-28,COAL,T02,Short,284,107.59,30554.55,-165.2
TR000906,2024-02-28,GAS,T02,Short,1740,33.59,58450.35,391.32
TR000907,2024-02-28,CO2,T02,Short,254,61.75,15683.3,32.82
TR000908,2024-02-28,GAS,T06,Short,207,31.04,6425.01,31.93
TR000909,2024-02-28,GAS,T06,Short,599,32.93,19727.49,148.56
TR000910,2024-02-28,COAL,T05,Long,1496,104.45,156257.6,1313.83
TR000911,2024-02-28,PWR,T01,Long,1743,84.4,147101.47,-273.31
TR000912,2024-02-28,GAS,T02,Short,1044,33.29,34757.19,-637.95
TR000913,2024-02-28,CO2,T06,Short,1168,69.51,81192.63,1555.89
TR000914,2024-02-28,GAS,T06,Long,1269,31.24,39647.15,-404.3
TR000915,2024-02-28,GAS,T08,Long,325,31.58,10264.65,-21.77
TR000916,2024-02-29,COAL,T08,Long,552,113.32,62555.34,-1020.19
TR000917,2024-02-29,GAS,T05,Long,1019,31.38,31980.38,-576.07
TR000918,2024-02-29,CO2,T07,Short,1949,71.02,138415.94,-230.73
TR000919,2024-02-29,GAS,T06,Short,972,33.83,32885.41,295.52
TR000920,2024-02-29,PWR,T08,Long,656,90.33,59254.04,549.14
TR000921,2024-02-29,CO2,T02,Short,1918,65.71,126039.19,-143.07
TR000922,2024-02-29,COAL,T07,Long,224,109.88,24613.26,-375.09
TR000923,2024-02-29,PWR,T04,Long,1427,98.72,140876.93,-3264.69
TR000924,2024-02-29,PWR,T06,Long,91,87.1,7926.27,205.85
TR000925,2024-02-29,COAL,T08,Short,1960,116.41,228161.23,8590.66
TR000926,2024-02-29,GAS,T03,Short,1038,32.63,33875.09,-219.18
TR000927,2024-02-29,GAS,T08,Long,1067,30.64,32697.2,215.15
TR000928,2024-02-29,GAS,T03,Long,885,32.57,28823.64,-164.3
TR000929,2024-02-29,COAL,T06,Long,154,107.11,16494.84,73.37
TR000930,2024-02-29,COAL,T04,Short,253,110.68,28001.45,215.45
TR000931,2024-02-29,PWR,T02,Long,1281,80.53,103154.78,2550.24
TR000932,2024-02-29,GAS,T04,Long,880,33.34,29343.48,-100.83
TR000933,2024-02-29,COAL,T01,Short,1172,111.84,131078.5,1186.73
TR000934,2024-02-29,CO2,T04,Long,1666,72.61,120968.78,-126.44
TR000935,2024-02-29,COAL,T02,Long,409,112.59,46049.77,364.6
TR000936,2024-02-29,COAL,T02,Long,284,109.0,30955.45,334.89
TR000937,2024-02-29,PWR,T03,Long,1283,88.1,113035.65,-1301.02
TR000938,2024-03-01,GAS,T06,Long,1598,33.61,53707.92,-112.2
TR000939,2024-03-01,GAS,T05,Short,331,31.39,10389.61,-214.04
TR000940,2024-03-01,GAS,T03,Short,788,32.16,25344.7,-286.42
TR000941,2024-03-01,COAL,T01,Long,654,116.17,75976.92,-259.95
TR000942,2024-03-01,CO2,T01,Long,1391,70.46,98014.85,1276.25
TR000943,2024-03-01,PWR,T02,Long,1227,77.84,95504.29,2559.42
TR000944,2024-03-01,PWR,T03,Long,669,91.3,61079.43,-50.96
TR000945,2024-03-01,GAS,T02,Long,1166,30.89,36013.54,-8.63
TR000946,2024-03-01,CO2,T07,Short,675,64.16,43309.61,-524.29
TR000947,2024-03-01,PWR,T07,Short,916,89.14,81655.03,-563.47
TR000948,2024-03-01,GAS,T04,Long,1078,30.12,32469.33,41.49
TR000949,2024-03-01,CO2,T02,Short,1667,52.91,88196.86,-1581.53
TR000950,2024-03-01,GAS,T06,Long,570,31.78,18117.3,-286.25
TR000951,2024-03-01,GAS,T02,Long,1471,33.65,49502.98,1041.05
TR000952,2024-03-01,GAS,T07,Long,1758,33.49,58883.39,455.99
TR000953,2024-03-04,GAS,T07,Short,732,34.23,25057.34,-174.08
TR000954,2024-03-04,GAS,T02,Short,1834,35.97,65965.28,2283.25
TR000955,2024-03-04,PWR,T07,Long,447,94.39,42191.73,-164.57
TR000956,2024-03-04,COAL,T06,Long,700,103.31,72315.46,-303.24
TR000957,2024-03-04,COAL,T06,Short,141,108.86,15348.91,-150.09
TR000958,2024-03-04,CO2,T07,Short,1185,62.82,74437.34,-611.5
TR000959,2024-03-04,GAS,T04,Long,63,32.9,2072.59,5.49
TR000960,2024-03-04,CO2,T01,Short,804,62.07,49901.23,1593.84
TR000961,2024-03-04,COAL,T01,Long,986,106.99,105493.05,-791.54
TR000962,2024-03-04,PWR,T07,Short,1964,81.3,159676.87,-2071.59
TR000963,2024-03-04,CO2,T06,Long,1054,55.08,58055.71,-82.31
TR000964,2024-03-04,CO2,T02,Short,1117,59.12,66039.07,-295.74
TR000965,2024-03-04,GAS,T07,Short,1214,34.72,42149.55,-507.89
TR000966,2024-03-04,CO2,T05,Short,1808,66.53,120289.68,153.5
TR000967,2024-03-04,GAS,T04,Long,164,34.03,5580.33,-130.62
TR000968,2024-03-04,PWR,T07,Short,1067,87.2,93042.83,-2809.84
TR000969,2024-03-04,COAL,T03,Long,221,111.25,24587.27,113.96
TR000970,2024-03-04,CO2,T03,Short,723,64.05,46308.25,-486.72
TR000971,2024-03-04,PWR,T02,Long,295,89.85,26505.1,69.77
TR000972,2024-03-04,COAL,T08,Long,1251,107.18,134080.25,-1182.12
TR000973,2024-03-04,COAL,T08,Short,1600,103.81,166088.23,301.53
TR000974,2024-03-05,CO2,T01,Long,1589,73.13,116206.31,-210.38
TR000975,2024-03-05,PWR,T02,Long,653,78.68,51379.14,193.9
TR000976,2024-03-05,CO2,T03,Long,1080,67.86,73284.77,1194.23
TR000977,2024-03-05,CO2,T02,Long,1350,66.63,89952.97,-946.87
TR000978,2024-03-05,GAS,T06,Short,230,31.28,7194.85,-194.3
TR000979,2024-03-05,CO2,T06,Long,385,58.97,22702.93,-133.86
TR000980,2024-03-05,GAS,T05,Long,502,31.17,15649.2,121.65
TR000981,2024-03-05,CO2,T07,Short,851,64.24,54667.66,-247.77
TR000982,2024-03-05,PWR,T01,Long,862,90.66,78146.17,-229.13
TR000983,2024-03-05,PWR,T05,Long,1103,95.75,105608.76,-30.12
TR000984,2024-03-05,CO2,T07,Long,870,64.8,56376.12,839.69
TR000985,2024-03-05,GAS,T05,Short,613,34.49,21140.02,-2.79
TR000986,2024-03-05,CO2,T07,Long,466,61.35,28591.07,294.81
TR000987,2024-03-05,PWR,T04,Long,812,95.06,77188.36,1820.56
TR000988,2024-03-05,CO2,T03,Short,1074,67.43,72420.91,226.54
TR000989,2024-03-05,CO2,T01,Short,1521,62.37,94871.03,2998.24
TR000990,2024-03-05,GAS,T01,Short,1540,32.5,50046.68,-22.51
TR000991,2024-03-06,COAL,T01,Long,1922,120.89,232352.1,-28.24
TR000992,2024-03-06,PWR,T01,Long,77,75.69,5827.92,92.69
TR000993,2024-03-06,GAS,T04,Long,761,31.73,24148.25,-61.33
TR000994,2024-03-06,COAL,T03,Short,1022,115.68,118229.35,-1345.67
TR000995,2024-03-06,COAL,T01,Short,964,112.7,108645.34,-1158.68
TR000996,2024-03-06,PWR,T03,Short,848,92.35,78312.94,946.79
TR000997,2024-03-06,GAS,T05,Long,956,33.62,32136.33,-551.3
TR000998,2024-03-06,CO2,T05,Long,1037,66.35,68808.22,-841.04
TR000999,2024-03-06,GAS,T04,Long,810,32.47,26298.7,633.69
TR001000,2024-03-06,GAS,T07,Short,681,32.02,21804.22,-177.09
TR001001,2024-03-06,GAS,T04,Short,454,33.47,15197.43,339.93
TR001002,2024-03-06,PWR,T02,Long,573,88.05,50452.91,-1249.68
TR001003,2024-03-06,GAS,T06,Long,165,34.33,5665.27,-44.45
TR001004,2024-03-06,PWR,T06,Long,1601,83.68,133971.19,-1577.53
TR001005,2024-03-06,GAS,T01,Long,772,32.55,25126.02,-405.03
TR001006,2024-03-06,GAS,T03,Long,1281,30.79,39435.65,45.71
TR001007,2024-03-06,CO2,T08,Short,56,66.29,3712.29,14.59
TR001008,2024-03-06,COAL,T01,Short,1554,106.62,165679.73,3989.12
TR001009,2024-03-06,COAL,T05,Short,1689,106.24,179447.39,2758.57
TR001010,2024-03-06,PWR,T03,Short,835,87.06,72693.38,-134.63
TR001011,2024-03-06,CO2,T04,Long,982,66.13,64938.32,-14.32
TR001012,2024-03-06,CO2,T07,Short,575,67.91,39049.61,-297.59
TR001013,2024-03-06,CO2,T07,Long,1187,61.99,73584.88,812.24
TR001014,2024-03-06,COAL,T04,Short,162,105.68,17120.73,142.53
TR001015,2024-03-07,PWR,T08,Long,873,79.1,69057.44,1163.09
TR001016,2024-03-07,GAS,T08,Short,947,29.57,28000.07,-131.62
TR001017,2024-03-07,COAL,T01,Long,602,115.99,69827.44,1512.12
TR001018,2024-03-07,GAS,T03,Short,1825,34.95,63788.72,-631.34
TR001019,2024-03-07,COAL,T08,Short,687,115.06,79043.54,-350.23
TR001020,2024-03-07,CO2,T03,Short,512,59.53,30480.11,426.28
TR001021,2024-03-07,PWR,T01,Short,879,75.19,66088.51,-434.79
TR001022,2024-03-07,CO2,T04,Short,1051,60.08,63140.43,-294.12
TR001023,2024-03-07,CO2,T04,Long,1030,73.28,75475.43,777.73
TR001024,2024-03-07,CO2,T02,Long,581,64.16,37277.48,-115.06
TR001025,2024-03-07,CO2,T02,Short,1659,68.66,113910.86,-1248.45
TR001026,2024-03-07,CO2,T05,Short,740,59.76,44225.38,-354.89
TR001027,2024-03-07,CO2,T02,Short,1553,69.58,108050.15,3265.64
TR001028,2024-03-07,COAL,T07,Long,1605,105.59,169467.9,-2610.69
TR001029,2024-03-07,PWR,T02,Long,399,89.19,35586.55,712.77
TR001030,2024-03-07,COAL,T01,Long,106,111.35,11803.52,-342.0
TR001031,2024-03-07,CO2,T01,Long,1605,69.8,112027.23,-728.27
TR001032,2024-03-07,GAS,T03,Long,839,31.99,26840.14,-338.77
TR001033,2024-03-07,CO2,T08,Long,1211,65.75,79623.27,746.35
TR001034,2024-03-07,COAL,T04,Short,648,107.83,69872.3,727.56
TR001035,2024-03-07,COAL,T03,Long,726,111.89,81229.61,579.68
TR001036,2024-03-07,COAL,T06,Long,1431,111.35,159343.28,879.73
TR001037,2024-03-07,GAS,T06,Short,804,33.19,26686.8,-162.44
TR001038,2024-03-08,GAS,T07,Short,1235,32.8,40508.56,-824.67
TR001039,2024-03-08,CO2,T05,Long,670,63.46,42516.38,406.03
TR001040,2024-03-08,GAS,T08,Long,209,35.88,7498.25,-47.95
TR001041,2024-03-08,PWR,T01,Long,1773,87.08,154388.62,-3791.59
TR001042,2024-03-08,CO2,T07,Short,1475,64.84,95634.07,2898.89
TR001043,2024-03-08,GAS,T03,Long,1519,30.95,47020.25,1306.64
TR001044,2024-03-08,PWR,T06,Short,1916,88.65,169854.65,-2804.25
TR001045,2024-03-08,COAL,T03,Short,916,106.22,97301.13,970.78
TR001046,2024-03-08,PWR,T04,Long,52,84.52,4394.98,-23.25
TR001047,2024-03-08,COAL,T02,Long,1107,112.0,123985.84,-1370.72
TR001048,2024-03-08,CO2,T02,Short,1765,65.22,115112.22,-2191.56
TR001049,2024-03-08,PWR,T01,Long,1016,89.54,90977.71,136.82
TR001050,2024-03-08,CO2,T04,Short,788,67.37,53090.65,-163.71
TR001051,2024-03-08,PWR,T08,Short,217,91.02,19751.08,-23.24
TR001052,2024-03-08,CO2,T08,Long,988,64.91,64132.59,1242.58
TR001053,2024-03-08,GAS,T06,Long,668,35.26,23554.09,-116.65
TR001054,2024-03-08,CO2,T06,Long,1485,65.86,97803.0,1811.58
TR001055,2024-03-08,GAS,T03,Long,328,32.14,10543.24,183.5
TR001056,2024-03-08,CO2,T08,Short,1004,68.9,69177.3,774.38
TR001057,2024-03-08,COAL,T02,Short,1995,108.89,217229.56,2463.4
TR001058,2024-03-08,COAL,T03,Short,1696,112.08,190082.83,5158.66
TR001059,2024-03-08,CO2,T03,Long,617,70.44,43459.37,1047.31
TR001060,2024-03-08,CO2,T03,Long,353,66.61,23514.4,106.31
TR001061,2024-03-08,PWR,T08,Short,1469,83.15,122142.12,1101.66
TR001062,2024-03-08,COAL,T06,Short,1001,107.04,107151.76,-203.25
TR001063,2024-03-08,CO2,T01,Long,1972,66.82,131775.61,-1.35
TR001064,2024-03-11,CO2,T08,Short,270,64.35,17373.3,250.37
TR001065,2024-03-11,PWR,T07,Long,267,88.54,23640.51,216.0
TR001066,2024-03-11,COAL,T06,Long,1640,104.78,171846.48,862.2
TR001067,2024-03-11,CO2,T06,Short,984,62.6,61597.08,-554.57
TR001068,2024-03-11,GAS,T01,Long,145,33.57,4867.9,43.46
TR001069,2024-03-11,COAL,T01,Long,1283,118.36,151857.31,1835.85
TR001070,2024-03-11,COAL,T02,Short,1592,108.7,173052.64,-331.57
TR001071,2024-03-11,COAL,T03,Long,297,108.73,32291.73,130.71
TR001072,2024-03-11,PWR,T05,Short,820,78.37,64262.94,376.62
TR001073,2024-03-11,PWR,T08,Short,1093,78.18,85450.83,-38.64
TR001074,2024-03-11,GAS,T01,Short,1912,33.0,63090.93,196.54
TR001075,2024-03-11,COAL,T04,Short,438,108.0,47305.81,-64.38
TR001076,2024-03-11,COAL,T05,Long,353,114.85,40541.37,-575.11
TR001077,2024-03-11,GAS,T01,Short,352,31.98,11258.15,392.73
TR001078,2024-03-11,CO2,T06,Long,302,58.0,17515.08,-222.0
TR001079,2024-03-12,COAL,T08,Long,181,108.2,19584.57,581.42
TR001080,2024-03-12,CO2,T02,Short,1046,63.77,66704.1,-910.87
TR001081,2024-03-12,GAS,T05,Long,1411,31.59,44578.96,-119.29
TR001082,2024-03-12,COAL,T07,Short,1033,110.8,114455.52,3910.19
TR001083,2024-03-12,PWR,T07,Short,454,89.12,40461.35,53.65
TR001084,2024-03-12,COAL,T03,Long,1507,107.26,161644.35,-186.35
TR001085,2024-03-12,COAL,T01,Long,1669,114.37,190881.04,4236.21
TR001086,2024-03-12,CO2,T03,Short,1662,62.28,103513.12,2151.39
TR001087,2024-03-12,CO2,T07,Long,1108,64.98,72002.9,636.17
TR001088,2024-03-12,PWR,T02,Short,424,82.47,34968.35,564.25
TR001089,2024-03-12,GAS,T07,Short,995,31.17,31010.92,-588.16
TR001090,2024-03-12,GAS,T06,Short,640,33.85,21661.79,-545.8
TR001091,2024-03-12,PWR,T06,Short,1266,92.95,117672.47,369.7
TR001092,2024-03-12,GAS,T05,Long,1359,31.5,42808.37,314.82
TR001093,2024-03-12,GAS,T02,Long,1645,32.31,53152.96,-908.28
TR001094,2024-03-12,GAS,T01,Long,776,34.16,26505.09,408.51
TR001095,2024-03-12,GAS,T08,Long,1363,31.77,43304.84,328.6
TR001096,2024-03-12,PWR,T08,Long,393,91.16,35825.25,568.27
TR001097,2024-03-12,COAL,T07,Long,841,107.45,90365.42,-698.28
TR001098,2024-03-12,PWR,T02,Short,1761,94.01,165560.34,-696.78
TR001099,2024-03-12,COAL,T01,Short,1652,105.79,174757.49,-2512.66
TR001100,2024-03-12,GAS,T04,Long,1847,31.47,58124.07,-341.39
TR001101,2024-03-12,COAL,T02,Long,125,115.04,14380.13,667.26
TR001102,2024-03-13,COAL,T01,Long,1146,110.14,126220.31,520.34
TR001103,2024-03-13,COAL,T08,Short,1543,117.07,180638.67,4845.18
TR001104,2024-03-13,COAL,T01,Long,1760,116.4,204872.56,-5618.85
TR001105,2024-03-13,COAL,T03,Long,1027,111.59,114599.14,2229.95
TR001106,2024-03-13,COAL,T04,Long,774,115.01,89018.51,-445.26
TR001107,2024-03-13,COAL,T06,Short,677,108.35,73352.68,643.1
TR001108,2024-03-13,COAL,T07,Short,1671,106.16,177398.86,0.19
TR001109,2024-03-13,GAS,T03,Short,1866,32.27,60219.46,-144.53
TR001110,2024-03-13,GAS,T03,Long,823,31.95,26296.66,214.2
TR001111,2024-03-13,CO2,T06,Long,264,68.13,17986.74,392.72
TR001112,2024-03-13,PWR,T02,Short,881,88.65,78102.86,-1168.75
TR001113,2024-03-13,COAL,T08,Long,500,115.3,57650.29,-567.06
TR001114,2024-03-13,CO2,T07,Short,448,69.16,30985.4,-589.95
TR001115,2024-03-13,COAL,T02,Long,339,115.93,39301.37,-55.72
TR001116,2024-03-13,COAL,T05,Long,875,105.63,92425.4,-2240.18
TR001117,2024-03-13,PWR,T07,Long,1553,86.26,133960.83,-283.62
TR001118,2024-03-13,PWR,T02,Short,1919,90.06,172828.2,364.37
TR001119,2024-03-13,CO2,T03,Short,1214,61.54,74711.5,962.4
TR001120,2024-03-13,COAL,T08,Long,1789,110.93,198461.01,373.75
TR001121,2024-03-13,GAS,T03,Short,1742,33.03,57530.78,8.54
TR001122,2024-03-13,GAS,T05,Short,566,34.01,19248.64,277.58
TR001123,2024-03-13,PWR,T02,Short,100,90.71,9071.24,-81.98
TR001124,2024-03-13,GAS,T07,Long,1828,32.13,58728.03,894.33
TR001125,2024-03-13,CO2,T04,Long,959,65.49,62809.17,1062.53
TR001126,2024-03-14,PWR,T03,Long,1406,77.53,109001.85,-522.92
TR001127,2024-03-14,COAL,T05,Long,264,108.6,28670.56,-318.34
TR001128,2024-03-14,GAS,T05,Short,1881,33.62,63232.42,168.85
TR001129,2024-03-14,PWR,T01,Short,129,89.4,11532.07,-147.61
TR001130,2024-03-14,PWR,T07,Long,511,82.41,42111.46,970.68
TR001131,2024-03-14,PWR,T05,Long,1041,92.68,96479.15,2687.04
TR001132,2024-03-14,PWR,T05,Long,64,84.04,5378.64,-29.18
TR001133,2024-03-14,CO2,T03,Short,403,67.44,27176.8,600.3
TR001134,2024-03-14,PWR,T02,Short,1103,81.75,90168.02,441.8
TR001135,2024-03-14,CO2,T03,Long,1126,61.83,69617.82,-892.95
TR001136,2024-03-14,GAS,T05,Long,923,29.42,27158.79,181.22
TR001137,2024-03-14,CO2,T06,Long,972,67.6,65703.57,-1424.02
TR001138,2024-03-14,GAS,T03,Long,1910,33.19,63386.31,-441.95
TR001139,2024-03-14,GAS,T04,Short,1031,29.13,30030.25,286.64
TR001140,2024-03-14,COAL,T05,Long,1489,111.39,165859.54,2637.04
TR001141,2024-03-14,COAL,T05,Short,834,114.33,95354.27,47.85
TR001142,2024-03-14,CO2,T07,Short,1057,62.82,66402.37,-563.1
TR001143,2024-03-14,COAL,T04,Short,1660,113.79,188892.19,-2218.99
TR001144,2024-03-14,PWR,T05,Long,294,94.76,27859.76,-851.8
TR001145,2024-03-14,GAS,T01,Long,455,33.63,15303.15,-375.69
TR001146,2024-03-14,PWR,T07,Short,658,90.38,59471.26,267.36
TR001147,2024-03-14,PWR,T02,Short,604,91.3,55142.23,1223.86
TR001148,2024-03-14,CO2,T08,Long,1896,67.09,127195.05,1279.48
TR001149,2024-03-14,CO2,T01,Long,1731,66.03,114290.76,1460.88
TR001150,2024-03-14,PWR,T01,Short,864,85.87,74194.82,-1841.31
TR001151,2024-03-14,PWR,T08,Long,312,99.53,31052.66,182.59
TR001152,2024-03-14,PWR,T07,Short,1023,86.29,88273.49,503.76
TR001153,2024-03-14,CO2,T02,Long,1147,64.15,73581.54,1250.3
TR001154,2024-03-14,PWR,T06,Short,1775,69.96,124173.05,585.45
TR001155,2024-03-15,COAL,T08,Short,1295,120.06,155472.83,3671.48
TR001156,2024-03-15,COAL,T03,Short,1100,111.61,122775.07,648.41
TR001157,2024-03-15,CO2,T01,Short,1257,60.4,75927.96,339.52
TR001158,2024-03-15,CO2,T05,Long,1929,69.13,133345.85,3855.99
TR001159,2024-03-15,PWR,T03,Short,588,89.89,52855.02,-529.78
TR001160,2024-03-15,CO2,T03,Long,1474,62.88,92687.46,-1029.15
TR001161,2024-03-15,COAL,T07,Long,128,110.92,14197.74,-25.85
TR001162,2024-03-15,CO2,T05,Short,1792,59.4,106448.43,-132.39
TR001163,2024-03-15,COAL,T01,Long,507,102.24,51836.5,-1006.18
TR001164,2024-03-15,COAL,T01,Short,1598,110.59,176721.42,637.02
TR001165,2024-03-15,CO2,T06,Long,1891,61.15,115642.1,1336.54
TR001166,2024-03-15,COAL,T06,Short,280,113.17,31687.42,297.92
TR001167,2024-03-15,PWR,T03,Long,790,89.1,70388.07,1343.53
TR001168,2024-03-15,PWR,T06,Short,51,87.78,4476.77,-62.88
TR001169,2024-03-15,COAL,T08,Short,276,117.74,32494.9,-519.71
TR001170,2024-03-15,PWR,T06,Long,974,87.9,85614.99,-2216.87
TR001171,2024-03-15,COAL,T08,Long,1370,109.14,149519.64,565.97
TR001172,2024-03-15,GAS,T07,Long,463,30.96,14332.63,157.05
TR001173,2024-03-15,COAL,T05,Long,1399,112.46,157338.2,392.92
TR001174,2024-03-15,CO2,T06,Long,491,61.23,30062.0,-893.22
TR001175,2024-03-18,CO2,T06,Long,619,67.23,41613.65,824.38
TR001176,2024-03-18,PWR,T03,Short,719,80.33,57757.4,138.4
TR001177,2024-03-18,COAL,T04,Short,1320,115.03,151841.43,1114.93
TR001178,2024-03-18,CO2,T02,Short,366,63.17,23119.6,72.31
TR001179,2024-03-18,GAS,T08,Long,841,33.7,28338.01,-64.36
TR001180,2024-03-18,CO2,T04,Long,1431,63.87,91391.04,-2126.48
TR001181,2024-03-18,COAL,T04,Long,457,113.26,51757.82,1292.37
TR001182,2024-03-18,COAL,T06,Short,363,114.44,41540.99,240.52
TR001183,2024-03-18,GAS,T05,Short,929,32.76,30437.51,115.72
TR001184,2024-03-18,COAL,T02,Long,1881,116.75,219604.29,3992.24
TR001185,2024-03-18,CO2,T01,Short,1467,59.72,87613.24,1404.65
TR001186,2024-03-18,GAS,T02,Short,1693,30.76,52077.73,-177.04
TR001187,2024-03-18,COAL,T08,Short,1073,113.47,121754.41,-1195.09
TR001188,2024-03-18,GAS,T06,Short,1657,35.99,59638.84,-534.34
TR001189,2024-03-18,GAS,T07,Short,1314,31.6,41520.11,308.18
TR001190,2024-03-18,COAL,T06,Long,670,113.24,75868.7,730.09
TR001191,2024-03-18,CO2,T03,Long,1432,71.56,102478.73,-3147.28
TR001192,2024-03-18,CO2,T03,Long,1699,69.36,117846.04,-847.99
TR001193,2024-03-18,CO2,T08,Long,1993,64.81,129163.09,1424.28
TR001194,2024-03-18,GAS,T01,Short,1935,31.3,60567.76,392.61
TR001195,2024-03-18,COAL,T05,Short,1486,104.29,154978.97,625.66
TR001196,2024-03-18,PWR,T04,Long,1332,85.86,114370.02,-625.74
TR001197,2024-03-18,COAL,T07,Long,1412,112.12,158317.08,935.96
TR001198,2024-03-18,GAS,T06,Long,484,30.79,14904.57,-167.28
TR001199,2024-03-18,COAL,T07,Long,715,111.45,79685.88,701.75
TR001200,2024-03-19,CO2,T07,Long,1223,72.32,88445.81,85.34
TR001201,2024-03-19,COAL,T08,Short,777,114.85,89236.2,844.38
TR001202,2024-03-19,GAS,T08,Long,1650,35.85,59156.07,-694.57
TR001203,2024-03-19,PWR,T01,Short,1172,86.49,101366.05,201.61
TR001204,2024-03-19,CO2,T08,Long,1517,66.28,100548.22,-891.82
TR001205,2024-03-19,PWR,T06,Long,517,94.64,48931.09,502.56
TR001206,2024-03-19,GAS,T04,Short,964,34.03,32805.29,1084.43
TR001207,2024-03-19,COAL,T01,Long,913,109.08,99591.59,1206.64
TR001208,2024-03-19,CO2,T08,Long,1969,64.94,127868.31,2193.07
TR001209,2024-03-19,CO2,T01,Short,604,62.9,37988.71,507.6
TR001210,2024-03-19,GAS,T05,Long,1118,36.75,41084.68,-819.78
TR001211,2024-03-19,CO2,T02,Long,406,76.46,31043.6,-366.42
TR001212,2024-03-19,PWR,T08,Long,889,83.4,74145.01,175.56
TR001213,2024-03-19,GAS,T07,Long,1407,33.69,47394.81,-822.99
TR001214,2024-03-19,GAS,T02,Short,234,34.77,8136.27,-49.45
TR001215,2024-03-19,CO2,T05,Short,773,66.47,51380.66,727.72
TR001216,2024-03-19,GAS,T03,Short,1782,31.51,56147.52,-603.62
TR001217,2024-03-20,CO2,T04,Long,270,67.72,18284.27,-442.66
TR001218,2024-03-20,PWR,T03,Long,1708,88.5,151163.02,412.92
TR001219,2024-03-20,PWR,T01,Long,1055,91.59,96625.64,-1341.73
TR001220,2024-03-20,GAS,T07,Long,72,34.04,2451.24,-37.4
TR001221,2024-03-20,PWR,T06,Short,1157,88.53,102430.76,-498.79
TR001222,2024-03-20,CO2,T02,Long,825,64.85,53502.39,-681.11
TR001223,2024-03-20,GAS,T01,Short,294,33.78,9931.32,84.98
TR001224,2024-03-20,CO2,T05,Long,1784,61.0,108820.03,-341.58
TR001225,2024-03-20,GAS,T04,Short,908,33.01,29972.9,448.83
TR001226,2024-03-20,GAS,T06,Long,1266,33.99,43026.24,-724.3
TR001227,2024-03-20,CO2,T04,Long,632,67.3,42534.5,12.57
TR001228,2024-03-20,PWR,T05,Long,613,94.98,58224.75,-82.95
TR001229,2024-03-20,PWR,T08,Long,388,69.87,27111.3,581.51
TR001230,2024-03-20,CO2,T06,Long,1742,70.23,122342.4,3841.67
TR001231,2024-03-20,PWR,T04,Short,1453,80.43,116860.79,-1486.12
TR001232,2024-03-20,PWR,T07,Long,854,97.39,83169.62,-328.31
TR001233,2024-03-20,COAL,T07,Long,1716,110.8,190136.43,1667.37
TR001234,2024-03-20,COAL,T03,Short,625,99.68,62299.54,-356.8
TR001235,2024-03-21,PWR,T03,Long,1233,79.13,97571.51,2588.19
TR001236,2024-03-21,GAS,T05,Long,555,35.43,19665.62,336.07
TR001237,2024-03-21,COAL,T02,Short,837,107.02,89576.15,-861.12
TR001238,2024-03-21,CO2,T07,Short,1242,66.19,82209.35,-2663.68
TR001239,2024-03-21,PWR,T02,Long,447,86.08,38479.1,-975.56
TR001240,2024-03-21,COAL,T01,Short,1700,115.14,195734.57,249.81
TR001241,2024-03-21,GAS,T01,Short,1599,32.71,52302.25,-1452.44
TR001242,2024-03-21,CO2,T04,Short,1351,77.06,104103.15,-856.81
TR001243,2024-03-21,PWR,T05,Short,1151,82.32,94752.26,831.8
TR001244,2024-03-21,GAS,T03,Long,1117,32.07,35826.04,-990.45
TR001245,2024-03-21,GAS,T08,Short,221,30.74,6794.56,44.69
TR001246,2024-03-21,CO2,T03,Long,295,67.9,20031.08,-275.86
TR001247,2024-03-21,CO2,T03,Short,229,67.59,15477.03,-467.37
TR001248,2024-03-21,GAS,T02,Short,1598,32.3,51608.29,275.21
TR001249,2024-03-21,CO2,T08,Long,1215,75.41,91620.56,-149.67
TR001250,2024-03-21,GAS,T03,Short,1179,33.64,39660.11,277.05
TR001251,2024-03-21,COAL,T01,Long,142,104.26,14804.62,392.2
TR001252,2024-03-21,PWR,T03,Long,648,81.05,52517.37,-893.2
TR001253,2024-03-21,PWR,T01,Long,202,88.92,17961.21,-165.98
TR001254,2024-03-21,PWR,T06,Long,243,93.02,22603.87,-111.48
TR001255,2024-03-21,COAL,T01,Long,519,111.84,58043.38,-419.02
TR001256,2024-03-21,GAS,T06,Short,1493,34.57,51617.3,800.71
TR001257,2024-03-21,PWR,T01,Short,887,76.19,67582.65,-461.17
TR001258,2024-03-21,COAL,T06,Long,726,114.01,82768.85,1013.85
TR001259,2024-03-21,GAS,T07,Long,384,32.3,12401.48,-25.28
TR001260,2024-03-22,COAL,T04,Short,536,109.76,58832.12,-841.4
TR001261,2024-03-22,COAL,T08,Long,1414,110.67,156491.8,2126.06
TR001262,2024-03-22,CO2,T04,Long,772,60.41,46633.76,-33.59
TR001263,2024-03-22,CO2,T01,Short,1239,66.77,82727.01,176.56
TR001264,2024-03-22,CO2,T04,Long,1959,65.42,128153.4,-3786.33
TR001265,2024-03-22,CO2,T07,Long,968,70.06,67815.65,-1712.72
TR001266,2024-03-22,GAS,T03,Long,547,33.03,18065.19,-113.75
TR001267,2024-03-22,PWR,T05,Long,339,94.39,31998.83,-128.38
TR001268,2024-03-22,PWR,T02,Long,1831,87.76,160693.5,-7019.42
TR001269,2024-03-22,CO2,T07,Long,1215,69.23,84108.71,1138.72
TR001270,2024-03-22,COAL,T06,Short,1104,110.28,121751.8,751.48
TR001271,2024-03-22,COAL,T01,Short,955,115.76,110555.53,-2282.42
TR001272,2024-03-22,COAL,T03,Long,484,116.49,56382.14,-1093.0
TR001273,2024-03-22,GAS,T08,Short,617,33.45,20637.3,-163.81
TR001274,2024-03-22,GAS,T05,Short,59,33.27,1962.87,-18.7
TR001275,2024-03-22,GAS,T08,Short,1345,33.76,45402.42,-379.05
TR001276,2024-03-22,CO2,T08,Short,1183,66.34,78479.26,860.76
TR001277,2024-03-22,CO2,T04,Short,1650,61.11,100824.92,-2762.7
TR001278,2024-03-22,COAL,T08,Long,250,106.96,26739.29,-379.28
TR001279,2024-03-22,COAL,T08,Short,135,111.86,15101.11,147.01
TR001280,2024-03-22,GAS,T03,Short,1276,33.94,43301.93,333.42
TR001281,2024-03-25,COAL,T03,Long,80,112.32,8985.93,32.11
TR001282,2024-03-25,CO2,T08,Long,414,68.84,28499.74,-220.9
TR001283,2024-03-25,PWR,T07,Long,205,85.75,17577.86,-251.69
TR001284,2024-03-25,GAS,T01,Short,792,33.56,26582.73,-507.16
TR001285,2024-03-25,PWR,T01,Short,182,80.14,14585.31,167.08
TR001286,2024-03-25,CO2,T06,Short,95,65.45,6217.37,-28.7
TR001287,2024-03-25,PWR,T02,Long,266,86.8,23088.83,309.94
TR001288,2024-03-25,PWR,T02,Short,896,78.97,70753.58,-2171.06
TR001289,2024-03-25,CO2,T08,Short,296,62.03,18361.23,-44.14
TR001290,2024-03-25,PWR,T01,Short,1349,80.46,108535.93,1335.53
TR001291,2024-03-25,PWR,T03,Long,614,77.66,47683.21,392.69
TR001292,2024-03-25,CO2,T06,Long,1639,63.86,104668.27,1392.76
TR001293,2024-03-25,CO2,T01,Short,1037,66.86,69336.34,125.24
TR001294,2024-03-25,PWR,T04,Long,1008,91.18,91908.01,1692.01
TR001295,2024-03-25,PWR,T04,Short,820,82.34,67519.39,1878.81
TR001296,2024-03-25,GAS,T07,Long,739,31.69,23416.66,180.67
TR001297,2024-03-25,GAS,T01,Short,61,32.23,1965.9,33.17
TR001298,2024-03-25,COAL,T05,Long,475,116.99,55572.57,557.83
TR001299,2024-03-25,CO2,T02,Long,283,65.24,18462.02,-16.65
TR001300,2024-03-25,COAL,T04,Short,290,104.47,30297.42,-171.88
TR001301,2024-03-25,GAS,T04,Short,95,32.69,3105.39,-38.5
TR001302,2024-03-25,CO2,T06,Long,107,65.16,6972.64,-4.49
TR001303,2024-03-26,PWR,T06,Short,1288,98.46,126811.73,1603.43
TR001304,2024-03-26,COAL,T02,Long,759,114.89,87197.88,-165.85
TR001305,2024-03-26,COAL,T04,Long,1303,114.65,149388.16,-1497.68
TR001306,2024-03-26,PWR,T02,Short,308,76.01,23410.6,-255.3
TR001307,2024-03-26,GAS,T07,Short,1525,31.65,48267.65,190.79
TR001308,2024-03-26,PWR,T02,Short,368,91.01,33490.77,-147.54
TR001309,2024-03-26,CO2,T07,Short,1225,62.75,76870.31,3254.65
TR001310,2024-03-26,COAL,T04,Short,1317,111.56,146926.29,3934.52
TR001311,2024-03-26,CO2,T05,Short,1777,66.55,118250.73,1992.22
TR001312,2024-03-26,PWR,T07,Long,1276,91.84,117187.55,715.81
TR001313,2024-03-26,COAL,T07,Long,205,111.48,22853.06,-10.35
TR001314,2024-03-26,CO2,T05,Long,1299,61.19,79480.33,327.23
TR001315,2024-03-26,GAS,T08,Long,161,31.81,5120.7,-127.83
TR001316,2024-03-26,PWR,T08,Short,546,97.28,53112.49,312.55
TR001317,2024-03-26,CO2,T03,Long,328,69.38,22757.04,-1283.42
TR001318,2024-03-26,GAS,T01,Short,334,34.71,11591.49,84.18
TR001319,2024-03-26,PWR,T03,Short,1769,83.15,147091.42,-641.22
TR001320,2024-03-26,CO2,T07,Short,740,63.41,46926.76,-830.19
TR001321,2024-03-26,CO2,T06,Long,1957,65.58,128340.81,-1505.4
TR001322,2024-03-26,CO2,T06,Short,293,68.94,20199.26,-148.83
TR001323,2024-03-26,COAL,T04,Long,1899,104.82,199049.83,-1586.66
TR001324,2024-03-26,GAS,T08,Long,1759,33.01,58062.95,-72.49
TR001325,2024-03-27,PWR,T01,Long,101,89.89,9078.97,31.62
TR001326,2024-03-27,COAL,T05,Long,1456,111.14,161826.42,4154.63
TR001327,2024-03-27,COAL,T06,Short,1189,105.89,125908.05,1886.61
TR001328,2024-03-27,COAL,T06,Long,332,109.41,36324.51,-81.35
TR001329,2024-03-27,COAL,T04,Short,1046,110.0,115064.85,-576.41
TR001330,2024-03-27,CO2,T05,Short,469,59.19,27761.99,-163.11
TR001331,2024-03-27,GAS,T01,Short,577,29.25,16877.26,427.8
TR001332,2024-03-27,GAS,T04,Short,1630,35.22,57410.95,-1217.78
TR001333,2024-03-27,PWR,T05,Short,163,98.09,15988.41,-70.93
TR001334,2024-03-27,GAS,T08,Short,877,34.91,30619.84,86.27
TR001335,2024-03-27,PWR,T07,Short,101,91.78,9270.27,262.21
TR001336,2024-03-27,COAL,T02,Short,236,106.06,25031.11,116.5
TR001337,2024-03-27,GAS,T03,Short,1038,30.14,31289.75,-9.17
TR001338,2024-03-27,GAS,T05,Short,1878,31.69,59519.3,-485.76
TR001339,2024-03-27,GAS,T02,Long,1748,32.94,57577.4,404.41
TR001340,2024-03-27,GAS,T04,Long,917,34.9,32005.65,-804.42
TR001341,2024-03-27,CO2,T07,Short,1678,66.71,111946.73,798.28
TR001342,2024-03-27,CO2,T01,Short,1062,58.35,61968.01,-1388.43
TR001343,2024-03-27,COAL,T07,Long,1859,117.38,218201.47,-2508.62
TR001344,2024-03-27,CO2,T03,Long,1890,71.88,135853.11,-484.16
TR001345,2024-03-27,COAL,T06,Long,1938,116.96,226661.88,-1453.85
TR001346,2024-03-28,CO2,T05,Short,1124,66.5,74748.96,1081.43
TR001347,2024-03-28,PWR,T05,Long,897,85.99,77129.91,701.21
TR001348,2024-03-28,GAS,T07,Short,574,30.87,17716.55,143.19
TR001349,2024-03-28,CO2,T03,Long,925,59.41,54953.55,1536.72
TR001350,2024-03-28,PWR,T02,Long,1596,95.47,152376.7,-698.03
TR001351,2024-03-28,GAS,T08,Short,1337,32.18,43025.3,262.1
TR001352,2024-03-28,PWR,T03,Short,161,97.55,15706.04,362.43
TR001353,2024-03-28,PWR,T01,Short,1752,86.07,150795.65,-48.0
TR001354,2024-03-28,COAL,T03,Long,1687,110.99,187245.21,-454.35
TR001355,2024-03-28,PWR,T01,Short,1361,89.6,121943.62,607.03
TR001356,2024-03-28,CO2,T01,Short,266,67.02,17827.89,-49.66
TR001357,2024-03-28,CO2,T02,Long,197,71.42,14070.41,298.38
TR001358,2024-03-28,PWR,T07,Short,531,83.81,44504.25,-385.48
TR001359,2024-03-28,GAS,T08,Short,1362,31.96,43534.82,-216.18
TR001360,2024-03-28,PWR,T08,Long,834,85.86,71604.16,-1146.49
TR001361,2024-03-29,COAL,T05,Short,1368,107.73,147373.21,-3860.79
TR001362,2024-03-29,COAL,T01,Short,1453,111.55,162086.65,-1706.34
TR001363,2024-03-29,GAS,T06,Short,303,30.52,9246.53,-55.68
TR001364,2024-03-29,COAL,T03,Short,1347,110.77,149202.91,897.71
TR001365,2024-03-29,PWR,T06,Long,1275,97.39,124169.86,306.86
TR001366,2024-03-29,GAS,T08,Long,748,31.19,23326.84,-153.56
TR001367,2024-03-29,CO2,T07,Short,564,66.3,37393.35,140.17
TR001368,2024-03-29,PWR,T06,Short,117,83.04,9715.38,-123.52
TR001369,2024-03-29,PWR,T03,Long,1520,84.16,127915.77,-1222.0
TR001370,2024-03-29,COAL,T06,Long,1549,114.64,177581.38,1607.27
TR001371,2024-03-29,CO2,T08,Short,237,63.44,15034.19,-358.83
TR001372,2024-03-29,PWR,T01,Short,1229,81.24,99839.81,-130.65
TR001373,2024-03-29,COAL,T07,Short,1654,115.02,190243.12,574.78
TR001374,2024-03-29,PWR,T04,Short,1180,81.87,96605.32,-276.24
TR001375,2024-03-29,GAS,T04,Long,1780,30.31,53957.24,1691.71
TR001376,2024-03-29,PWR,T07,Short,591,91.71,54202.56,561.76
TR001377,2024-03-29,GAS,T04,Short,1410,35.15,49559.94,-525.61
TR001378,2024-03-29,PWR,T01,Short,991,86.35,85570.3,-2280.26
TR001379,2024-03-29,PWR,T08,Long,100,97.19,9719.0,144.43
TR001380,2024-03-29,COAL,T07,Long,1508,106.49,160582.84,-646.63
TR001381,2024-03-29,COAL,T05,Short,952,112.67,107257.89,-2369.27
TR001382,2024-03-29,GAS,T07,Short,863,35.95,31023.69,-548.67
TR001383,2024-03-29,GAS,T01,Short,444,32.29,14337.18,-193.12
TR001384,2024-03-29,CO2,T03,Short,640,65.21,41735.28,604.33
TR001385,2024-03-29,CO2,T08,Short,88,67.16,5910.23,50.87
TR001386,2024-03-29,GAS,T08,Long,935,33.91,31706.85,354.81
TR001387,2024-03-29,PWR,T04,Long,629,99.84,62796.34,-691.18
TR001388,2024-04-01,CO2,T08,Long,1140,62.59,71357.7,247.22
TR001389,2024-04-01,GAS,T05,Long,369,31.07,11464.77,-28.07
TR001390,2024-04-01,PWR,T02,Long,1869,91.62,171234.88,4320.99
TR001391,2024-04-01,COAL,T01,Long,863,114.03,98407.43,3155.35
TR001392,2024-04-01,PWR,T07,Short,666,93.14,62028.1,1459.17
TR001393,2024-04-01,PWR,T05,Long,1510,86.31,130320.7,2358.14
TR001394,2024-04-01,PWR,T02,Long,1400,68.76,96267.22,627.08
TR001395,2024-04-01,GAS,T07,Short,1713,32.22,55189.84,-336.81
TR001396,2024-04-01,COAL,T03,Long,56,113.82,6373.78,88.85
TR001397,2024-04-01,COAL,T04,Long,640,103.15,66018.36,572.67
TR001398,2024-04-01,GAS,T04,Long,957,30.3,28994.28,162.68
TR001399,2024-04-01,COAL,T08,Short,1602,117.27,187863.3,-3992.55
TR001400,2024-04-01,CO2,T08,Long,472,62.61,29550.23,9.63
TR001401,2024-04-01,CO2,T02,Long,327,71.45,23365.66,58.75
TR001402,2024-04-01,GAS,T02,Short,1573,32.33,50852.23,1178.69
TR001403,2024-04-01,CO2,T04,Short,1833,62.0,113646.13,-2078.86
TR001404,2024-04-02,CO2,T08,Long,1847,67.71,125061.43,-2517.39
TR001405,2024-04-02,GAS,T05,Short,628,32.89,20656.27,-90.87
TR001406,2024-04-02,COAL,T04,Short,480,106.47,51104.15,844.55
TR001407,2024-04-02,COAL,T06,Short,185,113.07,20917.58,253.82
TR001408,2024-04-02,COAL,T02,Short,1078,105.83,114087.41,566.49
TR001409,2024-04-02,GAS,T08,Long,68,32.7,2223.38,-9.2
TR001410,2024-04-02,GAS,T08,Long,1833,34.31,62896.06,487.53
TR001411,2024-04-02,COAL,T02,Long,1644,115.95,190617.97,-3560.22
TR001412,2024-04-02,PWR,T07,Long,1255,91.57,114919.14,700.02
TR001413,2024-04-02,GAS,T01,Short,779,32.74,25507.3,-561.08
TR001414,2024-04-02,PWR,T05,Short,542,83.12,45050.48,-707.32
TR001415,2024-04-02,COAL,T06,Short,1263,111.7,141083.34,-688.33
TR001416,2024-04-02,GAS,T04,Short,653,29.98,19577.09,-599.56
TR001417,2024-04-02,CO2,T05,Long,760,69.18,52580.04,290.63
TR001418,2024-04-02,CO2,T06,Long,803,56.28,45190.8,529.73
TR001419,2024-04-02,COAL,T05,Short,1199,104.37,125144.92,-881.34
TR001420,2024-04-02,GAS,T05,Long,1934,33.62,65030.06,1833.44
TR001421,2024-04-02,PWR,T06,Short,316,76.49,24169.99,-224.83
TR001422,2024-04-02,COAL,T06,Short,1817,106.76,193975.52,4212.3
TR001423,2024-04-02,GAS,T07,Short,1035,32.24,33363.56,157.82
TR001424,2024-04-02,COAL,T01,Long,431,107.73,46430.0,-319.82
TR001425,2024-04-03,GAS,T04,Long,504,34.78,17531.4,161.84
TR001426,2024-04-03,GAS,T02,Long,144,31.97,4603.99,-41.59
TR001427,2024-04-03,COAL,T05,Long,995,109.22,108677.14,-388.96
TR001428,2024-04-03,GAS,T01,Long,1099,33.34,36643.32,1530.55
TR001429,2024-04-03,PWR,T01,Long,1517,89.33,135515.34,4175.42
TR001430,2024-04-03,COAL,T01,Short,943,104.42,98465.58,309.44
TR001431,2024-04-03,CO2,T02,Long,934,64.68,60413.33,1260.37
TR001432,2024-04-03,PWR,T06,Long,661,91.76,60652.85,-77.6
TR001433,2024-04-03,GAS,T08,Long,734,33.43,24538.33,-44.66
TR001434,2024-04-03,CO2,T03,Short,645,62.2,40117.31,-520.33
TR001435,2024-04-03,COAL,T01,Short,1270,116.18,147547.24,831.74
TR001436,2024-04-03,CO2,T02,Short,615,70.22,43185.96,-1023.42
TR001437,2024-04-03,PWR,T08,Short,882,77.77,68592.49,1814.57
TR001438,2024-04-03,CO2,T07,Long,746,61.91,46188.23,157.22
TR001439,2024-04-03,CO2,T02,Long,1638,57.19,93669.58,1169.71
TR001440,2024-04-03,CO2,T05,Long,681,62.69,42688.82,-432.11
TR001441,2024-04-03,PWR,T07,Long,1130,81.29,91855.43,-182.69
TR001442,2024-04-03,GAS,T05,Short,1845,30.02,55380.98,-1037.94
TR001443,2024-04-03,CO2,T05,Long,1289,64.69,83382.73,676.19
TR001444,2024-04-03,GAS,T03,Short,1995,35.04,69914.57,-799.97
TR001445,2024-04-03,CO2,T05,Short,854,75.57,64534.46,505.35
TR001446,2024-04-03,CO2,T01,Short,842,64.52,54327.3,302.46
TR001447,2024-04-03,COAL,T06,Long,969,106.92,103605.25,-2735.11
TR001448,2024-04-03,PWR,T07,Long,1619,75.82,122754.66,63.26
TR001449,2024-04-03,GAS,T06,Long,1705,32.78,55882.85,89.45
TR001450,2024-04-03,PWR,T04,Short,159,80.89,12860.99,-195.73
TR001451,2024-04-03,PWR,T08,Short,1538,84.03,129234.99,-943.58
TR001452,2024-04-03,CO2,T01,Short,298,66.36,19776.02,-515.13
TR001453,2024-04-04,PWR,T01,Short,124,85.72,10628.78,180.16
TR001454,2024-04-04,PWR,T01,Long,1869,82.0,153256.69,-77.87
TR001455,2024-04-04,GAS,T03,Short,253,31.64,8004.1,-6.13
TR001456,2024-04-04,PWR,T02,Short,706,82.41,58182.59,-311.03
TR001457,2024-04-04,GAS,T04,Short,553,30.54,16887.17,47.41
TR001458,2024-04-04,PWR,T07,Long,1273,84.25,107248.76,697.79
TR001459,2024-04-04,COAL,T07,Short,1301,113.46,147611.42,-1875.69
TR001460,2024-04-04,CO2,T08,Short,630,62.34,39273.87,-621.77
TR001461,2024-04-04,CO2,T02,Short,322,67.33,21680.06,121.39
TR001462,2024-04-04,PWR,T04,Long,779,85.24,66405.4,1592.86
TR001463,2024-04-04,PWR,T02,Long,876,92.73,81233.22,1326.71
TR001464,2024-04-04,CO2,T03,Short,1959,65.54,128393.03,-1041.48
TR001465,2024-04-04,COAL,T06,Short,662,111.53,73831.22,369.99
TR001466,2024-04-04,GAS,T01,Long,904,33.91,30653.81,651.41
TR001467,2024-04-04,PWR,T07,Long,428,85.44,36568.91,282.36
TR001468,2024-04-04,CO2,T02,Short,355,68.31,24251.31,254.64
TR001469,2024-04-04,CO2,T06,Long,116,59.33,6882.6,-72.34
TR001470,2024-04-04,GAS,T01,Long,757,33.57,25414.32,-104.22
TR001471,2024-04-05,PWR,T03,Long,162,89.58,14511.93,229.13
TR001472,2024-04-05,COAL,T04,Short,1193,108.34,129253.76,2175.11
TR001473,2024-04-05,GAS,T02,Short,76,35.67,2710.81,-37.0
TR001474,2024-04-05,PWR,T07,Long,704,95.18,67009.95,1124.1
TR001475,2024-04-05,CO2,T08,Long,1594,65.34,104155.64,-449.86
TR001476,2024-04-05,CO2,T04,Short,739,62.69,46327.05,184.73
TR001477,2024-04-05,COAL,T06,Short,1610,109.91,176960.97,-1310.89
TR001478,2024-04-05,PWR,T03,Long,1419,94.64,134288.38,-1055.64
TR001479,2024-04-05,CO2,T04,Long,111,67.72,7517.15,25.93
TR001480,2024-04-05,CO2,T02,Long,1741,66.91,116489.18,563.24
TR001481,2024-04-05,CO2,T01,Short,1632,62.06,101274.19,1498.41
TR001482,2024-04-05,PWR,T08,Short,684,88.04,60217.03,227.54
TR001483,2024-04-05,GAS,T02,Long,1434,32.48,46582.65,528.45
TR001484,2024-04-05,PWR,T03,Short,991,94.99,94135.4,-2751.31
TR001485,2024-04-05,COAL,T04,Long,1862,107.89,200886.81,1512.14
TR001486,2024-04-05,COAL,T08,Short,1344,115.52,155264.53,432.14
TR001487,2024-04-05,CO2,T06,Long,1087,70.84,77005.81,188.41
TR001488,2024-04-05,CO2,T06,Short,230,66.98,15405.28,296.67
TR001489,2024-04-05,GAS,T03,Short,1104,33.55,37041.75,868.15
TR001490,2024-04-05,COAL,T08,Long,635,108.63,68977.95,-777.21
TR001491,2024-04-05,CO2,T02,Short,195,63.22,12327.36,-243.92
TR001492,2024-04-05,PWR,T05,Short,983,88.26,86762.62,478.26
TR001493,2024-04-08,PWR,T01,Long,1133,94.81,107414.93,-1459.83
TR001494,2024-04-08,CO2,T04,Short,1207,68.88,83133.16,904.77
TR001495,2024-04-08,CO2,T02,Long,1301,66.69,86764.85,-1710.39
TR001496,2024-04-08,COAL,T01,Short,1327,112.43,149196.69,710.79
TR001497,2024-04-08,CO2,T08,Long,781,62.78,49027.62,1193.97
TR001498,2024-04-08,CO2,T08,Long,417,62.98,26261.01,271.24
TR001499,2024-04-08,COAL,T03,Short,1755,113.91,199916.37,-2864.98
TR001500,2024-04-08,GAS,T07,Long,1353,31.61,42768.9,35.87
TR001501,2024-04-08,GAS,T08,Long,608,33.84,20576.5,81.06
TR001502,2024-04-08,COAL,T05,Long,211,115.52,24375.58,-700.24
TR001503,2024-04-08,COAL,T02,Long,1207,103.95,125467.32,-4710.77
TR001504,2024-04-08,GAS,T08,Long,649,35.25,22876.85,-375.06
TR001505,2024-04-08,CO2,T03,Short,101,65.31,6596.3,14.51
TR001506,2024-04-08,PWR,T07,Long,1360,85.19,115854.2,-968.61
TR001507,2024-04-08,GAS,T07,Long,1001,32.3,32328.69,262.78
TR001508,2024-04-08,COAL,T01,Short,1227,114.64,140661.96,3985.07
TR001509,2024-04-08,PWR,T08,Short,733,82.13,60204.67,180.82
TR001510,2024-04-08,PWR,T06,Short,805,92.35,74344.49,2039.19
TR001511,2024-04-08,PWR,T06,Long,651,86.06,56026.45,-11.16
TR001512,2024-04-08,PWR,T08,Short,134,90.77,12162.83,-190.22
TR001513,2024-04-08,GAS,T07,Long,445,35.46,15781.02,-156.07
TR001514,2024-04-08,CO2,T03,Long,1417,64.74,91730.89,-1916.51
TR001515,2024-04-08,PWR,T07,Long,280,75.8,21223.24,-333.85
TR001516,2024-04-08,CO2,T07,Long,871,70.07,61033.11,-178.13
TR001517,2024-04-08,CO2,T03,Short,1013,63.96,64794.15,486.13
TR001518,2024-04-08,COAL,T01,Long,1617,118.67,191891.61,-2664.5
TR001519,2024-04-08,CO2,T01,Short,682,64.12,43728.21,693.11
TR001520,2024-04-08,PWR,T02,Long,1124,83.78,94166.6,2271.34
TR001521,2024-04-09,GAS,T07,Short,582,31.67,18431.54,-359.3
TR001522,2024-04-09,PWR,T04,Short,1294,90.04,116511.48,-3770.98
TR001523,2024-04-09,CO2,T03,Long,1316,64.86,85350.06,-252.79
TR001524,2024-04-09,COAL,T04,Long,1301,104.81,136360.05,4330.78
TR001525,2024-04-09,GAS,T06,Long,537,32.13,17251.18,-244.94
TR001526,2024-04-09,PWR,T06,Long,508,76.06,38637.16,-703.27
TR001527,2024-04-09,CO2,T05,Long,513,60.55,31064.26,85.79
TR001528,2024-04-09,GAS,T04,Short,1859,31.28,58156.34,-634.36
TR001529,2024-04-09,CO2,T04,Short,555,70.96,39383.03,-482.03
TR001530,2024-04-09,PWR,T08,Short,576,81.21,46777.77,-1551.67
TR001531,2024-04-09,COAL,T07,Long,379,119.27,45204.04,267.68
TR001532,2024-04-09,CO2,T07,Long,400,70.92,28368.01,358.45
TR001533,2024-04-09,GAS,T02,Short,1368,31.32,42842.83,-1800.28
TR001534,2024-04-09,CO2,T02,Short,1888,62.71,118388.58,2250.47
TR001535,2024-04-09,GAS,T05,Short,358,34.04,12184.65,-179.13
TR001536,2024-04-09,GAS,T07,Short,885,33.85,29959.36,209.93
TR001537,2024-04-09,GAS,T03,Short,1817,33.91,61610.27,-1704.25
TR001538,2024-04-09,PWR,T04,Long,122,89.07,10865.96,64.19
TR001539,2024-04-09,GAS,T07,Short,1731,33.99,58836.11,-1180.08
TR001540,2024-04-09,GAS,T08,Short,1176,32.54,38263.89,699.55
TR001541,2024-04-09,COAL,T07,Long,672,116.14,78044.39,-835.9
TR001542,2024-04-10,GAS,T03,Long,1176,30.73,36139.41,308.01
TR001543,2024-04-10,PWR,T06,Long,1680,89.4,150185.56,-1311.7
TR001544,2024-04-10,GAS,T07,Long,241,31.55,7603.2,-91.79
TR001545,2024-04-10,COAL,T08,Long,1719,110.65,190200.61,-1242.49
TR001546,2024-04-10,PWR,T05,Short,115,90.57,10415.65,-315.77
TR001547,2024-04-10,COAL,T05,Long,1807,114.37,206673.17,2836.18
TR001548,2024-04-10,COAL,T06,Short,571,108.91,62186.21,341.11
TR001549,2024-04-10,COAL,T01,Long,1162,110.91,128875.35,283.32
TR001550,2024-04-10,GAS,T03,Long,1891,33.75,63819.61,418.97
TR001551,2024-04-10,GAS,T04,Short,1672,34.25,57258.1,-1505.95
TR001552,2024-04-10,GAS,T08,Long,1384,33.97,47012.43,-416.21
TR001553,2024-04-10,CO2,T01,Short,166,72.08,11965.37,-98.99
TR001554,2024-04-10,COAL,T04,Short,552,117.09,64634.82,711.02
TR001555,2024-04-10,COAL,T01,Long,741,113.0,83734.34,-24.51
TR001556,2024-04-10,COAL,T01,Short,367,107.96,39621.23,452.66
TR001557,2024-04-10,COAL,T03,Short,1595,104.54,166740.43,-3075.16
TR001558,2024-04-11,PWR,T02,Long,436,83.84,36553.49,-562.16
TR001559,2024-04-11,COAL,T04,Long,1496,105.59,157959.52,-1642.18
TR001560,2024-04-11,COAL,T01,Short,89,114.99,10234.06,-245.2
TR001561,2024-04-11,COAL,T04,Short,1797,115.98,208413.88,-3912.54
TR001562,2024-04-11,CO2,T06,Short,1088,65.58,71351.89,1014.31
TR001563,2024-04-11,GAS,T01,Long,609,33.07,20141.7,4.65
TR001564,2024-04-11,GAS,T03,Short,332,31.05,10309.23,69.99
TR001565,2024-04-11,COAL,T08,Long,971,122.2,118658.55,2420.85
TR001566,2024-04-11,PWR,T04,Long,907,88.97,80691.72,1509.11
TR001567,2024-04-11,PWR,T04,Short,318,87.22,27735.64,-83.59
TR001568,2024-04-11,COAL,T03,Long,1555,111.03,172651.35,89.99
TR001569,2024-04-11,GAS,T07,Long,1369,35.9,49150.93,-1192.16
TR001570,2024-04-11,COAL,T05,Long,108,106.58,11510.45,-193.69
TR001571,2024-04-11,CO2,T01,Long,1633,72.43,118273.1,-417.21
TR001572,2024-04-11,CO2,T01,Long,1290,62.94,81196.64,314.1
TR001573,2024-04-11,COAL,T04,Short,457,110.05,50292.75,791.94
TR001574,2024-04-11,GAS,T04,Short,477,30.92,14746.67,-307.25
TR001575,2024-04-11,CO2,T07,Short,1627,63.05,102585.95,-1691.54
TR001576,2024-04-11,GAS,T05,Long,1947,32.48,63240.67,-942.05
TR001577,2024-04-11,PWR,T02,Short,308,91.93,28315.56,-32.52
TR001578,2024-04-12,COAL,T07,Long,479,107.61,51545.97,-801.15
TR001579,2024-04-12,PWR,T02,Short,1821,79.46,144692.86,-1806.35
TR001580,2024-04-12,PWR,T01,Long,1942,86.41,167802.46,801.58
TR001581,2024-04-12,GAS,T05,Long,1751,32.09,56189.02,-1487.67
TR001582,2024-04-12,CO2,T05,Long,1589,69.72,110784.66,-933.66
TR001583,2024-04-12,PWR,T03,Long,499,95.52,47666.13,-1153.52
TR001584,2024-04-12,GAS,T05,Long,1119,37.29,41730.82,497.81
TR001585,2024-04-12,GAS,T02,Long,1730,33.07,57218.59,-932.7
TR001586,2024-04-12,COAL,T08,Short,888,106.4,94485.64,-145.54
TR001587,2024-04-12,COAL,T06,Short,476,101.15,48147.47,-476.55
TR001588,2024-04-12,PWR,T06,Long,1772,90.22,159868.4,-3385.55
TR001589,2024-04-12,CO2,T08,Long,1713,57.62,98704.78,332.27
TR001590,2024-04-12,COAL,T01,Long,1053,112.17,118110.57,-301.58
TR001591,2024-04-12,PWR,T03,Short,1427,88.33,126047.82,344.19
TR001592,2024-04-12,COAL,T04,Short,265,111.21,29471.12,410.41
TR001593,2024-04-12,CO2,T05,Long,1676,66.2,110958.69,-169.56
TR001594,2024-04-12,COAL,T05,Short,262,113.49,29735.5,-359.03
TR001595,2024-04-12,COAL,T04,Long,1510,106.21,160384.49,4370.82
TR001596,2024-04-12,PWR,T05,Long,1939,79.41,153967.07,2577.8
TR001597,2024-04-12,COAL,T06,Short,323,116.42,37602.24,722.85
TR001598,2024-04-12,CO2,T08,Long,1542,64.24,99054.45,334.92
TR001599,2024-04-12,PWR,T06,Long,428,77.19,33037.78,49.34
TR001600,2024-04-12,COAL,T06,Long,639,109.18,69768.05,114.42
TR001601,2024-04-12,GAS,T06,Short,430,32.05,13779.86,74.4
TR001602,2024-04-12,PWR,T02,Long,1675,90.96,152360.06,-335.86
TR001603,2024-04-15,CO2,T01,Long,511,71.79,36683.73,-36.41
TR001604,2024-04-15,COAL,T08,Short,814,111.52,90779.29,-295.99
TR001605,2024-04-15,GAS,T08,Long,1687,35.87,60515.23,-501.86
TR001606,2024-04-15,PWR,T07,Long,219,93.83,20548.49,-100.81
TR001607,2024-04-15,PWR,T02,Short,1579,72.99,115252.66,2758.03
TR001608,2024-04-15,COAL,T05,Short,928,116.73,108322.82,-1818.22
TR001609,2024-04-15,PWR,T07,Short,175,85.88,15028.74,-272.1
TR001610,2024-04-15,CO2,T04,Long,1260,72.38,91203.06,-228.8
TR001611,2024-04-15,COAL,T06,Long,1722,108.75,187262.97,2938.59
TR001612,2024-04-15,COAL,T08,Short,791,108.66,85953.97,707.47
TR001613,2024-04-15,CO2,T03,Short,1631,63.05,102834.55,581.92
TR001614,2024-04-15,CO2,T03,Short,1915,62.52,119728.95,-1822.68
TR001615,2024-04-15,GAS,T04,Short,1255,31.17,39112.24,-236.22
TR001616,2024-04-15,GAS,T07,Long,464,32.64,15144.0,-55.11
TR001617,2024-04-15,PWR,T01,Long,1822,77.02,140323.78,-450.7
TR001618,2024-04-15,PWR,T05,Long,655,84.22,55164.37,-726.26
TR001619,2024-04-15,GAS,T01,Short,855,33.14,28332.89,655.23
TR001620,2024-04-15,COAL,T06,Short,1146,110.09,126161.76,-1892.5
TR001621,2024-04-15,GAS,T05,Short,1218,33.46,40757.61,314.81
TR001622,2024-04-15,GAS,T06,Short,1551,32.33,50148.9,277.2
TR001623,2024-04-15,COAL,T05,Short,1080,114.18,123315.85,3611.49
TR001624,2024-04-15,CO2,T02,Short,1244,65.98,82081.12,888.08
TR001625,2024-04-16,COAL,T06,Short,189,109.02,20605.5,125.04
TR001626,2024-04-16,COAL,T01,Short,872,117.48,102443.82,1182.7
TR001627,2024-04-16,CO2,T08,Long,453,66.82,30269.51,-493.09
TR001628,2024-04-16,PWR,T02,Short,1770,101.98,180509.62,-5872.23
TR001629,2024-04-16,GAS,T08,Short,1312,33.36,43762.89,94.53
TR001630,2024-04-16,GAS,T05,Short,1789,30.83,55154.23,139.73
TR001631,2024-04-16,CO2,T06,Long,292,71.12,20766.88,-24.73
TR001632,2024-04-16,CO2,T07,Long,188,70.89,13326.52,-51.52
TR001633,2024-04-16,PWR,T02,Long,1194,84.2,100529.35,935.68
TR001634,2024-04-16,PWR,T08,Long,809,85.77,69384.96,-1423.08
TR001635,2024-04-16,PWR,T06,Long,1583,97.51,154350.81,-1155.78
TR001636,2024-04-16,PWR,T06,Long,891,90.39,80541.58,937.11
TR001637,2024-04-16,COAL,T08,Long,691,110.33,76238.7,-1156.06
TR001638,2024-04-16,PWR,T05,Long,609,82.85,50458.65,-1033.74
TR001639,2024-04-16,CO2,T01,Short,1237,66.27,81972.1,242.84
TR001640,2024-04-16,GAS,T04,Long,1714,32.45,55611.07,1358.07
TR001641,2024-04-16,GAS,T05,Short,453,30.05,13610.64,96.78
TR001642,2024-04-16,COAL,T07,Long,705,115.6,81497.45,-316.93
TR001643,2024-04-16,COAL,T02,Long,871,114.65,99860.9,607.93
TR001644,2024-04-16,COAL,T05,Long,681,112.57,76658.03,794.22
TR001645,2024-04-16,GAS,T08,Long,312,33.27,10378.73,105.19
TR001646,2024-04-16,GAS,T06,Short,1617,34.38,55598.59,-614.68
TR001647,2024-04-16,CO2,T08,Short,514,65.75,33797.82,261.33
TR001648,2024-04-16,CO2,T04,Short,1840,64.99,119590.26,-2411.45
TR001649,2024-04-16,CO2,T02,Short,1211,67.4,81618.67,-108.17
TR001650,2024-04-17,GAS,T08,Short,1817,30.99,56313.04,62.02
TR001651,2024-04-17,GAS,T05,Long,1564,30.09,47059.21,-641.1
TR001652,2024-04-17,GAS,T08,Long,114,33.09,3771.91,-65.9
TR001653,2024-04-17,COAL,T03,Short,1966,112.36,220909.52,1739.12
TR001654,2024-04-17,CO2,T07,Short,1632,61.07,99665.84,1626.43
TR001655,2024-04-17,GAS,T07,Long,1235,32.6,40262.14,610.24
TR001656,2024-04-17,GAS,T03,Long,1608,32.3,51940.47,-103.92
TR001657,2024-04-17,COAL,T03,Long,801,114.31,91563.02,-521.52
TR001658,2024-04-17,GAS,T07,Long,673,33.3,22411.1,163.02
TR001659,2024-04-17,COAL,T08,Long,1592,115.07,183197.51,-227.81
TR001660,2024-04-17,PWR,T04,Long,245,85.05,20836.56,-187.7
TR001661,2024-04-17,PWR,T06,Long,423,85.95,36355.76,-801.44
TR001662,2024-04-17,COAL,T07,Long,447,106.64,47667.85,-133.44
TR001663,2024-04-17,PWR,T08,Short,1558,83.69,130392.66,-1614.7
TR001664,2024-04-17,COAL,T05,Short,697,115.52,80517.54,-958.07
TR001665,2024-04-17,CO2,T04,Short,935,63.82,59670.17,1351.52
TR001666,2024-04-17,COAL,T07,Long,1811,110.32,199792.63,3803.61
TR001667,2024-04-17,COAL,T03,Short,176,107.89,18988.5,542.31
TR001668,2024-04-17,CO2,T06,Short,1315,65.88,86637.38,757.13
TR001669,2024-04-17,CO2,T07,Short,1438,66.99,96335.39,599.75
TR001670,2024-04-17,COAL,T05,Long,921,106.04,97667.4,-501.84
TR001671,2024-04-17,CO2,T06,Long,417,66.39,27684.67,200.6
TR001672,2024-04-17,GAS,T07,Short,1401,32.04,44892.81,939.06
TR001673,2024-04-18,PWR,T02,Long,1562,83.58,130554.62,-314.68
TR001674,2024-04-18,CO2,T06,Long,177,69.39,12281.91,295.52
TR001675,2024-04-18,COAL,T07,Long,1959,114.6,224494.24,-974.75
TR001676,2024-04-18,PWR,T08,Short,1881,94.97,178630.65,2538.87
TR001677,2024-04-18,GAS,T05,Long,1704,32.1,54691.5,894.63
TR001678,2024-04-18,GAS,T05,Long,301,33.55,10097.78,-36.93
TR001679,2024-04-18,PWR,T01,Long,1288,83.81,107951.82,437.77
TR001680,2024-04-18,GAS,T06,Short,277,32.71,9059.91,14.18
TR001681,2024-04-18,GAS,T01,Long,1657,31.42,52057.09,433.49
TR001682,2024-04-18,CO2,T03,Short,1654,75.18,124345.68,-2417.15
TR001683,2024-04-18,PWR,T08,Long,828,82.47,68283.41,-123.42
TR001684,2024-04-18,GAS,T07,Long,1614,32.38,52268.1,1023.54
TR001685,2024-04-18,GAS,T03,Short,1679,34.26,57523.54,-31.33
TR001686,2024-04-18,GAS,T04,Short,145,34.61,5017.78,46.94
TR001687,2024-04-18,GAS,T03,Short,1117,32.6,36410.87,-723.94
TR001688,2024-04-18,COAL,T04,Long,1984,121.01,240089.58,6507.12
TR001689,2024-04-18,CO2,T08,Short,1767,69.89,123497.98,-332.88
TR001690,2024-04-18,GAS,T04,Short,662,30.71,20333.13,26.37
TR001691,2024-04-18,GAS,T03,Short,1509,34.99,52803.69,-664.59
TR001692,2024-04-18,GAS,T04,Long,1211,34.21,41433.37,525.94
TR001693,2024-04-18,COAL,T04,Long,1606,106.82,171559.79,1661.74
TR001694,2024-04-18,COAL,T03,Short,1979,111.48,220622.16,2494.27
TR001695,2024-04-18,CO2,T01,Long,611,65.0,39713.46,325.06
TR001696,2024-04-18,CO2,T03,Long,1739,64.12,111507.84,942.29
TR001697,2024-04-18,GAS,T04,Short,1045,31.23,32639.67,-432.23
TR001698,2024-04-18,GAS,T01,Long,929,33.58,31198.36,357.74
TR001699,2024-04-18,CO2,T07,Short,1820,59.6,108474.37,-2521.73
TR001700,2024-04-19,PWR,T07,Long,1282,92.59,118697.23,-431.14
TR001701,2024-04-19,GAS,T01,Long,207,33.33,6899.9,28.75
TR001702,2024-04-19,CO2,T06,Long,1605,68.15,109387.6,2225.12
TR001703,2024-04-19,GAS,T03,Long,888,31.76,28202.85,-5.32
TR001704,2024-04-19,COAL,T03,Short,1166,106.24,123872.2,-250.47
TR001705,2024-04-19,CO2,T02,Long,1761,69.49,122380.62,1117.92
TR001706,2024-04-19,GAS,T07,Short,1491,34.08,50817.38,-1123.95
TR001707,2024-04-19,PWR,T03,Long,1878,88.62,166432.45,605.27
TR001708,2024-04-19,COAL,T01,Long,1148,108.12,124125.82,-1510.01
TR001709,2024-04-19,PWR,T04,Long,717,83.57,59919.22,942.29
TR001710,2024-04-19,COAL,T02,Long,1752,120.26,210689.73,655.05
TR001711,2024-04-19,CO2,T08,Short,644,68.42,44064.53,-219.18
TR001712,2024-04-19,CO2,T07,Long,1014,65.14,66047.87,-833.96
TR001713,2024-04-19,COAL,T08,Long,113,105.28,11896.15,-6.3
TR001714,2024-04-19,CO2,T03,Long,1159,64.44,74691.09,-999.09
TR001715,2024-04-19,COAL,T08,Short,121,113.87,13778.42,68.71
TR001716,2024-04-22,COAL,T06,Short,327,106.8,34922.87,170.91
TR001717,2024-04-22,PWR,T01,Short,1770,88.77,157124.82,3779.79
TR001718,2024-04-22,PWR,T08,Long,802,91.22,73156.67,583.17
TR001719,2024-04-22,PWR,T08,Long,849,92.44,78483.09,-1542.17
TR001720,2024-04-22,PWR,T08,Long,1175,90.0,105750.26,456.09
TR001721,2024-04-22,CO2,T04,Long,1542,71.41,110121.3,1464.35
TR001722,2024-04-22,GAS,T06,Short,356,34.14,12153.25,-397.88
TR001723,2024-04-22,CO2,T07,Long,50,64.73,3236.5,-74.04
TR001724,2024-04-22,COAL,T01,Long,1506,111.45,167843.77,-839.34
TR001725,2024-04-22,COAL,T03,Long,1107,108.19,119770.42,-1648.41
TR001726,2024-04-22,CO2,T07,Long,1813,67.18,121797.05,-2619.03
TR001727,2024-04-22,GAS,T04,Short,1547,33.73,52178.56,334.88
TR001728,2024-04-22,GAS,T05,Long,925,33.08,30597.65,-354.13
TR001729,2024-04-22,GAS,T07,Long,382,33.33,12730.43,-116.81
TR001730,2024-04-22,COAL,T05,Short,1273,115.65,147226.11,223.82
TR001731,2024-04-23,CO2,T04,Long,124,62.2,7712.46,196.38
TR001732,2024-04-23,COAL,T06,Long,1257,117.86,148148.28,-1551.61
TR001733,2024-04-23,CO2,T04,Long,814,72.79,59251.87,996.21
TR001734,2024-04-23,CO2,T02,Long,1744,62.91,109719.67,-1976.3
TR001735,2024-04-23,GAS,T06,Short,1962,35.26,69174.55,-411.55
TR001736,2024-04-23,CO2,T01,Long,1297,67.5,87551.63,1977.7
TR001737,2024-04-23,PWR,T07,Short,436,90.81,39591.36,-557.62
TR001738,2024-04-23,GAS,T02,Long,743,33.44,24847.81,-525.83
TR001739,2024-04-23,COAL,T02,Long,1268,113.68,144140.1,1558.1
TR001740,2024-04-23,CO2,T08,Long,1979,76.06,150521.97,3866.09
TR001741,2024-04-23,CO2,T03,Long,590,64.55,38082.15,-540.95
TR001742,2024-04-23,COAL,T06,Short,1952,115.78,226006.98,6369.94
TR001743,2024-04-23,PWR,T06,Short,1573,83.88,131939.28,806.66
TR001744,2024-04-23,CO2,T06,Short,223,69.85,15575.9,368.53
TR001745,2024-04-23,COAL,T05,Short,645,114.96,74146.58,-546.39
TR001746,2024-04-24,PWR,T05,Long,263,75.67,19900.34,-444.83
TR001747,2024-04-24,GAS,T03,Short,198,31.48,6233.58,44.8
TR001748,2024-04-24,COAL,T04,Long,879,114.57,100705.99,1614.35
TR001749,2024-04-24,PWR,T06,Long,846,92.77,78479.3,-777.12
TR001750,2024-04-24,PWR,T02,Short,981,95.59,93770.32,1667.31
TR001751,2024-04-24,GAS,T06,Short,181,30.43,5507.31,-24.68
TR001752,2024-04-24,COAL,T02,Long,183,110.18,20163.48,105.11
TR001753,2024-04-24,GAS,T06,Short,1416,31.39,44452.81,-340.5
TR001754,2024-04-24,GAS,T05,Long,1241,31.9,39588.04,-34.36
TR001755,2024-04-24,COAL,T06,Long,992,111.42,110524.02,426.16
TR001756,2024-04-24,GAS,T01,Long,200,30.87,6174.06,15.3
TR001757,2024-04-24,GAS,T06,Short,1311,32.91,43144.73,-719.84
TR001758,2024-04-24,CO2,T06,Long,1908,68.06,129854.25,1486.95
TR001759,2024-04-24,COAL,T02,Short,1538,116.88,179753.83,3744.74
TR001760,2024-04-24,PWR,T05,Short,1972,94.31,185980.06,1318.12
TR001761,2024-04-24,COAL,T05,Short,1976,110.97,219277.29,-244.3
TR001762,2024-04-24,COAL,T04,Long,1412,115.5,163090.08,-2704.15
TR001763,2024-04-24,COAL,T07,Long,510,107.02,54582.74,558.2
TR001764,2024-04-24,CO2,T01,Short,279,63.92,17832.64,13.09
TR001765,2024-04-24,PWR,T06,Long,223,85.71,19113.46,270.36
TR001766,2024-04-24,CO2,T03,Long,243,63.8,15504.02,-424.8
TR001767,2024-04-24,CO2,T04,Short,784,63.52,49801.1,434.25
TR001768,2024-04-24,CO2,T02,Short,1857,71.26,132326.41,3140.75
TR001769,2024-04-24,CO2,T01,Long,1015,66.69,67689.83,-118.19
TR001770,2024-04-24,COAL,T03,Short,1849,117.01,216343.53,-2462.58
TR001771,2024-04-24,PWR,T07,Long,623,94.03,58578.08,-640.37
TR001772,2024-04-24,CO2,T02,Long,999,65.07,65003.61,393.33
TR001773,2024-04-24,GAS,T08,Short,890,32.51,28932.25,1013.1
TR001774,2024-04-24,CO2,T02,Short,1123,63.64,71469.02,2386.06
TR001775,2024-04-25,CO2,T04,Long,624,67.27,41976.43,-224.56
TR001776,2024-04-25,CO2,T02,Long,853,67.92,57932.53,-231.34
TR001777,2024-04-25,COAL,T01,Short,1742,114.55,199547.12,-2551.43
TR001778,2024-04-25,GAS,T04,Short,604,35.39,21373.08,123.7
TR001779,2024-04-25,CO2,T06,Short,615,63.79,39231.83,-370.48
TR001780,2024-04-25,GAS,T05,Long,598,33.45,20001.71,308.15
TR001781,2024-04-25,PWR,T06,Short,1162,78.17,90837.89,615.37
TR001782,2024-04-25,COAL,T03,Long,1812,111.43,201916.31,-645.92
TR001783,2024-04-25,COAL,T07,Long,1612,113.5,182967.84,-4768.34
TR001784,2024-04-25,GAS,T06,Short,483,31.86,15389.26,157.18
TR001785,2024-04-25,PWR,T06,Short,1420,86.34,122596.42,-702.65
TR001786,2024-04-25,GAS,T06,Long,161,35.04,5641.66,-2.98
TR001787,2024-04-25,COAL,T06,Long,912,105.6,96310.52,-86.57
TR001788,2024-04-25,CO2,T05,Long,474,56.96,26999.95,-532.28
TR001789,2024-04-25,COAL,T06,Long,1906,108.52,206846.53,-4761.16
TR001790,2024-04-25,CO2,T04,Long,910,66.96,60934.17,-41.17
TR001791,2024-04-25,CO2,T04,Long,1272,67.5,85863.3,-1299.42
TR001792,2024-04-25,COAL,T02,Long,1226,108.84,133438.92,1874.99
TR001793,2024-04-25,GAS,T01,Long,1140,36.77,41913.03,-544.24
TR001794,2024-04-25,PWR,T04,Short,572,80.98,46320.89,-42.89
TR001795,2024-04-25,CO2,T07,Long,1328,65.25,86657.0,-1250.89
TR001796,2024-04-25,GAS,T04,Long,634,31.92,20236.26,28.66
TR001797,2024-04-25,CO2,T08,Short,1595,71.36,113816.57,1323.76
TR001798,2024-04-26,PWR,T02,Long,1375,88.88,122214.94,2795.03
TR001799,2024-04-26,GAS,T05,Short,611,31.11,19011.05,213.96
TR001800,2024-04-26,GAS,T01,Short,588,34.67,20388.68,-481.25
TR001801,2024-04-26,CO2,T07,Short,1690,67.13,113445.3,-150.86
TR001802,2024-04-26,PWR,T01,Long,1986,91.15,181014.72,-871.19
TR001803,2024-04-26,GAS,T05,Short,872,30.69,26759.07,-131.49
TR001804,2024-04-26,GAS,T05,Long,1377,32.7,45034.56,61.21
TR001805,2024-04-26,CO2,T05,Long,1065,60.0,63900.97,-385.41
TR001806,2024-04-26,COAL,T03,Long,953,107.07,102040.04,1079.58
TR001807,2024-04-26,COAL,T02,Short,1647,113.19,186420.96,4659.28
TR001808,2024-04-26,COAL,T05,Long,1859,109.5,203566.92,-876.75
TR001809,2024-04-26,CO2,T05,Long,795,69.12,54947.12,-179.21
TR001810,2024-04-26,GAS,T05,Short,265,33.91,8987.18,-66.37
TR001811,2024-04-26,COAL,T01,Short,1622,106.95,173478.62,353.57
TR001812,2024-04-26,COAL,T02,Short,496,113.93,56511.44,-104.65
TR001813,2024-04-26,PWR,T08,Long,1278,87.66,112029.8,-2988.42
TR001814,2024-04-26,GAS,T06,Long,349,32.95,11498.59,201.83
TR001815,2024-04-29,GAS,T05,Short,575,32.65,18771.4,-236.01
TR001816,2024-04-29,GAS,T01,Long,862,31.51,27164.9,553.48
TR001817,2024-04-29,PWR,T06,Long,1292,90.11,116417.67,-1760.55
TR001818,2024-04-29,PWR,T02,Long,1999,96.18,192261.36,-2671.69
TR001819,2024-04-29,CO2,T08,Long,1326,65.47,86818.55,3046.82
TR001820,2024-04-29,PWR,T05,Long,1749,83.27,145635.71,-84.73
TR001821,2024-04-29,GAS,T01,Long,73,33.99,2481.59,22.54
TR001822,2024-04-29,COAL,T03,Long,907,110.97,100650.94,-2797.63
TR001823,2024-04-29,PWR,T06,Long,1044,92.51,96579.46,1261.58
TR001824,2024-04-29,PWR,T01,Long,556,84.7,47092.49,-156.09
TR001825,2024-04-29,PWR,T01,Long,992,86.72,86024.02,-882.97
TR001826,2024-04-29,GAS,T02,Long,876,29.53,25872.17,-96.65
TR001827,2024-04-29,CO2,T01,Long,1189,65.77,78204.4,1355.12
TR001828,2024-04-29,GAS,T02,Long,56,30.45,1705.41,15.74
TR001829,2024-04-29,GAS,T04,Short,1202,33.61,40399.89,497.54
TR001830,2024-04-29,PWR,T05,Long,1905,83.23,158555.27,-67.76
TR001831,2024-04-29,COAL,T06,Short,424,117.54,49837.46,-747.93
TR001832,2024-04-29,GAS,T03,Long,1177,32.86,38671.8,-515.62
TR001833,2024-04-29,PWR,T04,Long,1368,77.32,105766.92,-318.95
TR001834,2024-04-29,CO2,T07,Short,501,66.99,33559.5,579.13
TR001835,2024-04-29,PWR,T01,Short,259,82.57,21385.92,-356.3
TR001836,2024-04-29,PWR,T02,Long,1826,83.74,152912.25,-126.39
TR001837,2024-04-29,CO2,T05,Long,848,68.53,58111.57,154.58
TR001838,2024-04-30,COAL,T06,Short,1388,110.75,153722.55,-303.34
TR001839,2024-04-30,PWR,T08,Long,1358,90.16,122441.83,906.44
TR001840,2024-04-30,GAS,T01,Short,781,31.83,24857.25,-591.69
TR001841,2024-04-30,PWR,T01,Long,168,80.18,13470.49,35.65
TR001842,2024-04-30,PWR,T01,Long,980,89.49,87702.46,2348.6
TR001843,2024-04-30,CO2,T06,Short,1905,63.02,120053.02,2005.92
TR001844,2024-04-30,PWR,T01,Short,306,96.18,29430.97,-1037.88
TR001845,2024-04-30,GAS,T08,Long,1372,31.69,43480.97,-79.96
TR001846,2024-04-30,COAL,T05,Long,1024,108.33,110931.14,-3316.44
TR001847,2024-04-30,GAS,T05,Long,1996,31.98,63833.68,449.17
TR001848,2024-04-30,GAS,T08,Short,1054,33.92,35752.15,-591.43
TR001849,2024-04-30,GAS,T03,Short,277,34.08,9441.26,235.55
TR001850,2024-04-30,PWR,T08,Short,1125,88.06,99071.15,-343.92
TR001851,2024-04-30,COAL,T05,Short,530,113.84,60332.87,-265.46
TR001852,2024-04-30,CO2,T04,Short,1831,63.36,116003.69,-1252.46
TR001853,2024-04-30,COAL,T04,Long,855,115.55,98791.06,3343.67
TR001854,2024-04-30,CO2,T01,Long,681,66.56,45326.88,142.5
TR001855,2024-04-30,PWR,T07,Short,1656,84.15,139350.98,-649.32
TR001856,2024-04-30,GAS,T05,Short,1206,33.07,39887.25,-444.76
TR001857,2024-04-30,GAS,T03,Short,1088,33.15,36067.82,-66.94
TR001858,2024-05-01,PWR,T05,Short,1781,81.3,144796.35,-2923.85
TR001859,2024-05-01,PWR,T02,Long,1671,78.64,131411.25,773.56
TR001860,2024-05-01,CO2,T01,Long,574,67.28,38618.81,87.2
TR001861,2024-05-01,GAS,T04,Short,518,34.41,17824.63,-59.59
TR001862,2024-05-01,GAS,T03,Short,913,31.65,28897.44,259.77
TR001863,2024-05-01,PWR,T06,Short,228,99.41,22665.97,-12.44
TR001864,2024-05-01,PWR,T02,Long,776,81.42,63184.3,-436.51
TR001865,2024-05-01,PWR,T06,Long,1508,69.08,104168.68,142.76
TR001866,2024-05-01,COAL,T06,Short,1045,116.2,121430.12,1023.17
TR001867,2024-05-01,PWR,T05,Long,1139,76.4,87014.47,1070.39
TR001868,2024-05-01,PWR,T05,Long,1637,86.07,140896.73,692.85
TR001869,2024-05-01,GAS,T04,Short,1821,33.24,60529.58,-529.09
TR001870,2024-05-01,GAS,T05,Long,1244,35.2,43790.83,-481.81
TR001871,2024-05-01,PWR,T07,Long,274,79.55,21797.82,-496.91
TR001872,2024-05-01,GAS,T02,Short,1547,32.58,50405.44,1140.15
TR001873,2024-05-01,GAS,T01,Long,1591,35.22,56042.89,-1163.5
TR001874,2024-05-01,COAL,T03,Short,1734,99.89,173202.85,3193.92
TR001875,2024-05-01,COAL,T03,Long,1744,115.29,201059.8,-377.82
TR001876,2024-05-01,PWR,T08,Short,830,91.17,75668.71,1758.38
TR001877,2024-05-01,PWR,T02,Long,1058,78.95,83531.83,1042.59
TR001878,2024-05-01,GAS,T02,Short,58,36.46,2114.84,38.85
TR001879,2024-05-01,GAS,T02,Short,1133,33.37,37805.86,-113.56
TR001880,2024-05-01,COAL,T03,Short,448,108.01,48389.88,272.96
TR001881,2024-05-01,GAS,T05,Long,1142,33.28,38010.7,1403.35
TR001882,2024-05-01,GAS,T03,Long,409,33.84,13838.74,-104.76
TR001883,2024-05-01,GAS,T02,Short,1592,34.09,54276.98,-594.4
TR001884,2024-05-01,GAS,T07,Long,1824,34.64,63179.26,176.0
TR001885,2024-05-02,CO2,T05,Long,1685,67.33,113443.27,152.65
TR001886,2024-05-02,CO2,T06,Short,372,65.64,24418.86,324.77
TR001887,2024-05-02,CO2,T05,Long,882,69.3,61126.95,76.57
TR001888,2024-05-02,COAL,T05,Long,512,119.96,61421.6,-671.5
TR001889,2024-05-02,CO2,T04,Long,120,68.3,8196.55,56.18
TR001890,2024-05-02,COAL,T01,Short,937,114.0,106817.49,-2144.66
TR001891,2024-05-02,GAS,T08,Long,391,35.06,13707.77,88.85
TR001892,2024-05-02,GAS,T03,Long,858,33.2,28484.75,-290.34
TR001893,2024-05-02,COAL,T05,Long,745,109.86,81848.05,223.17
TR001894,2024-05-02,GAS,T08,Long,727,33.32,24224.75,609.76
TR001895,2024-05-02,GAS,T05,Long,351,31.7,11125.04,-91.58
TR001896,2024-05-02,PWR,T04,Short,289,86.78,25078.51,473.23
TR001897,2024-05-02,COAL,T03,Long,744,101.48,75497.73,-1471.61
TR001898,2024-05-02,PWR,T02,Long,1493,98.13,146504.34,-1778.65
TR001899,2024-05-02,PWR,T04,Short,1563,83.4,130349.94,2835.21
TR001900,2024-05-02,PWR,T01,Long,1885,88.41,166658.51,-5321.36
TR001901,2024-05-02,GAS,T03,Long,1630,33.38,54412.57,477.68
TR001902,2024-05-02,COAL,T07,Long,1130,104.67,118275.0,856.63
TR001903,2024-05-02,GAS,T04,Short,1383,33.68,46581.35,240.12
TR001904,2024-05-02,PWR,T03,Long,605,88.9,53784.66,-1.22
TR001905,2024-05-02,CO2,T02,Long,1721,75.95,130712.84,63.69
TR001906,2024-05-02,GAS,T02,Short,1835,32.3,59268.55,-382.94
TR001907,2024-05-02,CO2,T06,Long,1820,73.92,134537.7,-701.67
TR001908,2024-05-02,GAS,T08,Short,373,33.8,12607.66,71.34
TR001909,2024-05-03,COAL,T08,Long,479,113.22,54230.18,602.85
TR001910,2024-05-03,GAS,T01,Long,1225,32.6,39928.89,-215.51
TR001911,2024-05-03,GAS,T02,Short,274,35.66,9769.58,-74.22
TR001912,2024-05-03,GAS,T01,Short,1530,31.17,47683.0,-812.31
TR001913,2024-05-03,COAL,T05,Short,715,106.3,76002.59,761.74
TR001914,2024-05-03,COAL,T07,Short,1358,120.94,164241.04,-2558.11
TR001915,2024-05-03,PWR,T02,Long,1091,93.87,102414.41,261.92
TR001916,2024-05-03,COAL,T07,Long,539,110.34,59471.53,1084.66
TR001917,2024-05-03,PWR,T02,Long,1864,98.34,183312.9,-797.26
TR001918,2024-05-03,GAS,T04,Long,758,34.44,26104.56,475.47
TR001919,2024-05-03,COAL,T03,Short,1644,103.8,170651.59,-2842.21
TR001920,2024-05-03,COAL,T05,Short,229,114.02,26111.46,-100.25
TR001921,2024-05-03,PWR,T06,Short,1166,90.92,106014.32,2505.51
TR001922,2024-05-03,COAL,T03,Long,206,107.28,22098.98,415.31
TR001923,2024-05-03,CO2,T06,Short,1941,63.53,123312.3,-250.15
TR001924,2024-05-03,CO2,T02,Long,1772,64.98,115142.95,288.12
TR001925,2024-05-03,GAS,T02,Long,733,34.45,25253.4,-918.28
TR001926,2024-05-03,GAS,T08,Long,1977,31.96,63177.87,20.53
TR001927,2024-05-06,CO2,T03,Short,250,68.23,17056.45,-196.36
TR001928,2024-05-06,CO2,T08,Short,607,65.54,39779.85,385.37
TR001929,2024-05-06,CO2,T02,Short,1418,73.54,104275.6,686.4
TR001930,2024-05-06,GAS,T02,Short,407,32.59,13263.11,347.77
TR001931,2024-05-06,GAS,T04,Long,200,34.25,6850.47,-113.87
TR001932,2024-05-06,CO2,T01,Long,192,64.66,12414.2,69.08
TR001933,2024-05-06,COAL,T02,Short,1395,101.92,142179.07,-2727.44
TR001934,2024-05-06,GAS,T06,Short,66,33.81,2231.54,-34.28
TR001935,2024-05-06,COAL,T04,Short,761,109.59,83398.76,-891.42
TR001936,2024-05-06,PWR,T04,Short,1493,87.98,131347.16,-2493.9
TR001937,2024-05-06,COAL,T01,Short,295,112.43,33167.83,54.28
TR001938,2024-05-06,COAL,T05,Short,983,108.74,106892.28,812.49
TR001939,2024-05-06,PWR,T03,Long,1491,84.82,126472.63,-2585.59
TR001940,2024-05-06,COAL,T07,Short,256,113.6,29081.75,-585.67
TR001941,2024-05-06,PWR,T07,Long,1875,75.49,141541.75,398.64
TR001942,2024-05-06,COAL,T04,Long,1128,114.53,129195.15,2376.1
TR001943,2024-05-06,CO2,T02,Long,926,66.32,61412.09,-909.09
TR001944,2024-05-06,COAL,T08,Long,1259,108.94,137159.43,2415.05
TR001945,2024-05-06,CO2,T03,Long,606,68.28,41375.01,-782.62
TR001946,2024-05-06,COAL,T03,Short,1073,106.84,114634.25,1094.68
TR001947,2024-05-06,GAS,T07,Short,357,34.23,12221.29,31.9
TR001948,2024-05-06,GAS,T06,Short,1077,31.51,33936.87,-719.74
TR001949,2024-05-06,CO2,T04,Short,1078,69.56,74990.99,492.86
TR001950,2024-05-06,GAS,T07,Long,323,35.22,11374.51,-10.77
TR001951,2024-05-07,COAL,T04,Short,1781,114.05,203116.78,2781.09
TR001952,2024-05-07,PWR,T03,Long,1034,83.28,86110.75,3783.95
TR001953,2024-05-07,PWR,T03,Short,1084,87.87,95245.89,-1882.36
TR001954,2024-05-07,CO2,T01,Long,1917,68.26,130851.72,1486.59
TR001955,2024-05-07,PWR,T08,Short,353,87.18,30773.54,-255.57
TR001956,2024-05-07,PWR,T02,Short,515,75.94,39106.79,357.56
TR001957,2024-05-07,COAL,T04,Long,1052,112.78,118649.67,1793.56
TR001958,2024-05-07,COAL,T01,Short,1756,102.33,179689.66,262.62
TR001959,2024-05-07,CO2,T08,Long,1742,67.58,117732.84,-901.98
TR001960,2024-05-07,PWR,T07,Short,129,90.61,11688.6,331.1
TR001961,2024-05-07,CO2,T04,Short,598,69.98,41850.09,-394.41
TR001962,2024-05-07,GAS,T02,Short,708,30.55,21632.92,-210.89
TR001963,2024-05-07,COAL,T01,Long,1925,112.96,217453.11,-5892.63
TR001964,2024-05-07,GAS,T07,Short,402,32.48,13055.51,319.55
TR001965,2024-05-07,COAL,T04,Long,689,115.54,79609.05,-922.72
TR001966,2024-05-07,COAL,T01,Long,164,108.77,17838.71,-220.8
TR001967,2024-05-07,CO2,T02,Long,1463,65.12,95274.83,-1554.65
TR001968,2024-05-07,CO2,T03,Long,647,74.57,48245.48,556.93
TR001969,2024-05-07,GAS,T03,Long,765,32.34,24737.92,158.7
TR001970,2024-05-07,COAL,T01,Long,1128,105.14,118597.44,-592.8
TR001971,2024-05-08,GAS,T04,Long,243,33.48,8134.54,67.56
TR001972,2024-05-08,CO2,T02,Long,675,67.65,45666.4,-409.35
TR001973,2024-05-08,GAS,T07,Long,575,33.84,19455.64,-356.73
TR001974,2024-05-08,GAS,T04,Long,1920,32.73,62833.08,-2233.35
TR001975,2024-05-08,CO2,T06,Long,908,65.54,59512.02,-465.86
TR001976,2024-05-08,CO2,T07,Short,557,65.42,36440.38,364.65
TR001977,2024-05-08,PWR,T03,Long,645,80.72,52064.67,-688.77
TR001978,2024-05-08,COAL,T01,Short,1014,113.15,114737.04,544.89
TR001979,2024-05-08,PWR,T08,Short,1088,95.82,104250.86,3430.35
TR001980,2024-05-08,CO2,T01,Short,247,69.39,17140.42,77.69
TR001981,2024-05-08,COAL,T03,Short,1720,120.36,207011.55,-3645.08
TR001982,2024-05-08,COAL,T07,Short,1049,111.3,116750.87,867.51
TR001983,2024-05-08,PWR,T07,Long,705,79.29,55899.09,320.0
TR001984,2024-05-08,COAL,T04,Short,1826,115.22,210384.65,-2075.34
TR001985,2024-05-08,PWR,T02,Short,1432,100.0,143196.99,227.71
TR001986,2024-05-09,CO2,T06,Short,60,68.09,4085.22,-69.44
TR001987,2024-05-09,GAS,T04,Long,1547,31.9,49354.35,618.54
TR001988,2024-05-09,GAS,T08,Short,424,31.94,13541.36,81.82
TR001989,2024-05-09,GAS,T04,Long,738,32.43,23933.49,193.09
TR001990,2024-05-09,PWR,T07,Short,706,79.25,55948.51,36.84
TR001991,2024-05-09,CO2,T05,Long,1774,69.01,122430.4,2051.28
TR001992,2024-05-09,PWR,T06,Long,218,83.37,18174.37,-162.65
TR001993,2024-05-09,COAL,T01,Long,1623,107.71,174816.19,2995.68
TR001994,2024-05-09,PWR,T06,Short,1988,70.84,140833.43,1046.33
TR001995,2024-05-09,COAL,T05,Long,1793,115.51,207112.31,-2138.7
TR001996,2024-05-09,GAS,T02,Short,123,32.84,4039.12,39.37
TR001997,2024-05-09,PWR,T06,Long,1505,80.52,121180.57,-667.35
TR001998,2024-05-09,CO2,T01,Short,735,63.61,46752.85,-770.18
TR001999,2024-05-09,COAL,T05,Short,1888,108.04,203978.53,-1348.57
TR002000,2024-05-09,COAL,T05,Short,1618,107.55,174020.88,4980.77
TR002001,2024-05-09,CO2,T05,Short,771,55.48,42771.94,-1328.23
TR002002,2024-05-09,COAL,T08,Short,1919,112.02,214960.69,2286.98
TR002003,2024-05-09,COAL,T03,Short,678,107.74,73050.89,1056.51
TR002004,2024-05-09,PWR,T04,Long,1711,98.85,169124.2,3314.71
TR002005,2024-05-10,COAL,T08,Long,730,111.48,81380.22,77.9
TR002006,2024-05-10,PWR,T02,Long,414,88.14,36489.69,-1224.1
TR002007,2024-05-10,GAS,T07,Long,438,35.08,15366.15,-4.42
TR002008,2024-05-10,CO2,T04,Short,1025,72.96,74783.09,-2822.6
TR002009,2024-05-10,PWR,T01,Short,661,87.33,57725.46,-204.77
TR002010,2024-05-10,CO2,T06,Short,148,66.33,9817.52,-258.78
TR002011,2024-05-10,CO2,T04,Short,1658,68.66,113839.71,719.58
TR002012,2024-05-10,PWR,T03,Short,980,88.59,86821.62,-439.44
TR002013,2024-05-10,PWR,T08,Long,1084,88.17,95578.56,-40.58
TR002014,2024-05-10,COAL,T07,Short,663,115.83,76796.92,-433.22
TR002015,2024-05-10,GAS,T03,Short,673,33.29,22401.39,-95.57
TR002016,2024-05-10,CO2,T05,Long,214,53.84,11521.13,-45.22
TR002017,2024-05-10,CO2,T01,Long,342,64.93,22205.34,141.95
TR002018,2024-05-10,CO2,T04,Short,1303,70.13,91382.71,1317.84
TR002019,2024-05-10,PWR,T06,Long,1766,87.92,155274.35,-550.53
TR002020,2024-05-10,PWR,T08,Short,1394,92.51,128961.85,-1952.75
TR002021,2024-05-10,CO2,T01,Long,124,68.52,8496.83,-2.25
TR002022,2024-05-10,GAS,T06,Long,1035,34.83,36048.83,398.1
TR002023,2024-05-10,GAS,T01,Long,1766,33.7,59517.19,-295.33
TR002024,2024-05-10,CO2,T03,Short,308,65.65,20219.51,-142.08
TR002025,2024-05-10,GAS,T06,Long,1195,34.29,40975.76,-300.51
TR002026,2024-05-13,CO2,T06,Long,699,65.17,45552.58,422.47
TR002027,2024-05-13,PWR,T06,Short,1126,84.14,94745.69,481.95
TR002028,2024-05-13,COAL,T06,Short,1969,103.51,203810.04,1770.94
TR002029,2024-05-13,PWR,T05,Short,1501,80.5,120829.0,-1684.42
TR002030,2024-05-13,CO2,T02,Long,1004,71.85,72137.75,-1554.25
TR002031,2024-05-13,GAS,T01,Short,1463,32.53,47589.15,650.43
TR002032,2024-05-13,COAL,T02,Short,1829,119.45,218475.96,3561.33
TR002033,2024-05-13,COAL,T04,Long,178,110.21,19617.53,47.85
TR002034,2024-05-13,COAL,T06,Short,1839,108.12,198832.3,2800.71
TR002035,2024-05-13,GAS,T07,Short,764,34.53,26382.03,-63.76
TR002036,2024-05-13,COAL,T08,Long,1054,107.06,112839.78,401.29
TR002037,2024-05-13,GAS,T03,Long,542,30.69,16634.2,-233.01
TR002038,2024-05-13,CO2,T02,Long,264,68.79,18160.18,539.13
TR002039,2024-05-13,PWR,T05,Long,396,78.92,31253.78,326.94
TR002040,2024-05-13,PWR,T04,Long,334,87.69,29286.99,-625.53
TR002041,2024-05-13,GAS,T01,Short,1442,35.75,51553.56,-1062.88
TR002042,2024-05-13,PWR,T08,Short,229,81.67,18701.66,-459.52
TR002043,2024-05-13,COAL,T07,Short,54,111.86,6040.42,172.09
TR002044,2024-05-14,PWR,T05,Long,1605,85.16,136680.87,-2802.24
TR002045,2024-05-14,PWR,T05,Short,781,74.34,58059.22,-314.36
TR002046,2024-05-14,COAL,T02,Long,560,111.77,62589.43,615.67
TR002047,2024-05-14,GAS,T05,Long,970,31.75,30793.29,-764.47
TR002048,2024-05-14,PWR,T04,Long,1591,90.76,144404.56,408.55
TR002049,2024-05-14,CO2,T08,Long,1732,73.91,128006.25,1425.26
TR002050,2024-05-14,PWR,T06,Long,68,102.79,6989.76,67.03
TR002051,2024-05-14,COAL,T02,Long,1311,113.08,148242.88,643.83
TR002052,2024-05-14,PWR,T04,Short,1845,89.53,165188.36,-2696.69
TR002053,2024-05-14,PWR,T03,Long,1186,86.18,102211.7,-293.8
TR002054,2024-05-14,CO2,T05,Long,664,64.14,42588.29,116.89
TR002055,2024-05-14,CO2,T04,Short,201,65.64,13193.94,-278.84
TR002056,2024-05-14,PWR,T02,Short,1596,90.72,144788.37,854.04
TR002057,2024-05-14,GAS,T02,Long,1561,35.58,55533.24,1401.86
TR002058,2024-05-14,PWR,T08,Long,1136,80.6,91562.1,-512.31
TR002059,2024-05-14,GAS,T05,Short,299,33.88,10129.08,41.19
TR002060,2024-05-14,CO2,T08,Short,472,69.02,32579.75,-166.05
TR002061,2024-05-14,GAS,T08,Long,71,34.5,2449.49,-22.13
TR002062,2024-05-14,COAL,T03,Short,433,110.8,47977.73,-729.16
TR002063,2024-05-14,GAS,T05,Long,841,33.85,28470.32,-162.24
TR002064,2024-05-14,CO2,T02,Long,482,63.15,30437.77,-51.1
TR002065,2024-05-15,CO2,T02,Short,756,63.58,48065.42,-1221.01
TR002066,2024-05-15,COAL,T06,Long,934,111.98,104587.81,-621.38
TR002067,2024-05-15,COAL,T08,Long,1086,105.87,114974.73,-1029.21
TR002068,2024-05-15,PWR,T02,Long,406,83.09,33735.83,19.07
TR002069,2024-05-15,COAL,T08,Long,1861,110.88,206354.0,-1388.53
TR002070,2024-05-15,CO2,T05,Short,813,59.93,48722.96,-94.66
TR002071,2024-05-15,COAL,T05,Long,1037,104.99,108877.41,2112.06
TR002072,2024-05-15,COAL,T01,Long,1183,114.08,134954.78,1738.31
TR002073,2024-05-15,PWR,T06,Short,1175,84.66,99476.56,1012.09
TR002074,2024-05-15,PWR,T04,Short,1982,93.96,186229.71,-2379.69
TR002075,2024-05-15,GAS,T02,Short,215,33.91,7290.91,-75.46
TR002076,2024-05-15,PWR,T07,Short,1781,86.61,154259.41,-698.64
TR002077,2024-05-15,CO2,T06,Long,378,71.33,26964.43,-114.31
TR002078,2024-05-15,GAS,T08,Long,1714,32.41,55547.38,-282.38
TR002079,2024-05-15,CO2,T06,Short,424,75.03,31812.01,244.05
TR002080,2024-05-15,CO2,T01,Long,986,61.52,60659.09,1234.03
TR002081,2024-05-16,PWR,T02,Long,1150,97.21,111792.26,1155.72
TR002082,2024-05-16,GAS,T08,Short,1437,30.51,43845.73,-837.94
TR002083,2024-05-16,CO2,T06,Short,1649,63.73,105082.99,-1115.17
TR002084,2024-05-16,CO2,T05,Long,446,61.19,27292.49,-100.03
TR002085,2024-05-16,PWR,T01,Short,1082,84.76,91709.46,474.28
TR002086,2024-05-16,COAL,T08,Short,1233,111.11,136993.51,-2321.64
TR002087,2024-05-16,PWR,T08,Short,1980,86.83,171926.19,-1798.39
TR002088,2024-05-16,CO2,T05,Short,1396,72.42,101096.01,-107.38
TR002089,2024-05-16,CO2,T07,Long,1580,64.83,102426.81,-345.5
TR002090,2024-05-16,PWR,T07,Long,777,79.75,61962.07,146.08
TR002091,2024-05-16,PWR,T07,Long,1491,91.46,136360.32,4293.2
TR002092,2024-05-16,COAL,T04,Short,263,118.39,31136.35,-14.84
TR002093,2024-05-16,GAS,T04,Long,1298,35.61,46224.66,-319.33
TR002094,2024-05-16,PWR,T06,Long,1502,92.63,139134.9,1471.56
TR002095,2024-05-16,CO2,T05,Short,1058,66.38,70229.86,-1608.75
TR002096,2024-05-16,PWR,T07,Short,897,91.45,82033.36,-1269.61
TR002097,2024-05-16,COAL,T04,Long,210,113.8,23897.11,378.97
TR002098,2024-05-16,GAS,T01,Long,1086,34.08,37010.28,84.85
TR002099,2024-05-16,PWR,T02,Short,447,80.58,36021.28,272.87
TR002100,2024-05-16,COAL,T05,Short,436,111.04,48413.6,810.35
TR002101,2024-05-16,GAS,T04,Long,1268,31.92,40471.23,24.2
TR002102,2024-05-16,PWR,T08,Short,1842,74.25,136776.86,15.47
TR002103,2024-05-16,CO2,T02,Long,799,70.47,56301.8,-399.19
TR002104,2024-05-17,COAL,T02,Short,161,109.62,17648.28,-259.52
TR002105,2024-05-17,GAS,T02,Short,1834,32.63,59849.42,490.37
TR002106,2024-05-17,GAS,T07,Short,1827,31.9,58286.77,284.6
TR002107,2024-05-17,COAL,T08,Long,178,108.61,19333.09,-66.45
TR002108,2024-05-17,COAL,T03,Long,230,109.71,25234.36,-330.22
TR002109,2024-05-17,CO2,T07,Short,324,64.2,20799.89,199.28
TR002110,2024-05-17,GAS,T03,Short,1926,32.01,61649.29,1044.35
TR002111,2024-05-17,CO2,T04,Short,257,65.52,16837.93,-297.53
TR002112,2024-05-17,COAL,T08,Short,1592,102.61,163351.39,5347.62
TR002113,2024-05-17,COAL,T07,Long,969,109.09,105709.24,-1480.15
TR002114,2024-05-17,CO2,T01,Long,1315,70.26,92395.22,59.88
TR002115,2024-05-17,CO2,T08,Long,1378,64.95,89506.71,614.6
TR002116,2024-05-17,GAS,T02,Short,1116,34.79,38829.76,51.21
TR002117,2024-05-17,CO2,T04,Long,1191,68.97,82137.36,571.59
TR002118,2024-05-17,CO2,T02,Long,1215,66.7,81042.08,-1679.99
TR002119,2024-05-17,GAS,T07,Short,1969,34.95,68816.71,951.44
TR002120,2024-05-17,PWR,T05,Long,953,71.69,68323.66,-1443.44
TR002121,2024-05-17,GAS,T06,Long,1604,34.42,55215.41,-206.32
TR002122,2024-05-17,GAS,T02,Short,865,33.43,28917.53,-690.98
TR002123,2024-05-17,PWR,T07,Long,263,88.93,23388.25,-236.78
TR002124,2024-05-17,PWR,T02,Long,514,92.17,47373.02,301.6
TR002125,2024-05-17,PWR,T01,Short,1805,81.8,147643.59,-1319.95
TR002126,2024-05-17,COAL,T02,Long,1779,107.7,191603.34,-3540.42
TR002127,2024-05-17,CO2,T02,Short,1700,66.58,113189.28,-1295.38
TR002128,2024-05-17,COAL,T03,Long,1691,109.61,185350.68,708.71
TR002129,2024-05-17,GAS,T02,Long,337,33.83,11402.3,-51.85
TR002130,2024-05-20,GAS,T05,Short,1182,31.86,37661.97,-589.26
TR002131,2024-05-20,CO2,T03,Short,195,65.74,12819.3,121.47
TR002132,2024-05-20,CO2,T07,Short,1662,64.83,107743.61,-767.81
TR002133,2024-05-20,PWR,T02,Short,1553,89.3,138675.19,-210.77
TR002134,2024-05-20,GAS,T08,Short,1871,34.59,64711.11,1774.77
TR002135,2024-05-20,COAL,T07,Short,548,115.12,63083.99,746.85
TR002136,2024-05-20,GAS,T08,Long,351,32.97,11572.36,90.57
TR002137,2024-05-20,COAL,T02,Long,1264,114.28,144450.32,-4462.92
TR002138,2024-05-20,COAL,T04,Short,1203,106.68,128336.53,1612.73
TR002139,2024-05-20,GAS,T03,Short,1997,35.18,70255.38,743.44
TR002140,2024-05-20,PWR,T05,Long,662,87.69,58052.16,-364.2
TR002141,2024-05-20,GAS,T04,Long,474,32.74,15518.1,109.83
TR002142,2024-05-20,PWR,T07,Short,1517,86.4,131069.86,-1548.44
TR002143,2024-05-20,GAS,T07,Long,1541,35.23,54295.03,-1021.81
TR002144,2024-05-20,PWR,T06,Long,1765,75.43,133128.91,933.8
TR002145,2024-05-20,PWR,T07,Long,786,95.79,75292.59,658.6
TR002146,2024-05-20,COAL,T03,Short,1889,115.78,218711.41,1989.37
TR002147,2024-05-20,GAS,T02,Short,1020,32.69,33343.56,473.73
TR002148,2024-05-20,GAS,T08,Short,617,34.8,21473.05,84.96
TR002149,2024-05-20,PWR,T08,Long,1051,82.7,86915.12,-996.28
TR002150,2024-05-21,COAL,T05,Short,582,113.18,65868.88,-1156.92
TR002151,2024-05-21,CO2,T05,Long,1035,65.16,67438.73,-440.22
TR002152,2024-05-21,PWR,T05,Long,587,95.58,56105.56,724.1
TR002153,2024-05-21,GAS,T03,Short,1639,32.0,52453.25,-959.38
TR002154,2024-05-21,PWR,T08,Short,770,83.3,64142.54,1078.12
TR002155,2024-05-21,COAL,T01,Long,859,114.94,98731.93,1742.15
TR002156,2024-05-21,PWR,T01,Long,261,82.19,21450.32,-577.94
TR002157,2024-05-21,GAS,T03,Long,1561,32.92,51386.38,51.24
TR002158,2024-05-21,GAS,T08,Long,515,33.97,17493.84,-290.45
TR002159,2024-05-21,GAS,T01,Short,1334,32.45,43282.23,-343.39
TR002160,2024-05-21,PWR,T01,Long,690,105.63,72884.28,-163.54
TR002161,2024-05-21,COAL,T05,Short,1539,111.0,170826.08,-5286.27
TR002162,2024-05-21,PWR,T06,Long,1246,86.85,108220.81,2466.45
TR002163,2024-05-21,GAS,T05,Short,1131,36.91,41740.53,-931.75
TR002164,2024-05-21,CO2,T05,Long,62,68.28,4233.43,100.08
TR002165,2024-05-21,GAS,T06,Short,577,33.42,19283.81,51.03
TR002166,2024-05-21,COAL,T08,Long,1626,114.62,186370.13,34.51
TR002167,2024-05-21,CO2,T01,Long,1421,67.77,96294.4,-1841.27
TR002168,2024-05-21,CO2,T04,Short,880,62.67,55146.17,-302.25
TR002169,2024-05-21,GAS,T01,Short,1332,31.21,41572.87,-1761.13
TR002170,2024-05-21,CO2,T04,Long,535,71.68,38348.4,525.41
TR002171,2024-05-21,CO2,T06,Long,994,62.96,62584.2,-144.37
TR002172,2024-05-21,COAL,T04,Short,1765,108.45,191416.05,2430.07
TR002173,2024-05-21,GAS,T05,Short,889,33.23,29540.52,-54.59
TR002174,2024-05-22,PWR,T06,Long,1779,78.2,139114.97,1844.13
TR002175,2024-05-22,GAS,T04,Short,91,34.47,3136.84,-6.33
TR002176,2024-05-22,COAL,T06,Short,129,113.14,14595.44,-34.9
TR002177,2024-05-22,GAS,T03,Long,804,31.89,25639.62,470.05
TR002178,2024-05-22,CO2,T03,Short,643,62.99,40501.45,-565.1
TR002179,2024-05-22,PWR,T08,Short,528,87.77,46343.49,-491.27
TR002180,2024-05-22,PWR,T05,Long,1428,84.19,120225.76,-2284.39
TR002181,2024-05-22,CO2,T04,Long,1035,72.61,75147.05,42.93
TR002182,2024-05-22,GAS,T06,Long,434,32.73,14204.04,125.62
TR002183,2024-05-22,COAL,T05,Short,349,114.78,40058.24,742.63
TR002184,2024-05-22,CO2,T03,Long,415,57.92,24035.78,16.61
TR002185,2024-05-22,GAS,T02,Long,1232,35.26,43446.29,-219.06
TR002186,2024-05-22,GAS,T01,Long,498,33.95,16906.64,299.56
TR002187,2024-05-22,COAL,T01,Long,1317,110.74,145846.13,1767.31
TR002188,2024-05-22,COAL,T07,Short,108,114.1,12322.76,-15.07
TR002189,2024-05-22,GAS,T05,Long,486,36.78,17874.56,274.33
TR002190,2024-05-22,GAS,T06,Long,1822,32.58,59367.09,122.95
TR002191,2024-05-22,COAL,T07,Short,693,113.77,78840.1,-745.17
TR002192,2024-05-22,CO2,T03,Short,302,65.41,19753.84,462.8
TR002193,2024-05-22,PWR,T01,Short,1410,92.29,130131.85,158.83
TR002194,2024-05-22,GAS,T08,Short,708,32.66,23121.24,-652.89
TR002195,2024-05-22,COAL,T04,Long,1141,120.82,137860.95,-2830.25
TR002196,2024-05-22,CO2,T05,Short,1117,63.8,71265.92,-42.71
TR002197,2024-05-22,GAS,T01,Short,1383,31.51,43574.92,793.82
TR002198,2024-05-22,GAS,T04,Short,1205,33.44,40292.49,763.63
TR002199,2024-05-22,CO2,T06,Short,920,72.94,67104.95,-473.03
TR002200,2024-05-22,CO2,T02,Short,1720,66.53,114429.04,621.35
TR002201,2024-05-23,GAS,T02,Long,655,35.63,23335.72,288.99
TR002202,2024-05-23,GAS,T07,Short,906,33.0,29896.27,116.18
TR002203,2024-05-23,GAS,T07,Long,897,34.36,30823.78,-225.68
TR002204,2024-05-23,PWR,T06,Short,1937,87.0,168512.2,-1097.93
TR002205,2024-05-23,PWR,T02,Short,1562,82.39,128690.58,-1397.37
TR002206,2024-05-23,GAS,T02,Short,1194,34.92,41693.57,-227.4
TR002207,2024-05-23,PWR,T04,Long,618,96.64,59725.26,-401.91
TR002208,2024-05-23,GAS,T01,Long,1915,33.42,63995.9,155.99
TR002209,2024-05-23,COAL,T03,Long,382,108.3,41370.3,53.17
TR002210,2024-05-23,PWR,T07,Long,1793,80.5,144329.75,-688.3
TR002211,2024-05-23,COAL,T01,Short,1137,118.37,134583.41,-1660.66
TR002212,2024-05-23,PWR,T02,Short,1786,81.81,146103.9,2137.53
TR002213,2024-05-23,GAS,T04,Long,1490,31.67,47186.13,-1083.58
TR002214,2024-05-23,CO2,T01,Short,1508,65.97,99488.26,1721.58
TR002215,2024-05-23,CO2,T07,Short,127,68.74,8729.64,-203.47
TR002216,2024-05-23,GAS,T03,Short,516,29.35,15145.63,-54.84
TR002217,2024-05-23,COAL,T03,Long,701,112.4,78791.21,-798.51
TR002218,2024-05-23,COAL,T06,Long,1657,106.21,175984.44,-229.87
TR002219,2024-05-23,GAS,T03,Long,525,33.41,17542.48,152.07
TR002220,2024-05-23,PWR,T07,Long,1563,73.85,115435.21,-1541.44
TR002221,2024-05-23,PWR,T08,Short,1454,85.89,124881.0,-188.02
TR002222,2024-05-23,CO2,T07,Long,1388,69.33,96235.45,-173.87
TR002223,2024-05-23,COAL,T04,Long,1672,116.75,195198.66,-3220.2
TR002224,2024-05-23,PWR,T01,Short,1237,91.17,112781.68,-2556.74
TR002225,2024-05-23,PWR,T04,Long,368,88.69,32637.31,47.23
TR002226,2024-05-23,CO2,T03,Short,419,70.2,29415.53,608.18
TR002227,2024-05-23,CO2,T08,Long,1392,60.14,83713.81,87.24
TR002228,2024-05-23,GAS,T03,Short,463,31.58,14619.59,-22.89
TR002229,2024-05-24,COAL,T01,Short,174,111.12,19335.09,-313.79
TR002230,2024-05-24,COAL,T03,Long,1090,116.8,127311.63,2954.88
TR002231,2024-05-24,PWR,T08,Long,1662,87.33,145135.29,-1194.02
TR002232,2024-05-24,PWR,T07,Long,1007,94.66,95326.79,1292.32
TR002233,2024-05-24,GAS,T06,Long,1192,32.63,38893.35,-86.11
TR002234,2024-05-24,CO2,T04,Long,1977,65.86,130208.57,1987.89
TR002235,2024-05-24,CO2,T01,Short,1611,63.19,101796.49,496.23
TR002236,2024-05-24,CO2,T05,Long,374,67.1,25095.61,-292.03
TR002237,2024-05-24,CO2,T03,Long,1329,63.44,84313.16,142.51
TR002238,2024-05-24,GAS,T07,Long,709,34.57,24511.33,191.34
TR002239,2024-05-24,COAL,T01,Long,1434,117.22,168092.46,5974.26
TR002240,2024-05-24,COAL,T07,Long,198,111.75,22127.35,701.12
TR002241,2024-05-24,PWR,T02,Long,393,86.17,33863.58,-84.11
TR002242,2024-05-24,PWR,T03,Long,1385,87.29,120891.02,2779.85
TR002243,2024-05-24,COAL,T01,Long,1815,118.0,214162.44,1519.08
TR002244,2024-05-24,COAL,T02,Short,82,110.18,9034.76,36.05
TR002245,2024-05-24,CO2,T04,Long,961,67.48,64846.45,108.64
TR002246,2024-05-24,CO2,T04,Long,413,62.27,25715.86,306.63
TR002247,2024-05-27,CO2,T07,Short,1893,71.44,135231.8,1172.36
TR002248,2024-05-27,GAS,T07,Long,960,32.1,30814.74,174.82
TR002249,2024-05-27,PWR,T03,Short,216,83.55,18047.0,-185.93
TR002250,2024-05-27,CO2,T07,Long,808,66.89,54043.96,23.03
TR002251,2024-05-27,GAS,T02,Short,1667,31.56,52618.35,-673.0
TR002252,2024-05-27,COAL,T03,Short,1189,108.45,128949.25,4466.55
TR002253,2024-05-27,PWR,T05,Long,1064,81.06,86247.82,-284.89
TR002254,2024-05-27,COAL,T03,Short,358,100.16,35856.98,155.7
TR002255,2024-05-27,PWR,T02,Long,1822,68.87,125481.63,-222.49
TR002256,2024-05-27,PWR,T02,Long,1009,84.38,85136.89,-1450.04
TR002257,2024-05-27,PWR,T05,Long,658,88.65,58334.19,91.43
TR002258,2024-05-27,GAS,T03,Short,1267,32.33,40965.85,1105.57
TR002259,2024-05-27,PWR,T01,Long,115,76.12,8753.46,-7.2
TR002260,2024-05-27,CO2,T04,Long,1660,68.45,113619.23,-2504.78
TR002261,2024-05-27,GAS,T04,Short,1081,36.54,39501.31,-459.53
TR002262,2024-05-27,COAL,T03,Short,692,112.06,77546.7,715.01
TR002263,2024-05-27,PWR,T06,Short,706,86.83,61303.1,95.17
TR002264,2024-05-27,PWR,T03,Long,118,85.28,10063.59,371.8
TR002265,2024-05-27,PWR,T06,Long,847,93.46,79160.09,-626.47
TR002266,2024-05-27,CO2,T06,Short,655,68.44,44827.56,-124.75
TR002267,2024-05-27,PWR,T05,Long,1708,86.1,147052.34,-290.76
TR002268,2024-05-28,COAL,T07,Long,364,108.71,39570.69,-403.06
TR002269,2024-05-28,GAS,T07,Long,218,32.84,7158.25,-37.45
TR002270,2024-05-28,GAS,T01,Short,1014,34.79,35277.46,101.09
TR002271,2024-05-28,GAS,T06,Short,1738,31.23,54281.92,1787.84
TR002272,2024-05-28,COAL,T08,Short,1712,111.68,191197.02,-305.31
TR002273,2024-05-28,GAS,T08,Short,574,35.21,20209.99,-73.7
TR002274,2024-05-28,COAL,T07,Long,1638,114.58,187687.9,-3936.09
TR002275,2024-05-28,COAL,T04,Short,61,104.98,6403.93,101.47
TR002276,2024-05-28,CO2,T02,Long,1790,65.58,117387.29,-743.61
TR002277,2024-05-28,PWR,T06,Long,1028,96.22,98912.35,805.31
TR002278,2024-05-28,COAL,T07,Long,567,110.06,62404.13,-567.38
TR002279,2024-05-28,GAS,T03,Long,1917,34.03,65230.09,54.96
TR002280,2024-05-28,CO2,T02,Short,132,72.78,9607.61,387.75
TR002281,2024-05-28,PWR,T08,Long,572,94.12,53836.92,34.16
TR002282,2024-05-28,PWR,T03,Short,441,76.18,33594.64,-191.06
TR002283,2024-05-28,CO2,T01,Short,292,67.9,19826.39,-151.61
TR002284,2024-05-28,GAS,T03,Long,128,36.0,4607.75,15.33
TR002285,2024-05-28,CO2,T07,Short,100,72.37,7236.72,-47.12
TR002286,2024-05-28,PWR,T02,Short,903,82.68,74664.15,-36.1
TR002287,2024-05-28,PWR,T02,Long,1209,94.77,114582.42,2448.9
TR002288,2024-05-28,GAS,T04,Short,700,33.77,23638.74,-49.65
TR002289,2024-05-28,GAS,T06,Long,1041,32.89,34236.89,451.07
TR002290,2024-05-29,PWR,T06,Long,1882,88.53,166609.05,-1437.98
TR002291,2024-05-29,PWR,T01,Long,1503,91.57,137636.41,2064.75
TR002292,2024-05-29,COAL,T04,Short,637,116.53,74228.1,-892.91
TR002293,2024-05-29,COAL,T06,Short,1601,113.95,182433.7,2471.69
TR002294,2024-05-29,CO2,T07,Long,1788,67.07,119917.04,-1704.73
TR002295,2024-05-29,CO2,T08,Long,510,64.08,32680.23,-319.35
TR002296,2024-05-29,GAS,T07,Long,575,33.57,19301.86,-247.03
TR002297,2024-05-29,PWR,T01,Short,1983,87.57,173646.2,1719.51
TR002298,2024-05-29,COAL,T06,Short,1751,107.1,187523.41,2823.51
TR002299,2024-05-29,GAS,T03,Long,655,36.42,23852.21,-2.31
TR002300,2024-05-29,CO2,T05,Short,624,65.55,40900.45,-539.29
TR002301,2024-05-29,COAL,T02,Long,1831,109.25,200033.19,-3147.35
TR002302,2024-05-29,PWR,T02,Short,980,89.07,87291.68,-1231.76
TR002303,2024-05-29,CO2,T04,Long,238,68.99,16420.62,-317.09
TR002304,2024-05-29,CO2,T01,Long,286,69.94,20003.71,-404.0
TR002305,2024-05-29,CO2,T06,Short,920,65.14,59931.31,941.11
TR002306,2024-05-29,GAS,T04,Long,1105,33.05,36517.3,460.83
TR002307,2024-05-29,PWR,T08,Short,1632,83.73,136641.56,-58.75
TR002308,2024-05-29,CO2,T04,Short,948,65.39,61991.89,2277.82
TR002309,2024-05-29,CO2,T02,Long,723,63.4,45834.87,137.7
TR002310,2024-05-29,COAL,T01,Short,1721,107.82,185559.92,-783.81
TR002311,2024-05-29,GAS,T03,Short,941,32.83,30891.76,-202.08
TR002312,2024-05-29,COAL,T08,Long,394,109.48,43135.19,539.69
TR002313,2024-05-29,GAS,T04,Long,966,31.88,30800.23,39.05
TR002314,2024-05-29,PWR,T03,Long,740,78.26,57909.93,629.62
TR002315,2024-05-29,PWR,T04,Long,1962,87.9,172467.28,-2388.22
TR002316,2024-05-30,GAS,T01,Short,1540,32.05,49364.48,669.11
TR002317,2024-05-30,COAL,T03,Short,625,108.7,67935.01,701.76
TR002318,2024-05-30,PWR,T02,Long,585,76.55,44784.14,868.48
TR002319,2024-05-30,PWR,T05,Short,1818,83.54,151871.72,-1833.37
TR002320,2024-05-30,CO2,T08,Long,1070,64.56,69079.74,973.04
TR002321,2024-05-30,CO2,T02,Long,954,71.77,68467.88,-1574.14
TR002322,2024-05-30,GAS,T08,Long,799,34.02,27178.15,-199.26
TR002323,2024-05-30,COAL,T04,Long,396,116.4,46093.46,-500.89
TR002324,2024-05-30,PWR,T03,Long,50,74.43,3721.62,65.69
TR002325,2024-05-30,COAL,T08,Short,283,114.21,32321.38,-78.56
TR002326,2024-05-30,COAL,T01,Long,828,107.27,88815.42,-1585.08
TR002327,2024-05-30,COAL,T01,Long,1204,110.1,132564.28,-1690.3
TR002328,2024-05-30,CO2,T07,Short,515,64.88,33412.18,-87.44
TR002329,2024-05-30,GAS,T06,Short,1240,32.31,40068.22,339.29
TR002330,2024-05-30,PWR,T01,Long,977,89.02,86975.66,-380.27
TR002331,2024-05-30,CO2,T02,Short,889,68.36,60770.85,147.51
TR002332,2024-05-30,GAS,T03,Short,1567,35.33,55362.04,1072.12
TR002333,2024-05-30,CO2,T08,Long,1417,67.65,95854.9,2192.49
TR002334,2024-05-30,PWR,T07,Short,298,93.87,27974.04,46.01
TR002335,2024-05-31,GAS,T06,Short,1131,31.9,36076.27,340.18
TR002336,2024-05-31,CO2,T06,Long,502,65.64,32949.62,733.7
TR002337,2024-05-31,CO2,T05,Long,1430,67.59,96653.47,1016.66
TR002338,2024-05-31,GAS,T07,Short,866,34.19,29611.61,-412.97
TR002339,2024-05-31,COAL,T05,Long,1709,116.47,199045.03,-180.86
TR002340,2024-05-31,CO2,T05,Long,1912,69.0,131936.18,1296.28
TR002341,2024-05-31,PWR,T03,Short,1412,81.97,115738.91,34.11
TR002342,2024-05-31,CO2,T04,Short,1086,63.7,69180.45,579.45
TR002343,2024-05-31,GAS,T05,Short,700,30.65,21453.39,9.21
TR002344,2024-05-31,PWR,T02,Long,1983,75.35,149426.88,619.0
TR002345,2024-05-31,PWR,T03,Short,1251,81.49,101948.44,3427.59
TR002346,2024-05-31,PWR,T04,Long,356,90.7,32290.13,318.53
TR002347,2024-05-31,COAL,T05,Short,573,108.66,62264.29,543.59
TR002348,2024-05-31,GAS,T04,Long,1772,35.49,62893.7,1794.14
TR002349,2024-05-31,PWR,T02,Short,1518,86.71,131628.9,330.0
TR002350,2024-05-31,CO2,T04,Long,1824,63.85,116458.45,-2003.04
TR002351,2024-05-31,COAL,T06,Short,1400,118.23,165519.77,290.43
TR002352,2024-05-31,CO2,T07,Long,807,65.97,53237.46,-2050.26
TR002353,2024-06-03,CO2,T03,Long,166,64.89,10772.0,-59.77
TR002354,2024-06-03,CO2,T01,Long,1218,67.5,82220.4,939.08
TR002355,2024-06-03,PWR,T07,Long,1419,81.2,115228.94,-1145.94
TR002356,2024-06-03,PWR,T02,Long,1404,90.01,126367.03,1832.73
TR002357,2024-06-03,GAS,T08,Long,894,35.13,31407.23,72.29
TR002358,2024-06-03,COAL,T03,Short,1759,115.2,202635.79,-4567.51
TR002359,2024-06-03,PWR,T05,Long,570,89.83,51202.87,-560.93
TR002360,2024-06-03,PWR,T07,Short,711,86.95,61824.29,-333.35
TR002361,2024-06-03,CO2,T06,Long,1099,65.87,72393.8,185.37
TR002362,2024-06-03,COAL,T03,Short,166,112.26,18634.92,495.32
TR002363,2024-06-03,GAS,T03,Long,479,34.77,16654.28,63.52
TR002364,2024-06-03,GAS,T02,Short,1534,31.97,49046.71,-206.67
TR002365,2024-06-03,COAL,T04,Short,246,109.88,27029.45,647.35
TR002366,2024-06-03,CO2,T01,Long,245,71.3,17467.75,-30.3
TR002367,2024-06-03,GAS,T01,Short,424,31.55,13376.92,-35.34
TR002368,2024-06-03,GAS,T06,Long,1379,30.69,42325.69,127.25
TR002369,2024-06-03,GAS,T07,Long,712,36.4,25920.07,221.44
TR002370,2024-06-03,PWR,T02,Short,1872,83.48,156282.48,2530.86
TR002371,2024-06-03,PWR,T06,Long,1897,86.15,163427.73,-2122.45
TR002372,2024-06-03,GAS,T07,Long,705,32.16,22675.5,92.19
TR002373,2024-06-03,PWR,T03,Short,1814,78.39,142204.31,912.59
TR002374,2024-06-03,PWR,T05,Long,1984,89.81,178177.05,3476.23
TR002375,2024-06-03,PWR,T08,Short,392,89.72,35171.03,-1032.99
TR002376,2024-06-03,COAL,T08,Short,609,112.56,68546.63,-729.02
TR002377,2024-06-03,COAL,T07,Short,1005,110.69,111239.24,-3255.27
TR002378,2024-06-03,COAL,T03,Short,71,110.96,7878.22,-157.77
TR002379,2024-06-03,PWR,T05,Long,816,83.9,68460.51,-1368.09
TR002380,2024-06-03,PWR,T04,Short,1729,83.08,143649.64,-1355.63
TR002381,2024-06-04,COAL,T05,Short,461,111.09,51212.82,-555.78
TR002382,2024-06-04,GAS,T05,Long,1997,36.82,73530.31,161.37
TR002383,2024-06-04,CO2,T04,Long,1953,67.93,132673.72,-314.49
TR002384,2024-06-04,CO2,T05,Short,1031,65.49,67521.29,-858.27
TR002385,2024-06-04,GAS,T03,Short,1183,33.58,39726.49,913.05
TR002386,2024-06-04,PWR,T03,Long,116,81.44,9446.85,272.49
TR002387,2024-06-04,COAL,T06,Long,1022,117.66,120252.36,1683.26
TR002388,2024-06-04,CO2,T01,Long,1106,62.53,69160.26,-1682.84
TR002389,2024-06-04,CO2,T03,Long,1044,65.45,68331.89,-811.01
TR002390,2024-06-04,PWR,T01,Long,1667,81.01,135050.17,1889.68
TR002391,2024-06-04,CO2,T08,Short,307,61.74,18953.83,-232.68
TR002392,2024-06-04,PWR,T08,Short,1714,86.04,147475.76,-823.61
TR002393,2024-06-04,GAS,T07,Long,1199,32.27,38693.29,1034.63
TR002394,2024-06-04,COAL,T07,Long,928,110.09,102158.9,482.56
TR002395,2024-06-04,GAS,T01,Long,515,34.41,17718.96,-376.06
TR002396,2024-06-04,GAS,T07,Long,1536,35.14,53970.86,-1406.85
TR002397,2024-06-04,GAS,T05,Long,574,32.83,18843.14,-274.54
TR002398,2024-06-04,COAL,T03,Short,409,117.4,48016.76,-728.24
TR002399,2024-06-05,GAS,T07,Short,730,35.15,25659.47,169.34
TR002400,2024-06-05,COAL,T01,Long,1961,108.34,212448.21,-1943.59
TR002401,2024-06-05,COAL,T05,Short,1656,109.17,180791.76,-3741.71
TR002402,2024-06-05,PWR,T05,Short,1518,95.5,144967.3,-3209.99
TR002403,2024-06-05,CO2,T07,Short,190,61.82,11745.68,448.06
TR002404,2024-06-05,GAS,T02,Long,646,35.02,22623.78,-532.71
TR002405,2024-06-05,CO2,T07,Long,1432,71.29,102083.71,798.64
TR002406,2024-06-05,PWR,T07,Short,1678,87.52,146857.47,-1869.5
TR002407,2024-06-05,GAS,T02,Long,629,33.51,21076.2,-219.69
TR002408,2024-06-05,PWR,T01,Short,1261,88.93,112136.99,1450.64
TR002409,2024-06-05,GAS,T08,Long,1734,32.68,56667.49,-717.51
TR002410,2024-06-05,CO2,T04,Long,1356,66.47,90139.63,-951.5
TR002411,2024-06-05,GAS,T06,Short,1255,32.24,40460.53,743.61
TR002412,2024-06-05,PWR,T01,Short,1466,86.79,127238.72,2643.83
TR002413,2024-06-05,COAL,T06,Short,789,107.3,84656.03,-896.63
TR002414,2024-06-05,GAS,T04,Long,456,32.63,14877.2,90.72
TR002415,2024-06-05,GAS,T05,Long,979,32.57,31882.97,275.17
TR002416,2024-06-05,CO2,T03,Long,592,63.27,37456.08,-264.11
TR002417,2024-06-05,PWR,T05,Long,305,88.87,27106.79,204.66
TR002418,2024-06-05,PWR,T01,Long,1272,88.77,112913.49,882.19
TR002419,2024-06-05,COAL,T06,Short,1636,106.51,174242.66,344.74
TR002420,2024-06-05,COAL,T06,Short,1996,110.8,221161.14,-1860.21
TR002421,2024-06-05,COAL,T01,Long,1062,114.54,121641.81,-1093.05
TR002422,2024-06-05,CO2,T03,Short,136,63.13,8585.86,17.39
TR002423,2024-06-05,CO2,T05,Short,1171,63.94,74874.17,594.31
TR002424,2024-06-05,COAL,T04,Long,495,109.91,54405.37,-318.08
TR002425,2024-06-05,COAL,T08,Short,503,113.67,57176.78,595.3
TR002426,2024-06-06,CO2,T04,Short,174,62.06,10798.84,-2.59
TR002427,2024-06-06,PWR,T01,Long,1542,93.86,144727.89,3824.08
TR002428,2024-06-06,PWR,T08,Short,1291,90.56,116917.0,-1196.81
TR002429,2024-06-06,CO2,T02,Long,1700,70.18,119310.73,-3161.4
TR002430,2024-06-06,GAS,T07,Long,380,34.34,13049.17,105.01
TR002431,2024-06-06,CO2,T03,Short,955,66.46,63470.53,-832.49
TR002432,2024-06-06,CO2,T03,Short,102,64.99,6629.01,79.4
TR002433,2024-06-06,CO2,T02,Long,1089,61.08,66513.02,-498.81
TR002434,2024-06-06,PWR,T04,Short,1508,80.32,121126.48,1275.29
TR002435,2024-06-06,COAL,T07,Short,1013,115.41,116906.59,-291.39
TR002436,2024-06-06,PWR,T06,Long,901,86.78,78192.55,-156.75
TR002437,2024-06-06,GAS,T03,Long,479,32.69,15658.67,-372.95
TR002438,2024-06-06,GAS,T04,Long,1368,34.53,47242.08,153.63
TR002439,2024-06-06,GAS,T02,Long,788,34.44,27140.14,-677.83
TR002440,2024-06-06,GAS,T04,Long,853,34.06,29056.22,142.25
TR002441,2024-06-06,GAS,T08,Short,1349,32.87,44339.1,-172.75
TR002442,2024-06-06,PWR,T07,Long,1004,84.2,84536.89,-963.88
TR002443,2024-06-06,PWR,T05,Long,1288,87.29,112431.07,-1753.87
TR002444,2024-06-06,PWR,T06,Long,1020,88.21,89977.26,1347.08
TR002445,2024-06-06,GAS,T01,Short,1418,33.4,47365.44,976.51
TR002446,2024-06-06,PWR,T08,Long,798,84.64,67541.7,958.97
TR002447,2024-06-06,CO2,T08,Short,394,66.73,26289.86,600.67
TR002448,2024-06-06,COAL,T04,Short,1265,113.07,143027.8,469.97
TR002449,2024-06-06,GAS,T03,Long,1939,34.03,65974.69,93.76
TR002450,2024-06-06,PWR,T08,Short,70,78.12,5468.46,19.08
TR002451,2024-06-06,PWR,T08,Short,1277,83.5,106625.8,-496.09
TR002452,2024-06-06,COAL,T08,Short,1769,110.45,195381.07,-1796.0
TR002453,2024-06-06,PWR,T04,Short,1367,93.18,127378.96,-2378.29
TR002454,2024-06-07,GAS,T08,Long,390,33.84,13199.32,102.87
TR002455,2024-06-07,PWR,T01,Short,1922,90.11,173198.7,3060.01
TR002456,2024-06-07,PWR,T06,Long,900,87.02,78318.56,-2620.75
TR002457,2024-06-07,PWR,T05,Short,346,88.64,30670.9,-184.71
TR002458,2024-06-07,GAS,T03,Long,1518,32.97,50045.58,-1214.49
TR002459,2024-06-07,PWR,T08,Long,353,88.25,31152.16,-57.04
TR002460,2024-06-07,COAL,T02,Short,1863,115.82,215765.56,3314.61
TR002461,2024-06-07,COAL,T02,Long,722,108.23,78144.15,176.84
TR002462,2024-06-07,GAS,T05,Long,985,35.8,35265.56,672.82
TR002463,2024-06-07,COAL,T03,Short,449,114.56,51435.22,-227.55
TR002464,2024-06-07,CO2,T08,Long,406,62.66,25438.41,525.76
TR002465,2024-06-07,GAS,T05,Long,1482,35.26,52250.34,54.65
TR002466,2024-06-07,PWR,T08,Long,377,86.48,32602.21,-171.63
TR002467,2024-06-07,GAS,T03,Long,1006,34.35,34555.88,493.77
TR002468,2024-06-07,GAS,T06,Long,1018,35.91,36559.65,712.13
TR002469,2024-06-07,COAL,T05,Long,279,105.57,29453.09,-6.85
TR002470,2024-06-07,PWR,T01,Long,1953,100.72,196696.91,-1324.88
TR002471,2024-06-07,GAS,T05,Long,875,32.58,28503.24,206.26
TR002472,2024-06-07,PWR,T07,Short,749,87.35,65427.19,-1196.16
TR002473,2024-06-07,COAL,T06,Long,1736,110.41,191665.87,-1445.14
TR002474,2024-06-07,CO2,T05,Short,1112,64.57,71806.0,1122.52
TR002475,2024-06-07,PWR,T04,Long,1344,81.54,109594.54,-2405.88
TR002476,2024-06-07,PWR,T07,Short,330,85.13,28093.12,-300.58
TR002477,2024-06-07,CO2,T02,Long,799,64.58,51597.34,1039.23
TR002478,2024-06-07,CO2,T02,Long,390,77.37,30174.04,575.24
TR002479,2024-06-10,PWR,T03,Long,711,86.51,61510.72,260.18
TR002480,2024-06-10,CO2,T03,Long,1847,70.82,130799.95,-4236.48
TR002481,2024-06-10,PWR,T01,Short,1882,88.12,165845.83,29.16
TR002482,2024-06-10,PWR,T03,Short,1128,81.85,92321.58,1486.05
TR002483,2024-06-10,GAS,T06,Short,1035,32.87,34016.65,-709.24
TR002484,2024-06-10,PWR,T08,Long,1178,86.35,101720.92,-192.17
TR002485,2024-06-10,CO2,T03,Short,965,62.59,60396.44,-766.93
TR002486,2024-06-10,CO2,T05,Short,1011,64.68,65387.43,-40.51
TR002487,2024-06-10,PWR,T04,Long,1162,82.1,95396.24,1689.24
TR002488,2024-06-10,GAS,T05,Long,1051,32.33,33973.58,723.96
TR002489,2024-06-10,CO2,T07,Long,1275,70.26,89587.26,584.98
TR002490,2024-06-10,CO2,T08,Short,520,62.67,32588.93,689.23
TR002491,2024-06-10,COAL,T01,Short,518,109.61,56780.03,-506.28
TR002492,2024-06-10,CO2,T02,Long,1254,62.87,78836.06,-1047.24
TR002493,2024-06-10,GAS,T08,Long,1363,34.27,46703.94,-480.21
TR002494,2024-06-10,PWR,T07,Long,150,85.17,12775.52,121.89
TR002495,2024-06-10,PWR,T06,Short,558,80.96,45175.96,49.08
TR002496,2024-06-10,PWR,T03,Long,989,91.38,90376.41,168.97
TR002497,2024-06-10,PWR,T02,Long,1190,86.97,103489.09,-2118.71
TR002498,2024-06-11,COAL,T08,Long,816,105.83,86354.11,315.56
TR002499,2024-06-11,GAS,T05,Long,278,34.22,9511.84,190.12
TR002500,2024-06-11,COAL,T05,Long,431,112.3,48401.86,873.11
TR002501,2024-06-11,PWR,T08,Short,1646,83.91,138112.61,2207.22
TR002502,2024-06-11,COAL,T04,Long,1840,114.2,210130.38,1459.08
TR002503,2024-06-11,GAS,T03,Short,281,33.09,9299.48,135.38
TR002504,2024-06-11,CO2,T07,Short,391,70.35,27504.91,463.43
TR002505,2024-06-11,CO2,T07,Short,932,71.19,66349.11,-495.76
TR002506,2024-06-11,GAS,T05,Long,1057,34.19,36139.42,46.21
TR002507,2024-06-11,GAS,T02,Long,927,35.43,32847.16,-100.17
TR002508,2024-06-11,COAL,T02,Short,1064,104.01,110661.32,126.8
TR002509,2024-06-11,COAL,T01,Long,925,116.02,107322.3,1379.48
TR002510,2024-06-11,COAL,T03,Short,1549,111.64,172925.28,7962.79
TR002511,2024-06-11,COAL,T02,Long,412,111.48,45928.92,980.79
TR002512,2024-06-11,COAL,T04,Long,122,109.37,13342.97,-57.51
TR002513,2024-06-11,CO2,T06,Long,1520,67.08,101956.22,372.9
TR002514,2024-06-11,COAL,T04,Long,1821,114.3,208146.9,1895.1
TR002515,2024-06-11,GAS,T06,Short,941,34.92,32863.26,31.76
TR002516,2024-06-11,PWR,T03,Long,600,73.05,43830.13,-480.49
TR002517,2024-06-11,PWR,T07,Long,1732,87.99,152405.02,-1500.34
TR002518,2024-06-11,GAS,T04,Short,639,32.3,20637.84,541.18
TR002519,2024-06-12,PWR,T05,Long,1042,80.48,83859.01,-559.06
TR002520,2024-06-12,PWR,T02,Long,282,84.42,23806.96,495.88
TR002521,2024-06-12,CO2,T04,Long,1504,65.55,98585.09,343.19
TR002522,2024-06-12,GAS,T02,Short,1277,32.97,42102.33,694.85
TR002523,2024-06-12,CO2,T04,Short,738,67.6,49887.74,215.49
TR002524,2024-06-12,GAS,T04,Long,512,33.49,17148.91,-35.65
TR002525,2024-06-12,CO2,T08,Long,275,61.42,16891.12,-264.16
TR002526,2024-06-12,COAL,T06,Short,343,106.4,36496.08,521.45
TR002527,2024-06-12,GAS,T02,Short,1359,30.99,42120.46,-175.87
TR002528,2024-06-12,COAL,T01,Long,1917,111.5,213751.86,-3452.97
TR002529,2024-06-12,GAS,T07,Long,1399,34.91,48834.87,1951.93
TR002530,2024-06-12,PWR,T07,Long,587,93.28,54755.87,-530.61
TR002531,2024-06-12,PWR,T04,Long,686,84.76,58146.6,1215.35
TR002532,2024-06-12,PWR,T05,Long,770,85.01,65453.85,-888.87
TR002533,2024-06-12,COAL,T06,Long,1860,109.57,203802.98,576.07
TR002534,2024-06-12,PWR,T03,Long,1890,89.96,170020.91,884.94
TR002535,2024-06-12,COAL,T07,Short,480,112.24,53874.83,421.9
TR002536,2024-06-12,PWR,T05,Long,488,99.68,48644.47,81.99
TR002537,2024-06-12,GAS,T02,Long,1923,32.79,63061.97,466.42
TR002538,2024-06-12,GAS,T03,Short,863,33.42,28843.24,-790.83
TR002539,2024-06-12,CO2,T07,Long,406,64.08,26015.38,125.8
TR002540,2024-06-12,GAS,T06,Short,1130,34.33,38791.71,-1060.41
TR002541,2024-06-12,PWR,T06,Short,1119,90.53,101303.61,-257.63
TR002542,2024-06-12,PWR,T03,Long,1234,84.45,104216.67,2661.19
TR002543,2024-06-13,COAL,T01,Long,1109,108.08,119860.25,-473.07
TR002544,2024-06-13,PWR,T06,Long,1697,80.07,135886.98,994.5
TR002545,2024-06-13,COAL,T07,Short,882,114.47,100960.65,931.92
TR002546,2024-06-13,PWR,T02,Short,1991,77.49,154275.29,4622.37
TR002547,2024-06-13,COAL,T05,Short,1110,108.94,120922.09,-398.29
TR002548,2024-06-13,CO2,T04,Long,722,65.38,47204.85,-859.0
TR002549,2024-06-13,PWR,T05,Long,1791,84.83,151933.5,2071.07
TR002550,2024-06-13,GAS,T05,Long,134,33.13,4438.84,-21.44
TR002551,2024-06-13,PWR,T03,Long,131,85.73,11230.64,-159.12
TR002552,2024-06-13,GAS,T04,Long,487,33.03,16086.01,-88.13
TR002553,2024-06-13,COAL,T04,Short,1347,107.74,145120.92,2205.64
TR002554,2024-06-13,CO2,T02,Short,1106,61.81,68362.61,473.09
TR002555,2024-06-13,PWR,T08,Long,1394,82.93,115607.29,-1247.9
TR002556,2024-06-13,COAL,T08,Long,1424,110.94,157984.25,1847.73
TR002557,2024-06-13,COAL,T07,Long,67,112.39,7529.94,106.06
TR002558,2024-06-13,COAL,T08,Short,1871,108.81,203578.39,-770.23
TR002559,2024-06-13,PWR,T01,Long,1936,84.22,163056.21,32.76
TR002560,2024-06-13,COAL,T03,Long,1574,118.59,186665.99,1603.72
TR002561,2024-06-13,PWR,T06,Long,619,90.83,56226.58,-598.88
TR002562,2024-06-14,GAS,T05,Short,122,33.93,4139.13,-32.02
TR002563,2024-06-14,PWR,T06,Short,896,86.16,77201.68,-266.54
TR002564,2024-06-14,PWR,T06,Long,1467,86.29,126593.06,2271.69
TR002565,2024-06-14,COAL,T04,Short,1517,116.36,176517.46,-3530.63
TR002566,2024-06-14,GAS,T01,Long,253,31.74,8029.73,94.64
TR002567,2024-06-14,COAL,T06,Long,1938,109.14,211508.68,1593.17
TR002568,2024-06-14,PWR,T04,Short,235,80.64,18950.45,81.17
TR002569,2024-06-14,COAL,T05,Long,740,106.52,78822.52,436.03
TR002570,2024-06-14,PWR,T04,Short,1078,94.41,101776.52,-1430.17
TR002571,2024-06-14,CO2,T05,Short,437,76.33,33358.26,-537.8
TR002572,2024-06-14,PWR,T02,Long,1393,98.86,137708.88,-1392.48
TR002573,2024-06-14,COAL,T05,Long,1327,111.94,148539.66,2398.78
TR002574,2024-06-14,GAS,T07,Long,559,33.58,18769.53,337.38
TR002575,2024-06-14,COAL,T02,Short,1299,107.91,140179.43,2462.6
TR002576,2024-06-14,COAL,T04,Short,1755,119.14,209085.94,-2217.54
TR002577,2024-06-14,COAL,T01,Short,1696,105.63,179150.72,148.86
TR002578,2024-06-14,PWR,T07,Long,418,92.21,38544.78,-417.12
TR002579,2024-06-14,PWR,T03,Long,271,95.98,26010.32,119.94
TR002580,2024-06-14,PWR,T06,Long,196,79.22,15527.53,201.14
TR002581,2024-06-14,PWR,T02,Short,1801,94.04,169374.2,2786.5
TR002582,2024-06-14,COAL,T07,Long,1942,107.27,208320.38,3206.07
TR002583,2024-06-14,COAL,T04,Short,1957,110.31,215872.7,-1709.06
TR002584,2024-06-14,CO2,T08,Long,1453,66.69,96903.05,515.15
TR002585,2024-06-14,PWR,T03,Short,1752,92.11,161381.61,-2160.33
TR002586,2024-06-17,CO2,T07,Long,1770,70.4,124606.35,-3525.29
TR002587,2024-06-17,PWR,T08,Short,363,86.08,31247.37,577.66
TR002588,2024-06-17,COAL,T06,Short,1682,108.38,182301.56,1152.77
TR002589,2024-06-17,COAL,T01,Short,362,107.04,38748.19,299.03
TR002590,2024-06-17,CO2,T05,Short,526,63.81,33563.38,-10.54
TR002591,2024-06-17,CO2,T03,Long,1951,64.75,126329.16,180.7
TR002592,2024-06-17,COAL,T07,Long,552,112.64,62177.65,2029.23
TR002593,2024-06-17,GAS,T03,Long,1354,33.47,45318.2,-479.31
TR002594,2024-06-17,CO2,T02,Short,1915,66.78,127876.19,2211.49
TR002595,2024-06-17,PWR,T05,Long,1654,96.9,160280.42,-1735.36
TR002596,2024-06-17,COAL,T05,Short,203,111.68,22670.28,148.2
TR002597,2024-06-17,COAL,T06,Long,1575,108.92,171546.75,-774.11
TR002598,2024-06-17,COAL,T03,Short,1741,114.47,199290.84,-2625.3
TR002599,2024-06-17,GAS,T04,Long,1089,33.88,36892.32,-104.6
TR002600,2024-06-17,PWR,T02,Long,1254,92.67,116210.31,-1121.12
TR002601,2024-06-17,COAL,T04,Long,1762,107.11,188730.48,-265.04
TR002602,2024-06-17,GAS,T07,Long,1831,35.29,64614.65,353.92
TR002603,2024-06-17,PWR,T03,Long,1446,90.1,130287.93,-2060.02
TR002604,2024-06-17,CO2,T04,Long,167,61.97,10348.75,21.76
TR002605,2024-06-17,PWR,T01,Long,950,91.56,86981.22,-2008.03
TR002606,2024-06-18,PWR,T04,Long,1964,86.02,168938.56,-110.89
TR002607,2024-06-18,COAL,T02,Short,1053,113.15,119143.63,-1870.66
TR002608,2024-06-18,CO2,T03,Short,323,76.47,24698.37,129.63
TR002609,2024-06-18,COAL,T06,Long,931,108.85,101342.95,290.9
TR002610,2024-06-18,PWR,T04,Long,593,81.9,48564.42,572.03
TR002611,2024-06-18,COAL,T07,Long,1432,106.75,152861.36,591.47
TR002612,2024-06-18,PWR,T05,Long,1603,85.73,137418.8,-1489.72
TR002613,2024-06-18,GAS,T08,Short,1379,32.78,45201.0,270.7
TR002614,2024-06-18,COAL,T07,Short,358,106.81,38239.19,140.0
TR002615,2024-06-18,PWR,T06,Long,1901,87.67,166659.01,1489.36
TR002616,2024-06-18,GAS,T03,Long,779,32.47,25296.67,-278.75
TR002617,2024-06-18,PWR,T04,Short,1841,78.61,144717.24,-2805.51
TR002618,2024-06-18,CO2,T08,Short,364,63.77,23213.56,-344.38
TR002619,2024-06-18,GAS,T03,Short,362,34.8,12596.45,206.25
TR002620,2024-06-18,GAS,T02,Long,1585,35.16,55726.4,-853.35
TR002621,2024-06-18,GAS,T04,Short,1282,36.37,46631.28,755.91
TR002622,2024-06-18,GAS,T01,Short,801,32.68,26174.53,92.72
TR002623,2024-06-18,GAS,T07,Long,1429,33.89,48433.86,-1315.56
TR002624,2024-06-18,CO2,T08,Long,1988,60.69,120645.89,204.77
TR002625,2024-06-18,COAL,T06,Long,1408,106.27,149625.29,-683.19
TR002626,2024-06-18,COAL,T01,Short,729,114.8,83687.53,-1214.41
TR002627,2024-06-18,PWR,T05,Short,1005,84.63,85055.7,-245.19
TR002628,2024-06-18,CO2,T02,Long,1960,69.88,136961.26,1005.1
TR002629,2024-06-18,PWR,T06,Long,937,81.49,76355.43,917.56
TR002630,2024-06-19,COAL,T01,Short,699,109.7,76677.29,1616.36
TR002631,2024-06-19,GAS,T01,Short,73,32.32,2359.16,12.69
TR002632,2024-06-19,COAL,T07,Long,1649,109.98,181362.22,-5064.2
TR002633,2024-06-19,CO2,T08,Short,1258,65.01,81781.83,-165.76
TR002634,2024-06-19,CO2,T06,Short,1634,59.22,96766.22,3167.31
TR002635,2024-06-19,COAL,T02,Long,1569,108.29,169909.33,3451.4
TR002636,2024-06-19,GAS,T08,Short,1046,37.9,39640.17,931.01
TR002637,2024-06-19,GAS,T07,Short,1381,32.62,45051.17,173.86
TR002638,2024-06-19,PWR,T06,Long,1299,89.09,115726.38,330.14
TR002639,2024-06-19,COAL,T06,Long,485,109.11,52916.54,-1165.24
TR002640,2024-06-19,CO2,T07,Short,235,63.03,14812.76,359.01
TR002641,2024-06-19,PWR,T03,Short,923,86.09,79460.62,-1879.74
TR002642,2024-06-19,CO2,T08,Short,779,67.36,52473.25,-471.39
TR002643,2024-06-19,CO2,T06,Short,1324,64.69,85654.56,-1169.82
TR002644,2024-06-19,PWR,T07,Short,812,88.74,72056.04,54.47
TR002645,2024-06-19,PWR,T05,Short,249,82.41,20519.96,-149.86
TR002646,2024-06-19,PWR,T03,Long,1572,83.9,131886.24,-269.52
TR002647,2024-06-19,COAL,T04,Short,611,119.72,73145.96,109.46
TR002648,2024-06-19,CO2,T03,Long,163,59.56,9707.72,-131.21
TR002649,2024-06-19,COAL,T03,Long,983,113.56,111626.3,-1794.38
TR002650,2024-06-19,PWR,T01,Long,1177,83.6,98396.04,2483.01
TR002651,2024-06-19,GAS,T07,Long,712,34.44,24517.8,-482.0
TR002652,2024-06-19,GAS,T04,Long,635,33.62,21348.1,-380.19
TR002653,2024-06-19,GAS,T04,Long,628,34.61,21732.48,488.08
TR002654,2024-06-20,CO2,T03,Long,914,67.95,62103.56,-949.89
TR002655,2024-06-20,PWR,T01,Long,410,97.5,39975.63,565.51
TR002656,2024-06-20,COAL,T06,Long,875,112.79,98695.05,2260.51
TR002657,2024-06-20,CO2,T01,Long,1982,70.65,140027.96,1353.58
TR002658,2024-06-20,COAL,T02,Short,714,119.03,84987.79,209.89
TR002659,2024-06-20,PWR,T05,Short,155,105.26,16314.61,172.74
TR002660,2024-06-20,PWR,T02,Short,1493,87.56,130729.11,1857.88
TR002661,2024-06-20,PWR,T07,Long,715,86.96,62177.13,-926.01
TR002662,2024-06-20,COAL,T02,Long,397,110.03,43680.97,-668.76
TR002663,2024-06-20,GAS,T08,Short,1377,33.39,45978.5,76.28
TR002664,2024-06-20,CO2,T02,Long,1092,60.8,66395.69,383.0
TR002665,2024-06-20,GAS,T04,Long,1867,30.06,56116.41,-282.93
TR002666,2024-06-20,PWR,T05,Short,365,87.68,32003.32,-564.28
TR002667,2024-06-20,CO2,T05,Short,701,64.25,45036.35,-1120.76
TR002668,2024-06-20,CO2,T01,Long,1462,67.28,98362.96,-1943.84
TR002669,2024-06-20,CO2,T04,Long,981,69.46,68143.37,1451.86
TR002670,2024-06-21,GAS,T03,Short,1534,34.92,53573.97,-360.16
TR002671,2024-06-21,PWR,T05,Short,948,90.39,85688.51,-734.47
TR002672,2024-06-21,CO2,T04,Short,1852,65.81,121887.8,-1887.68
TR002673,2024-06-21,PWR,T04,Short,675,87.55,59093.52,-116.4
TR002674,2024-06-21,COAL,T06,Long,858,105.89,90854.5,-483.32
TR002675,2024-06-21,GAS,T01,Long,353,32.81,11583.1,-101.37
TR002676,2024-06-21,PWR,T08,Short,1950,85.78,167275.78,-950.5
TR002677,2024-06-21,CO2,T07,Short,1007,67.02,67493.82,432.08
TR002678,2024-06-21,PWR,T06,Short,168,89.87,15098.24,184.0
TR002679,2024-06-21,CO2,T05,Short,77,76.02,5853.85,-169.94
TR002680,2024-06-21,CO2,T04,Long,1075,63.77,68547.66,-15.62
TR002681,2024-06-21,PWR,T08,Short,1667,81.6,136022.28,-2996.55
TR002682,2024-06-21,COAL,T03,Short,1635,113.29,185227.21,-538.46
TR002683,2024-06-21,PWR,T02,Short,1392,102.39,142521.64,-3472.92
TR002684,2024-06-21,GAS,T02,Long,917,36.69,33640.5,-275.14
TR002685,2024-06-21,GAS,T08,Long,682,32.66,22272.63,221.53
TR002686,2024-06-21,PWR,T08,Short,1056,90.04,95085.98,-790.8
TR002687,2024-06-21,COAL,T08,Short,1195,113.09,135139.53,-108.31
TR002688,2024-06-21,COAL,T07,Short,1374,115.79,159090.59,-716.87
TR002689,2024-06-21,PWR,T07,Long,593,89.16,52870.01,-1637.06
TR002690,2024-06-21,COAL,T05,Long,1178,111.54,131392.46,-124.75
TR002691,2024-06-21,PWR,T07,Short,949,96.3,91388.35,1257.79
TR002692,2024-06-21,COAL,T04,Long,1092,108.28,118243.0,2083.48
TR002693,2024-06-21,COAL,T04,Short,274,111.16,30456.49,-308.04
TR002694,2024-06-21,CO2,T07,Short,316,66.21,20922.05,370.28
TR002695,2024-06-24,COAL,T08,Long,614,116.04,71250.34,203.09
TR002696,2024-06-24,CO2,T03,Short,894,59.65,53326.59,183.25
TR002697,2024-06-24,COAL,T02,Long,1354,110.1,149074.78,2982.37
TR002698,2024-06-24,CO2,T08,Long,1815,70.0,127053.24,306.99
TR002699,2024-06-24,COAL,T04,Short,983,111.78,109875.82,-512.32
TR002700,2024-06-24,CO2,T05,Long,1124,68.99,77547.91,-840.55
TR002701,2024-06-24,COAL,T07,Short,598,103.33,61793.19,25.65
TR002702,2024-06-24,COAL,T07,Short,803,107.19,86071.33,118.93
TR002703,2024-06-24,PWR,T02,Short,1472,84.97,125083.12,2743.13
TR002704,2024-06-24,GAS,T07,Long,1223,32.84,40158.21,-175.54
TR002705,2024-06-24,COAL,T04,Long,885,111.04,98270.19,-1443.76
TR002706,2024-06-24,COAL,T08,Short,494,114.65,56638.85,-540.8
TR002707,2024-06-24,PWR,T08,Long,529,93.08,49240.26,371.27
TR002708,2024-06-24,CO2,T07,Long,1608,62.58,100621.48,1802.52
TR002709,2024-06-24,CO2,T01,Short,1256,69.95,87859.88,-186.17
TR002710,2024-06-24,CO2,T01,Long,932,66.15,61647.39,-219.84
TR002711,2024-06-24,GAS,T03,Short,452,36.21,16365.38,-125.78
TR002712,2024-06-24,CO2,T07,Short,1566,64.51,101026.35,-3011.9
TR002713,2024-06-24,PWR,T05,Long,718,90.32,64850.83,-13.19
TR002714,2024-06-24,GAS,T05,Long,1690,35.62,60203.21,-816.71
TR002715,2024-06-25,COAL,T01,Short,836,108.89,91035.14,-809.35
TR002716,2024-06-25,COAL,T06,Short,728,107.87,78528.13,362.28
TR002717,2024-06-25,COAL,T01,Long,1361,107.67,146533.55,-3265.1
TR002718,2024-06-25,GAS,T06,Long,596,35.46,21136.54,-361.18
TR002719,2024-06-25,COAL,T02,Short,1693,108.56,183784.97,-1716.29
TR002720,2024-06-25,COAL,T05,Short,636,115.15,73233.47,-1465.13
TR002721,2024-06-25,COAL,T03,Long,1425,108.77,155001.39,-5020.21
TR002722,2024-06-25,PWR,T01,Short,1771,79.03,139957.92,912.73
TR002723,2024-06-25,PWR,T05,Short,1418,81.64,115758.74,611.58
TR002724,2024-06-25,CO2,T04,Short,1425,69.05,98396.87,470.86
TR002725,2024-06-25,COAL,T06,Long,532,108.62,57787.22,-357.17
TR002726,2024-06-25,GAS,T02,Long,1639,33.24,54482.36,-652.31
TR002727,2024-06-25,GAS,T05,Long,483,35.13,16968.63,-60.74
TR002728,2024-06-25,COAL,T04,Short,1784,115.79,206569.58,1063.3
TR002729,2024-06-25,GAS,T03,Short,237,33.7,7986.16,-15.35
TR002730,2024-06-25,COAL,T02,Long,1639,104.05,170539.13,-2549.61
TR002731,2024-06-25,COAL,T04,Long,828,114.19,94546.27,-120.23
TR002732,2024-06-25,GAS,T08,Long,611,32.11,19616.44,195.2
TR002733,2024-06-25,GAS,T06,Short,393,33.62,13211.2,142.65
TR002734,2024-06-25,CO2,T07,Long,1459,62.49,91167.78,759.93
TR002735,2024-06-25,CO2,T02,Long,1727,66.44,114745.06,1964.12
TR002736,2024-06-25,COAL,T04,Long,827,117.39,97084.87,1516.07
TR002737,2024-06-25,CO2,T06,Short,993,73.47,72959.58,618.44
TR002738,2024-06-25,CO2,T06,Long,437,63.85,27902.12,347.27
TR002739,2024-06-26,GAS,T06,Long,58,33.44,1939.79,-8.16
TR002740,2024-06-26,COAL,T08,Long,826,109.0,90034.32,-677.88
TR002741,2024-06-26,CO2,T03,Long,620,66.79,41411.39,55.97
TR002742,2024-06-26,PWR,T08,Long,1316,97.93,128869.37,-1419.71
TR002743,2024-06-26,PWR,T06,Short,60,87.84,5270.17,31.13
TR002744,2024-06-26,PWR,T02,Long,1052,82.68,86983.98,543.7
TR002745,2024-06-26,COAL,T03,Long,1563,115.71,180847.41,4943.77
TR002746,2024-06-26,PWR,T02,Long,941,86.18,81093.4,-521.13
TR002747,2024-06-26,GAS,T01,Short,190,34.77,6606.3,-117.21
TR002748,2024-06-26,PWR,T06,Long,713,90.47,64505.39,-1334.96
TR002749,2024-06-26,CO2,T05,Short,100,63.7,6370.16,49.72
TR002750,2024-06-26,COAL,T07,Short,423,108.64,45956.79,881.34
TR002751,2024-06-26,COAL,T04,Short,121,116.98,14154.86,-359.96
TR002752,2024-06-26,COAL,T01,Short,480,112.76,54126.67,1426.22
TR002753,2024-06-26,CO2,T01,Short,590,68.94,40672.03,-808.55
TR002754,2024-06-27,CO2,T08,Short,631,60.98,38480.88,-284.4
TR002755,2024-06-27,GAS,T06,Short,1168,32.93,38462.14,-658.17
TR002756,2024-06-27,PWR,T02,Short,170,89.79,15264.81,-551.03
TR002757,2024-06-27,PWR,T01,Long,289,80.3,23205.47,-807.06
TR002758,2024-06-27,PWR,T02,Short,1721,91.96,158265.54,-1158.53
TR002759,2024-06-27,GAS,T04,Short,492,35.84,17632.2,-260.25
TR002760,2024-06-27,COAL,T01,Short,73,117.5,8577.28,-97.15
TR002761,2024-06-27,PWR,T06,Short,1965,78.54,154339.21,488.13
TR002762,2024-06-27,PWR,T01,Long,711,94.3,67044.5,1132.31
TR002763,2024-06-27,GAS,T03,Long,992,34.26,33982.43,-63.11
TR002764,2024-06-27,COAL,T01,Short,797,105.38,83986.67,849.82
TR002765,2024-06-27,CO2,T07,Short,1629,72.25,117695.14,-2206.07
TR002766,2024-06-27,COAL,T06,Short,1694,114.9,194636.5,-619.42
TR002767,2024-06-27,GAS,T04,Long,54,33.15,1790.31,-1.39
TR002768,2024-06-27,CO2,T02,Short,1777,64.37,114384.32,326.36
TR002769,2024-06-27,CO2,T04,Long,1198,59.08,70776.99,785.75
TR002770,2024-06-27,COAL,T03,Short,464,114.93,53325.46,1391.22
TR002771,2024-06-27,COAL,T04,Long,210,111.21,23353.26,-35.7
TR002772,2024-06-27,GAS,T06,Long,638,34.11,21760.68,81.47
TR002773,2024-06-27,PWR,T04,Short,1394,98.61,137456.96,-2943.46
TR002774,2024-06-27,CO2,T01,Short,1333,69.07,92075.3,-159.72
TR002775,2024-06-27,GAS,T06,Short,609,34.77,21176.35,-247.5
TR002776,2024-06-27,CO2,T02,Short,1334,63.32,84466.81,914.48
TR002777,2024-06-27,COAL,T04,Short,890,114.74,102122.47,-1006.17
TR002778,2024-06-27,COAL,T04,Long,1526,116.39,177614.44,727.1
TR002779,2024-06-27,PWR,T06,Long,1731,85.35,147742.11,1250.66
TR002780,2024-06-27,PWR,T06,Long,322,90.09,29010.42,76.68
TR002781,2024-06-27,GAS,T08,Long,1943,36.9,71698.32,-1535.19
TR002782,2024-06-28,COAL,T05,Short,959,105.86,101518.28,820.94
TR002783,2024-06-28,COAL,T04,Long,1384,114.4,158323.01,225.75
TR002784,2024-06-28,GAS,T07,Long,1434,32.69,46870.52,-416.81
TR002785,2024-06-28,PWR,T02,Long,1764,94.23,166221.1,-466.41
TR002786,2024-06-28,COAL,T06,Short,535,113.77,60865.38,476.47
TR002787,2024-06-28,GAS,T04,Short,1122,35.67,40027.26,1277.26
TR002788,2024-06-28,COAL,T03,Short,1194,113.34,135331.34,4250.14
TR002789,2024-06-28,CO2,T03,Long,1247,73.29,91389.57,-517.25
TR002790,2024-06-28,PWR,T04,Long,960,91.5,87836.83,-246.09
TR002791,2024-06-28,CO2,T07,Short,1890,69.03,130469.16,1313.0
TR002792,2024-06-28,PWR,T08,Short,444,91.81,40764.6,665.49
TR002793,2024-06-28,CO2,T01,Long,1095,68.43,74929.05,105.71
TR002794,2024-06-28,CO2,T07,Long,1295,71.11,92088.92,-712.41
TR002795,2024-06-28,GAS,T06,Short,1848,34.37,63521.82,1174.44
TR002796,2024-06-28,GAS,T01,Long,52,36.86,1916.66,-28.02
TR002797,2024-06-28,COAL,T03,Short,256,115.49,29564.49,1210.95
TR002798,2024-06-28,PWR,T01,Long,1373,84.61,116164.86,2614.42
TR002799,2024-06-28,PWR,T01,Short,1449,84.46,122381.86,-1366.6
TR002800,2024-06-28,COAL,T01,Long,1163,112.0,130257.26,-1448.87
TR002801,2024-06-28,CO2,T03,Long,1632,64.01,104464.59,10.26
TR002802,2024-06-28,PWR,T07,Short,1224,94.3,115417.7,-359.46
TR002803,2024-06-28,COAL,T07,Long,970,109.63,106344.36,303.55
TR002804,2024-07-01,CO2,T04,Long,671,77.5,52005.69,1656.89
TR002805,2024-07-01,CO2,T05,Long,1694,67.52,114380.54,2136.44
TR002806,2024-07-01,COAL,T06,Long,1041,111.22,115776.57,1358.89
TR002807,2024-07-01,GAS,T08,Long,907,34.94,31688.32,-70.81
TR002808,2024-07-01,PWR,T07,Long,1855,90.85,168532.76,-3946.3
TR002809,2024-07-01,PWR,T05,Short,270,84.27,22752.58,140.18
TR002810,2024-07-01,GAS,T06,Short,757,34.15,25853.8,380.23
TR002811,2024-07-01,GAS,T03,Short,423,33.26,14070.82,-335.74
TR002812,2024-07-01,CO2,T08,Short,619,66.42,41113.87,-752.88
TR002813,2024-07-01,COAL,T06,Long,1912,109.43,209225.59,-3108.34
TR002814,2024-07-01,CO2,T04,Long,346,69.49,24044.89,55.63
TR002815,2024-07-01,CO2,T07,Long,850,68.56,58274.31,543.05
TR002816,2024-07-01,COAL,T07,Long,577,106.28,61323.06,154.39
TR002817,2024-07-01,PWR,T04,Long,838,82.26,68931.74,-74.35
TR002818,2024-07-01,COAL,T01,Long,320,118.33,37865.21,-229.3
TR002819,2024-07-01,GAS,T08,Short,181,34.56,6254.47,-2.01
TR002820,2024-07-01,PWR,T01,Short,374,82.31,30783.8,1051.7
TR002821,2024-07-01,CO2,T01,Long,1899,68.98,131000.81,-1585.62
TR002822,2024-07-01,COAL,T06,Short,1596,116.55,186017.3,-1310.17
TR002823,2024-07-01,PWR,T02,Short,1224,79.51,97315.55,-78.12
TR002824,2024-07-01,CO2,T03,Short,1151,71.77,82606.08,-2110.51
TR002825,2024-07-01,PWR,T08,Long,801,80.36,64370.59,-400.29
TR002826,2024-07-01,GAS,T07,Long,603,35.12,21179.66,125.89
TR002827,2024-07-01,GAS,T08,Short,794,35.89,28493.64,489.59
TR002828,2024-07-01,CO2,T07,Long,661,69.81,46141.87,1493.89
TR002829,2024-07-02,COAL,T08,Short,438,109.37,47903.1,68.7
TR002830,2024-07-02,COAL,T07,Long,1337,108.8,145465.69,930.33
TR002831,2024-07-02,CO2,T06,Long,1023,59.97,61346.84,26.28
TR002832,2024-07-02,PWR,T03,Short,117,93.36,10923.7,75.09
TR002833,2024-07-02,GAS,T05,Short,150,32.6,4890.41,-19.88
TR002834,2024-07-02,COAL,T08,Long,655,115.55,75685.7,721.03
TR002835,2024-07-02,PWR,T07,Short,73,83.7,6110.37,35.15
TR002836,2024-07-02,COAL,T05,Short,861,114.21,98331.92,770.66
TR002837,2024-07-02,CO2,T06,Short,1399,61.29,85743.22,-733.14
TR002838,2024-07-02,GAS,T08,Long,1452,33.7,48935.31,-1233.75
TR002839,2024-07-02,COAL,T08,Short,1993,121.34,241827.11,438.51
TR002840,2024-07-02,GAS,T01,Long,1452,33.99,49351.48,822.52
TR002841,2024-07-02,COAL,T07,Short,1482,108.98,161504.42,3495.41
TR002842,2024-07-02,GAS,T05,Short,524,34.56,18111.89,-9.13
TR002843,2024-07-02,COAL,T02,Short,267,108.51,28972.8,-742.46
TR002844,2024-07-02,COAL,T02,Long,1501,117.43,176258.31,1106.49
TR002845,2024-07-02,COAL,T08,Short,1193,112.27,133939.73,-5777.74
TR002846,2024-07-02,PWR,T03,Short,1722,81.83,140912.39,-1101.36
TR002847,2024-07-02,GAS,T07,Short,1917,33.57,64358.52,926.62
TR002848,2024-07-02,PWR,T01,Long,1669,92.3,154046.19,269.53
TR002849,2024-07-02,PWR,T07,Short,1763,85.45,150651.78,1381.74
TR002850,2024-07-02,PWR,T05,Long,1625,93.26,151544.16,179.99
TR002851,2024-07-02,CO2,T07,Long,1787,71.16,127160.92,-1273.64
TR002852,2024-07-03,COAL,T07,Short,1432,111.58,159783.12,-1460.82
TR002853,2024-07-03,COAL,T01,Long,1753,112.34,196931.89,-2908.33
TR002854,2024-07-03,CO2,T07,Long,1896,67.35,127704.38,-3768.41
TR002855,2024-07-03,PWR,T03,Long,1508,82.23,124002.99,-2784.25
TR002856,2024-07-03,GAS,T03,Short,517,33.87,17510.53,76.33
TR002857,2024-07-03,COAL,T01,Short,889,107.4,95481.46,864.88
TR002858,2024-07-03,GAS,T02,Long,1150,34.13,39244.05,198.42
TR002859,2024-07-03,PWR,T02,Short,269,88.15,23712.91,-300.33
TR002860,2024-07-03,CO2,T07,Short,854,58.51,49968.67,262.55
TR002861,2024-07-03,PWR,T08,Short,1110,92.15,102282.85,508.79
TR002862,2024-07-03,PWR,T06,Short,464,92.34,42846.7,788.6
TR002863,2024-07-03,CO2,T05,Short,213,72.62,15467.63,189.78
TR002864,2024-07-03,GAS,T02,Short,945,33.9,32037.43,260.8
TR002865,2024-07-03,COAL,T03,Short,762,110.29,84039.03,-266.57
TR002866,2024-07-03,COAL,T07,Long,845,115.09,97252.7,809.44
TR002867,2024-07-03,GAS,T06,Short,184,34.81,6405.47,-18.95
TR002868,2024-07-03,COAL,T01,Long,1021,111.36,113694.56,2064.21
TR002869,2024-07-03,COAL,T02,Long,786,111.76,87839.44,-1407.64
TR002870,2024-07-03,GAS,T06,Long,1710,35.7,61039.69,144.85
TR002871,2024-07-03,PWR,T08,Long,357,74.12,26460.65,-122.98
TR002872,2024-07-03,PWR,T01,Long,1304,94.55,123289.99,1338.93
TR002873,2024-07-03,GAS,T08,Short,151,33.81,5105.0,-33.92
TR002874,2024-07-03,PWR,T08,Short,392,86.85,34044.07,-353.23
TR002875,2024-07-03,CO2,T01,Short,359,65.6,23549.29,417.36
TR002876,2024-07-03,PWR,T07,Short,942,92.98,87587.72,-245.25
TR002877,2024-07-04,PWR,T05,Long,1213,76.9,93280.44,419.63
TR002878,2024-07-04,PWR,T02,Short,1553,90.45,140474.59,2015.89
TR002879,2024-07-04,COAL,T08,Short,167,113.02,18874.24,-231.42
TR002880,2024-07-04,COAL,T01,Long,1190,104.78,124689.74,-426.85
TR002881,2024-07-04,PWR,T01,Short,923,90.36,83399.44,170.07
TR002882,2024-07-04,CO2,T06,Long,477,66.16,31557.58,119.71
TR002883,2024-07-04,COAL,T06,Long,963,113.5,109299.01,-1206.86
TR002884,2024-07-04,PWR,T02,Long,1658,89.72,148760.18,837.39
TR002885,2024-07-04,PWR,T08,Long,661,99.93,66055.72,556.56
TR002886,2024-07-04,GAS,T05,Long,1724,33.66,58030.45,601.57
TR002887,2024-07-04,COAL,T04,Long,1886,114.68,216279.67,1064.0
TR002888,2024-07-04,CO2,T06,Long,1512,63.73,96365.99,1178.52
TR002889,2024-07-04,CO2,T06,Long,279,70.59,19694.6,-400.83
TR002890,2024-07-04,PWR,T03,Long,1024,87.96,90070.0,669.54
TR002891,2024-07-04,GAS,T08,Long,1236,31.19,38546.83,-905.69
TR002892,2024-07-04,COAL,T01,Short,294,113.92,33492.76,35.93
TR002893,2024-07-04,COAL,T01,Long,1719,114.35,196570.09,2947.36
TR002894,2024-07-04,GAS,T07,Short,691,33.56,23190.97,60.37
TR002895,2024-07-04,COAL,T07,Long,798,112.31,89625.08,1009.62
TR002896,2024-07-04,COAL,T01,Long,1947,115.96,225777.24,5504.86
TR002897,2024-07-04,COAL,T04,Long,668,114.9,76752.95,517.01
TR002898,2024-07-05,COAL,T03,Short,1921,108.96,209309.71,4229.73
TR002899,2024-07-05,CO2,T01,Long,1207,71.7,86542.41,-2763.2
TR002900,2024-07-05,COAL,T04,Long,301,108.9,32778.96,275.55
TR002901,2024-07-05,PWR,T03,Long,674,92.34,62233.87,1828.07
TR002902,2024-07-05,GAS,T07,Long,1166,33.21,38720.93,469.09
TR002903,2024-07-05,PWR,T03,Long,242,87.03,21061.88,235.52
TR002904,2024-07-05,PWR,T07,Short,1610,87.19,140382.97,1669.06
TR002905,2024-07-05,COAL,T06,Short,1648,104.95,172965.79,-1841.05
TR002906,2024-07-05,COAL,T03,Short,651,114.41,74478.78,-245.41
TR002907,2024-07-05,COAL,T05,Short,697,110.05,76703.86,1496.45
TR002908,2024-07-05,CO2,T05,Long,791,72.72,57519.05,-583.6
TR002909,2024-07-05,COAL,T06,Short,530,112.26,59497.65,475.54
TR002910,2024-07-05,CO2,T04,Short,98,69.33,6794.12,38.63
TR002911,2024-07-05,GAS,T03,Long,224,30.46,6822.49,10.18
TR002912,2024-07-05,COAL,T05,Long,1572,111.0,174485.09,-1340.51
TR002913,2024-07-05,COAL,T08,Long,1452,112.12,162799.23,536.26
TR002914,2024-07-05,CO2,T08,Long,567,68.21,38675.05,-450.49
TR002915,2024-07-05,PWR,T04,Long,1646,93.1,153238.34,201.76
TR002916,2024-07-05,GAS,T02,Short,1891,34.29,64846.4,119.9
TR002917,2024-07-05,PWR,T06,Long,1983,98.4,195129.51,-4180.67
TR002918,2024-07-05,CO2,T01,Long,1646,72.17,118790.57,-164.01
TR002919,2024-07-08,CO2,T06,Short,381,55.58,21176.86,-169.57
TR002920,2024-07-08,COAL,T05,Long,749,114.49,85752.38,-416.07
TR002921,2024-07-08,COAL,T02,Long,1661,103.99,172732.96,1616.35
TR002922,2024-07-08,GAS,T06,Long,1808,32.5,58758.0,35.33
TR002923,2024-07-08,GAS,T04,Long,1650,32.55,53708.86,435.74
TR002924,2024-07-08,GAS,T06,Short,1664,33.21,55267.55,-365.77
TR002925,2024-07-08,CO2,T02,Short,1631,60.48,98644.92,539.55
TR002926,2024-07-08,COAL,T08,Long,817,111.32,90951.76,-690.87
TR002927,2024-07-08,COAL,T02,Short,207,111.9,23163.61,-26.79
TR002928,2024-07-08,COAL,T04,Long,844,111.77,94337.29,65.51
TR002929,2024-07-08,GAS,T04,Long,351,34.45,12091.6,91.72
TR002930,2024-07-08,COAL,T06,Long,1886,112.22,211639.13,-3141.74
TR002931,2024-07-08,COAL,T06,Long,1828,110.91,202736.3,4686.54
TR002932,2024-07-08,CO2,T05,Long,1661,71.45,118685.48,-2848.6
TR002933,2024-07-08,PWR,T05,Long,1820,79.38,144466.07,-1919.9
TR002934,2024-07-08,GAS,T07,Long,448,31.35,14044.73,257.69
TR002935,2024-07-08,PWR,T07,Long,1289,85.41,110091.8,-2335.66
TR002936,2024-07-08,CO2,T05,Short,1772,77.67,137627.07,207.35
TR002937,2024-07-08,PWR,T03,Long,1150,86.6,99592.98,-2866.67
TR002938,2024-07-08,COAL,T05,Short,744,106.92,79544.89,1556.85
TR002939,2024-07-08,COAL,T03,Long,1287,119.45,153726.65,598.11
TR002940,2024-07-09,GAS,T02,Long,1329,33.38,44355.58,529.13
TR002941,2024-07-09,GAS,T01,Long,1514,33.94,51385.95,-328.06
TR002942,2024-07-09,GAS,T01,Long,1097,32.24,35365.23,-505.53
TR002943,2024-07-09,COAL,T05,Long,1803,110.65,199493.02,4691.03
TR002944,2024-07-09,CO2,T01,Short,574,69.22,39729.42,-216.86
TR002945,2024-07-09,CO2,T03,Long,1659,64.74,107398.93,2229.12
TR002946,2024-07-09,CO2,T05,Long,907,66.27,60111.27,-592.7
TR002947,2024-07-09,COAL,T01,Short,1799,111.57,200708.76,4734.97
TR002948,2024-07-09,PWR,T01,Long,765,86.34,66051.15,1698.87
TR002949,2024-07-09,GAS,T08,Long,1253,35.44,44404.44,-373.52
TR002950,2024-07-09,CO2,T08,Long,1791,65.22,116801.7,-1510.53
TR002951,2024-07-09,COAL,T02,Long,1919,115.14,220959.78,-1664.56
TR002952,2024-07-09,COAL,T03,Long,1607,105.27,169163.06,873.08
TR002953,2024-07-09,GAS,T04,Long,1702,36.02,61314.2,-2045.31
TR002954,2024-07-09,CO2,T02,Short,1342,67.02,89942.37,23.45
TR002955,2024-07-09,COAL,T05,Short,560,110.73,62011.03,-132.23
TR002956,2024-07-09,COAL,T05,Short,448,106.83,47858.01,805.16
TR002957,2024-07-09,COAL,T05,Short,1477,104.78,154759.48,2273.06
TR002958,2024-07-09,GAS,T06,Long,364,35.84,13046.74,-62.85
TR002959,2024-07-09,PWR,T04,Long,1540,83.58,128714.38,202.44
TR002960,2024-07-09,COAL,T05,Short,1986,107.86,214206.63,2622.1
TR002961,2024-07-09,GAS,T02,Short,1482,34.04,50445.22,-403.81
TR002962,2024-07-09,COAL,T07,Short,1953,107.16,209274.72,5566.26
TR002963,2024-07-09,COAL,T01,Long,869,111.18,96619.2,251.54
TR002964,2024-07-09,PWR,T05,Short,1676,89.29,149653.29,2352.24
TR002965,2024-07-09,GAS,T07,Long,1020,35.19,35894.61,-148.58
TR002966,2024-07-10,PWR,T08,Long,1881,80.58,151565.32,-3611.75
TR002967,2024-07-10,GAS,T05,Long,1303,35.12,45765.25,-295.83
TR002968,2024-07-10,PWR,T02,Long,118,90.22,10646.07,85.35
TR002969,2024-07-10,PWR,T03,Short,185,87.27,16145.5,164.76
TR002970,2024-07-10,GAS,T03,Short,1788,31.61,56512.82,515.02
TR002971,2024-07-10,COAL,T08,Long,529,111.24,58846.71,552.22
TR002972,2024-07-10,GAS,T07,Short,300,33.57,10071.1,-27.28
TR002973,2024-07-10,GAS,T08,Short,1516,34.98,53026.3,-12.21
TR002974,2024-07-10,COAL,T05,Short,599,107.58,64443.02,-127.42
TR002975,2024-07-10,GAS,T05,Long,291,33.51,9751.33,126.56
TR002976,2024-07-10,PWR,T06,Long,1868,78.91,147409.21,3020.1
TR002977,2024-07-10,CO2,T06,Long,1413,67.1,94810.56,106.97
TR002978,2024-07-10,CO2,T02,Short,1221,65.67,80184.79,1420.71
TR002979,2024-07-10,PWR,T04,Long,256,88.31,22608.08,40.44
TR002980,2024-07-10,PWR,T03,Short,1288,78.61,101249.97,740.34
TR002981,2024-07-10,GAS,T02,Long,1691,38.06,64364.79,1337.71
TR002982,2024-07-10,COAL,T08,Long,426,109.81,46779.87,-1221.65
TR002983,2024-07-11,GAS,T05,Short,280,33.22,9300.56,28.53
TR002984,2024-07-11,GAS,T02,Long,1387,35.0,48550.55,285.88
TR002985,2024-07-11,COAL,T04,Long,1919,112.16,215243.89,-197.58
TR002986,2024-07-11,COAL,T07,Long,1277,110.59,141220.51,3388.67
TR002987,2024-07-11,COAL,T06,Long,772,112.61,86934.93,486.8
TR002988,2024-07-11,COAL,T01,Short,843,111.86,94294.37,2986.64
TR002989,2024-07-11,GAS,T08,Short,130,34.4,4471.83,-46.58
TR002990,2024-07-11,COAL,T07,Long,1836,114.91,210970.51,-4768.36
TR002991,2024-07-11,GAS,T02,Long,604,34.08,20581.9,-82.78
TR002992,2024-07-11,PWR,T01,Long,339,95.49,32371.79,-252.33
TR002993,2024-07-11,COAL,T05,Long,261,113.68,29669.73,-293.3
TR002994,2024-07-11,COAL,T08,Short,967,109.66,106039.54,3796.59
TR002995,2024-07-11,COAL,T08,Short,129,106.07,13682.6,104.92
TR002996,2024-07-11,PWR,T04,Long,380,80.68,30659.24,493.67
TR002997,2024-07-11,GAS,T03,Short,669,34.3,22949.64,322.87
TR002998,2024-07-11,PWR,T01,Long,1080,92.48,99879.02,684.99
TR002999,2024-07-11,GAS,T02,Long,1288,32.99,42484.81,405.87
TR003000,2024-07-11,PWR,T03,Long,1347,87.11,117339.2,-1182.55
TR003001,2024-07-12,GAS,T03,Long,973,34.63,33696.36,623.76
TR003002,2024-07-12,GAS,T04,Short,1133,35.89,40668.78,164.74
TR003003,2024-07-12,COAL,T08,Short,1420,113.1,160597.04,1271.97
TR003004,2024-07-12,PWR,T03,Short,715,85.5,61129.41,519.0
TR003005,2024-07-12,COAL,T06,Long,1377,104.39,143749.0,112.86
TR003006,2024-07-12,CO2,T02,Short,1900,68.67,130478.13,-3186.36
TR003007,2024-07-12,PWR,T07,Short,1081,74.79,80849.12,-538.32
TR003008,2024-07-12,PWR,T01,Short,606,85.05,51541.24,567.81
TR003009,2024-07-12,GAS,T02,Long,1459,32.6,47557.14,-164.54
TR003010,2024-07-12,COAL,T06,Long,344,110.14,37887.06,-146.0
TR003011,2024-07-12,PWR,T02,Long,1444,91.48,132092.95,-1626.5
TR003012,2024-07-12,COAL,T02,Long,487,107.38,52293.66,406.3
TR003013,2024-07-12,PWR,T08,Short,1514,82.41,124772.61,-419.76
TR003014,2024-07-12,GAS,T06,Long,1578,32.42,51165.87,-1683.83
TR003015,2024-07-12,GAS,T07,Short,613,31.9,19552.27,-419.66
TR003016,2024-07-12,GAS,T08,Long,1177,32.95,38778.08,178.38
TR003017,2024-07-12,PWR,T01,Long,415,88.32,36651.81,1036.31
TR003018,2024-07-12,GAS,T02,Long,995,34.23,34061.92,-118.65
TR003019,2024-07-12,PWR,T02,Short,730,87.31,63734.15,808.83
TR003020,2024-07-15,CO2,T06,Long,1331,68.64,91356.25,-895.78
TR003021,2024-07-15,GAS,T04,Long,927,33.41,30973.43,36.05
TR003022,2024-07-15,PWR,T05,Short,59,79.33,4680.64,71.14
TR003023,2024-07-15,GAS,T06,Short,256,32.84,8407.41,137.76
TR003024,2024-07-15,GAS,T04,Long,1856,33.72,62582.34,133.09
TR003025,2024-07-15,COAL,T06,Short,1734,113.25,196377.31,-1400.25
TR003026,2024-07-15,COAL,T04,Long,65,117.35,7627.88,-22.17
TR003027,2024-07-15,PWR,T08,Long,230,93.85,21585.53,-243.15
TR003028,2024-07-15,CO2,T06,Short,1135,71.04,80631.17,1325.57
TR003029,2024-07-15,COAL,T02,Long,1345,111.79,150351.01,-3438.5
TR003030,2024-07-15,COAL,T03,Long,1126,109.25,123020.46,2073.44
TR003031,2024-07-15,GAS,T03,Long,1201,35.11,42172.41,-301.39
TR003032,2024-07-15,GAS,T08,Short,1225,33.23,40705.17,-343.58
TR003033,2024-07-15,PWR,T04,Long,178,89.16,15870.92,-234.54
TR003034,2024-07-15,GAS,T08,Short,994,37.82,37590.2,11.24
TR003035,2024-07-15,GAS,T07,Long,478,34.13,16312.7,144.56
TR003036,2024-07-15,GAS,T04,Long,1856,31.37,58224.32,-649.56
TR003037,2024-07-15,COAL,T03,Long,354,115.87,41016.21,-38.74
TR003038,2024-07-15,CO2,T07,Long,1094,67.53,73876.95,-129.55
TR003039,2024-07-15,COAL,T07,Short,1079,115.59,124725.01,2365.14
TR003040,2024-07-15,CO2,T06,Long,979,62.15,60844.47,-227.61
TR003041,2024-07-15,PWR,T01,Long,1387,86.44,119896.78,-1173.91
TR003042,2024-07-15,GAS,T03,Long,1968,32.25,63476.85,-1104.85
TR003043,2024-07-15,COAL,T02,Long,592,118.32,70047.47,1504.75
TR003044,2024-07-15,GAS,T06,Short,1337,33.16,44330.3,485.12
TR003045,2024-07-15,COAL,T05,Short,1070,113.42,121360.39,1085.39
TR003046,2024-07-15,GAS,T04,Short,1322,36.71,48533.33,371.93
TR003047,2024-07-15,PWR,T03,Long,1299,95.4,123924.81,-4301.73
TR003048,2024-07-15,PWR,T04,Long,488,100.13,48862.33,648.75
TR003049,2024-07-16,PWR,T05,Short,820,86.79,71166.28,-1346.12
TR003050,2024-07-16,PWR,T02,Long,1318,98.59,129943.27,-2803.14
TR003051,2024-07-16,PWR,T05,Short,89,93.0,8276.66,-164.56
TR003052,2024-07-16,CO2,T03,Short,259,69.21,17925.86,-131.82
TR003053,2024-07-16,COAL,T03,Long,156,114.25,17823.72,371.39
TR003054,2024-07-16,GAS,T01,Short,96,33.74,3238.97,12.36
TR003055,2024-07-16,COAL,T06,Long,798,110.74,88367.78,1416.54
TR003056,2024-07-16,CO2,T05,Long,220,68.09,14979.32,157.29
TR003057,2024-07-16,CO2,T01,Long,1162,65.27,75845.95,-235.53
TR003058,2024-07-16,COAL,T05,Short,1590,104.65,166389.05,787.6
TR003059,2024-07-16,COAL,T05,Short,325,114.11,37087.34,726.26
TR003060,2024-07-16,GAS,T04,Short,374,29.74,11123.06,-158.98
TR003061,2024-07-16,COAL,T06,Short,1733,117.64,203864.64,-3565.25
TR003062,2024-07-16,GAS,T07,Short,143,36.91,5278.31,85.7
TR003063,2024-07-16,COAL,T08,Long,1565,109.9,171998.47,-1753.07
TR003064,2024-07-16,COAL,T07,Short,598,112.78,67442.8,-1083.47
TR003065,2024-07-17,GAS,T08,Short,530,32.03,16974.55,-58.75
TR003066,2024-07-17,COAL,T02,Short,1569,117.58,184482.72,-215.93
TR003067,2024-07-17,COAL,T08,Short,441,116.08,51190.14,-691.56
TR003068,2024-07-17,CO2,T06,Long,227,64.01,14530.5,69.15
TR003069,2024-07-17,PWR,T03,Long,1569,86.8,136183.57,1480.2
TR003070,2024-07-17,PWR,T03,Short,1163,80.51,93634.06,-264.12
TR003071,2024-07-17,COAL,T08,Short,341,115.64,39432.12,-124.84
TR003072,2024-07-17,GAS,T08,Long,1548,35.26,54582.0,-276.56
TR003073,2024-07-17,PWR,T03,Long,1655,85.64,141732.65,144.92
TR003074,2024-07-17,CO2,T05,Short,1796,64.04,115017.52,1909.26
TR003075,2024-07-17,CO2,T01,Short,899,62.4,56097.54,1065.16
TR003076,2024-07-17,COAL,T03,Short,65,114.62,7450.42,-147.59
TR003077,2024-07-17,CO2,T07,Short,1094,73.2,80085.99,654.14
TR003078,2024-07-17,CO2,T08,Long,1525,67.77,103344.6,793.46
TR003079,2024-07-17,PWR,T07,Short,1164,81.86,95290.15,-164.81
TR003080,2024-07-17,COAL,T07,Long,734,115.67,84900.77,1050.21
TR003081,2024-07-17,COAL,T05,Long,1434,109.18,156568.33,-402.67
TR003082,2024-07-17,CO2,T06,Long,1668,65.51,109263.83,-302.94
TR003083,2024-07-17,CO2,T01,Short,615,70.38,43282.5,-524.65
TR003084,2024-07-18,COAL,T02,Long,1125,110.77,124611.89,153.08
TR003085,2024-07-18,PWR,T06,Short,442,84.38,37295.17,-174.2
TR003086,2024-07-18,GAS,T08,Short,269,36.25,9750.98,-107.14
TR003087,2024-07-18,COAL,T04,Long,475,113.21,53774.32,652.6
TR003088,2024-07-18,CO2,T01,Long,102,68.59,6996.35,-17.9
TR003089,2024-07-18,CO2,T03,Long,1603,65.2,104509.25,-1481.31
TR003090,2024-07-18,GAS,T01,Short,114,33.36,3802.5,40.56
TR003091,2024-07-18,GAS,T04,Long,358,35.64,12760.88,232.63
TR003092,2024-07-18,CO2,T06,Long,335,75.45,25276.88,234.2
TR003093,2024-07-18,COAL,T03,Long,234,104.71,24502.41,516.1
TR003094,2024-07-18,GAS,T03,Short,1895,36.24,68674.12,1088.67
TR003095,2024-07-18,COAL,T01,Long,1469,103.92,152660.54,4978.06
TR003096,2024-07-18,COAL,T06,Short,1389,109.12,151563.65,498.65
TR003097,2024-07-18,PWR,T03,Long,148,81.94,12127.46,-72.32
TR003098,2024-07-18,PWR,T07,Short,1399,82.87,115929.61,1181.78
TR003099,2024-07-18,COAL,T02,Long,820,112.54,92279.56,-410.81
TR003100,2024-07-18,COAL,T03,Long,343,113.78,39027.84,-330.52
TR003101,2024-07-19,GAS,T01,Short,1061,34.3,36393.07,1133.4
TR003102,2024-07-19,PWR,T07,Long,1987,84.24,167389.51,2010.53
TR003103,2024-07-19,COAL,T02,Short,1896,110.43,209378.06,2571.28
TR003104,2024-07-19,COAL,T03,Short,152,111.1,16887.67,272.72
TR003105,2024-07-19,GAS,T02,Long,634,30.08,19071.13,317.2
TR003106,2024-07-19,COAL,T08,Short,1764,113.34,199929.26,3562.59
TR003107,2024-07-19,COAL,T03,Long,1167,119.38,139318.82,-5112.15
TR003108,2024-07-19,GAS,T04,Short,1970,35.73,70378.78,22.44
TR003109,2024-07-19,CO2,T04,Long,1775,71.98,127769.32,406.93
TR003110,2024-07-19,GAS,T06,Long,1376,34.45,47396.43,-573.68
TR003111,2024-07-19,PWR,T02,Long,742,76.48,56744.45,-253.35
TR003112,2024-07-19,CO2,T02,Short,403,62.3,25107.47,-247.37
TR003113,2024-07-19,GAS,T01,Long,941,32.35,30440.95,465.92
TR003114,2024-07-19,COAL,T06,Short,1102,118.27,130333.4,-2380.95
TR003115,2024-07-19,PWR,T02,Long,969,92.26,89403.96,-2131.1
TR003116,2024-07-19,GAS,T01,Short,1629,36.79,59929.87,-329.69
TR003117,2024-07-19,CO2,T02,Long,1683,70.6,118817.59,544.95
TR003118,2024-07-19,PWR,T04,Short,1735,95.88,166348.93,-1910.8
TR003119,2024-07-19,CO2,T02,Short,1332,63.72,84877.92,-1576.48
TR003120,2024-07-19,COAL,T07,Short,1678,107.86,180996.32,-4973.92
TR003121,2024-07-19,GAS,T06,Long,1777,34.35,61035.3,-1211.05
TR003122,2024-07-19,GAS,T06,Long,1101,35.61,39204.04,-140.85
TR003123,2024-07-22,COAL,T06,Long,273,118.36,32311.32,184.95
TR003124,2024-07-22,COAL,T06,Short,86,113.45,9756.42,14.57
TR003125,2024-07-22,COAL,T04,Long,1758,116.76,205260.86,4404.77
TR003126,2024-07-22,COAL,T04,Long,1962,111.35,218467.86,-1504.23
TR003127,2024-07-22,PWR,T03,Long,408,77.7,31701.98,806.31
TR003128,2024-07-22,PWR,T02,Short,1052,87.16,91694.9,-2037.44
TR003129,2024-07-22,COAL,T01,Long,418,115.63,48332.95,404.39
TR003130,2024-07-22,CO2,T06,Long,1081,67.05,72483.08,17.39
TR003131,2024-07-22,COAL,T07,Long,766,111.61,85492.36,108.97
TR003132,2024-07-22,CO2,T05,Short,137,63.07,8640.88,106.23
TR003133,2024-07-22,CO2,T01,Long,1010,65.7,66355.55,1230.47
TR003134,2024-07-22,GAS,T01,Long,1578,34.97,55180.61,116.34
TR003135,2024-07-22,PWR,T08,Long,360,90.63,32628.02,-109.78
TR003136,2024-07-22,PWR,T08,Short,1078,92.67,99899.07,331.36
TR003137,2024-07-22,PWR,T01,Long,1683,75.34,126800.65,-1525.29
TR003138,2024-07-22,PWR,T08,Short,1431,85.9,122922.15,-993.53
TR003139,2024-07-22,COAL,T08,Long,420,108.0,45358.05,1994.25
TR003140,2024-07-22,CO2,T04,Long,1407,69.97,98450.66,-1091.76
TR003141,2024-07-22,COAL,T07,Long,1056,114.23,120623.09,-2383.31
TR003142,2024-07-22,GAS,T07,Long,366,34.99,12807.74,-27.08
TR003143,2024-07-23,GAS,T02,Short,381,35.41,13490.01,-386.05
TR003144,2024-07-23,GAS,T03,Long,1227,34.92,42841.82,485.2
TR003145,2024-07-23,CO2,T04,Short,1722,69.17,119108.47,-999.17
TR003146,2024-07-23,GAS,T05,Long,279,36.63,10220.75,-20.14
TR003147,2024-07-23,CO2,T08,Short,566,66.37,37564.3,-690.26
TR003148,2024-07-23,COAL,T05,Long,1546,111.61,172548.72,-6017.26
TR003149,2024-07-23,CO2,T02,Long,1205,66.36,79962.98,492.89
TR003150,2024-07-23,PWR,T05,Short,740,91.04,67368.12,514.72
TR003151,2024-07-23,GAS,T02,Long,488,33.02,16111.72,-346.83
TR003152,2024-07-23,PWR,T06,Long,1603,94.05,150759.34,-5.09
TR003153,2024-07-23,CO2,T06,Long,477,70.97,33851.19,-530.98
TR003154,2024-07-23,COAL,T03,Short,1196,109.63,131123.44,1165.84
TR003155,2024-07-23,CO2,T05,Long,1492,65.85,98245.16,-1749.85
TR003156,2024-07-23,PWR,T07,Long,716,80.93,57944.3,-711.37
TR003157,2024-07-23,CO2,T03,Long,1114,63.13,70326.39,-812.65
TR003158,2024-07-23,PWR,T03,Long,201,81.89,16459.18,-239.39
TR003159,2024-07-23,COAL,T05,Long,1143,107.84,123257.08,466.7
TR003160,2024-07-23,GAS,T01,Long,107,36.28,3881.76,-30.4
TR003161,2024-07-23,PWR,T01,Long,895,83.22,74483.37,-918.38
TR003162,2024-07-23,PWR,T06,Short,1098,80.57,88465.09,209.79
TR003163,2024-07-23,CO2,T04,Short,1351,68.49,92532.3,-811.51
TR003164,2024-07-23,COAL,T02,Long,591,111.71,66019.26,-29.92
TR003165,2024-07-23,PWR,T02,Long,393,94.52,37148.06,225.47
TR003166,2024-07-24,GAS,T04,Long,330,35.96,11868.21,-44.17
TR003167,2024-07-24,PWR,T06,Long,544,81.28,44218.15,1241.94
TR003168,2024-07-24,COAL,T04,Short,1425,115.62,164758.18,1953.63
TR003169,2024-07-24,CO2,T08,Short,1740,72.23,125673.66,-726.71
TR003170,2024-07-24,GAS,T07,Long,179,34.36,6150.71,-223.4
TR003171,2024-07-24,GAS,T04,Short,318,34.42,10945.99,-44.88
TR003172,2024-07-24,GAS,T04,Long,1252,34.78,43543.26,805.27
TR003173,2024-07-24,COAL,T02,Long,1143,112.7,128810.71,3003.58
TR003174,2024-07-24,GAS,T01,Short,878,32.85,28840.02,-166.49
TR003175,2024-07-24,GAS,T07,Short,491,33.15,16278.93,-66.34
TR003176,2024-07-24,GAS,T02,Short,1203,31.58,37996.21,270.7
TR003177,2024-07-24,PWR,T07,Long,218,87.15,18999.02,34.09
TR003178,2024-07-24,CO2,T07,Short,968,67.93,65754.54,313.51
TR003179,2024-07-24,PWR,T05,Short,1573,77.9,122540.08,-560.7
TR003180,2024-07-24,PWR,T06,Short,670,79.81,53473.22,261.81
TR003181,2024-07-24,CO2,T08,Short,1617,65.97,106678.15,1271.56
TR003182,2024-07-24,CO2,T08,Short,1240,66.89,82946.96,39.26
TR003183,2024-07-24,PWR,T08,Short,869,83.61,72658.09,-1566.04
TR003184,2024-07-24,GAS,T02,Short,1996,33.61,67090.24,-1107.38
TR003185,2024-07-24,COAL,T04,Long,1151,106.67,122781.52,-233.51
TR003186,2024-07-25,PWR,T03,Long,1612,82.1,132350.53,1685.23
TR003187,2024-07-25,GAS,T08,Long,1830,34.97,63999.82,217.48
TR003188,2024-07-25,COAL,T01,Short,138,109.19,15068.46,-225.25
TR003189,2024-07-25,COAL,T04,Short,1042,111.95,116647.15,827.39
TR003190,2024-07-25,PWR,T01,Short,189,96.19,18180.24,-222.37
TR003191,2024-07-25,CO2,T07,Long,962,69.21,66580.76,-114.86
TR003192,2024-07-25,GAS,T07,Short,1283,36.11,46330.53,126.77
TR003193,2024-07-25,GAS,T07,Long,676,33.38,22561.77,194.8
TR003194,2024-07-25,GAS,T08,Short,1355,33.53,45434.95,1448.55
TR003195,2024-07-25,COAL,T05,Short,416,113.91,47388.43,-154.93
TR003196,2024-07-25,CO2,T02,Long,1634,66.0,107845.53,1240.04
TR003197,2024-07-25,COAL,T01,Short,114,111.71,12734.91,-295.41
TR003198,2024-07-25,PWR,T04,Long,187,82.85,15492.37,376.4
TR003199,2024-07-25,PWR,T02,Long,1902,95.12,180918.41,-639.44
TR003200,2024-07-25,COAL,T06,Long,197,113.15,22290.87,-177.53
TR003201,2024-07-25,CO2,T01,Short,1320,60.55,79922.89,-1132.66
TR003202,2024-07-25,COAL,T02,Long,954,113.5,108282.6,1172.52
TR003203,2024-07-25,GAS,T05,Short,1461,35.85,52378.22,-133.55
TR003204,2024-07-25,PWR,T07,Long,1639,88.0,144230.26,-2595.32
TR003205,2024-07-25,COAL,T06,Long,1650,117.82,194410.38,-2045.18
TR003206,2024-07-25,COAL,T01,Short,582,117.81,68564.22,840.19
TR003207,2024-07-25,CO2,T05,Long,1851,70.31,130140.58,963.46
TR003208,2024-07-26,CO2,T04,Short,916,67.18,61536.15,979.24
TR003209,2024-07-26,PWR,T03,Long,1263,78.7,99395.87,878.61
TR003210,2024-07-26,COAL,T06,Long,902,108.7,98049.3,1266.53
TR003211,2024-07-26,GAS,T06,Short,1369,32.66,44706.66,-529.02
TR003212,2024-07-26,COAL,T06,Short,938,113.43,106398.42,1655.05
TR003213,2024-07-26,PWR,T08,Short,190,92.77,17626.77,-122.38
TR003214,2024-07-26,CO2,T01,Short,466,71.94,33525.29,672.72
TR003215,2024-07-26,COAL,T04,Long,588,104.63,61522.28,163.3
TR003216,2024-07-26,COAL,T03,Long,682,116.09,79172.77,178.96
TR003217,2024-07-26,COAL,T07,Short,571,109.29,62405.25,302.59
TR003218,2024-07-26,COAL,T08,Short,1661,119.19,197973.43,3884.16
TR003219,2024-07-26,PWR,T03,Long,295,97.95,28895.41,522.03
TR003220,2024-07-26,GAS,T03,Long,884,33.13,29283.17,559.58
TR003221,2024-07-26,CO2,T03,Short,1327,68.97,91520.38,1594.72
TR003222,2024-07-26,PWR,T03,Long,391,82.79,32369.67,-418.38
TR003223,2024-07-26,GAS,T01,Long,646,34.07,22009.49,275.82
TR003224,2024-07-26,CO2,T06,Long,566,65.44,37039.06,-712.32
TR003225,2024-07-26,GAS,T03,Short,1907,33.12,63161.93,1129.29
TR003226,2024-07-26,PWR,T04,Short,1573,87.51,137656.23,-2051.77
TR003227,2024-07-26,GAS,T05,Short,1322,33.43,44200.14,600.0
TR003228,2024-07-26,PWR,T04,Short,1295,84.77,109774.45,-1109.79
TR003229,2024-07-26,GAS,T07,Short,121,33.38,4039.37,-94.21
TR003230,2024-07-26,PWR,T06,Short,1948,82.68,161059.46,-1780.58
TR003231,2024-07-26,COAL,T04,Short,1283,112.08,143804.14,-2256.27
TR003232,2024-07-29,PWR,T06,Long,628,87.47,54929.18,-214.63
TR003233,2024-07-29,CO2,T02,Long,1833,67.74,124171.25,882.94
TR003234,2024-07-29,CO2,T06,Short,1848,60.01,110889.55,-145.29
TR003235,2024-07-29,CO2,T03,Long,486,54.25,26364.19,457.46
TR003236,2024-07-29,CO2,T04,Short,1660,68.95,114459.81,984.11
TR003237,2024-07-29,CO2,T07,Long,167,62.0,10354.66,76.8
TR003238,2024-07-29,GAS,T01,Long,388,34.37,13335.69,4.0
TR003239,2024-07-29,COAL,T01,Long,993,105.09,104352.6,-1126.26
TR003240,2024-07-29,PWR,T01,Long,353,89.29,31518.92,413.82
TR003241,2024-07-29,GAS,T07,Long,911,33.4,30428.41,496.05
TR003242,2024-07-29,COAL,T03,Long,99,115.46,11430.77,-187.12
TR003243,2024-07-29,GAS,T01,Short,456,36.88,16818.85,369.19
TR003244,2024-07-29,PWR,T01,Long,474,80.59,38198.48,-755.11
TR003245,2024-07-29,CO2,T03,Long,113,73.74,8332.92,116.14
TR003246,2024-07-29,PWR,T05,Long,888,86.01,76375.61,288.45
TR003247,2024-07-29,GAS,T02,Long,1952,34.65,67642.74,435.61
TR003248,2024-07-29,CO2,T08,Long,427,69.05,29483.34,-124.8
TR003249,2024-07-29,COAL,T08,Long,269,115.84,31160.65,-588.93
TR003250,2024-07-29,CO2,T03,Long,1354,71.38,96644.24,1015.68
TR003251,2024-07-29,CO2,T08,Short,695,67.02,46576.06,-1005.49
TR003252,2024-07-29,GAS,T05,Long,114,34.52,3935.46,35.08
TR003253,2024-07-29,COAL,T07,Long,1509,112.16,169242.76,-1775.99
TR003254,2024-07-29,PWR,T01,Long,1629,90.61,147597.56,-2152.43
TR003255,2024-07-29,COAL,T03,Long,1520,108.84,165433.1,6533.01
TR003256,2024-07-29,GAS,T03,Short,689,37.97,26161.52,14.73
TR003257,2024-07-29,CO2,T07,Long,1745,74.05,129218.1,-2577.58
TR003258,2024-07-30,PWR,T08,Short,373,92.02,34324.23,292.49
TR003259,2024-07-30,COAL,T03,Long,86,118.9,10225.46,195.26
TR003260,2024-07-30,CO2,T03,Short,549,66.92,36738.16,-707.58
TR003261,2024-07-30,PWR,T07,Long,366,92.78,33957.43,-206.05
TR003262,2024-07-30,GAS,T04,Long,1197,31.91,38192.8,780.5
TR003263,2024-07-30,COAL,T06,Long,1527,115.85,176904.5,-97.19
TR003264,2024-07-30,CO2,T03,Long,1945,66.34,129026.81,554.85
TR003265,2024-07-30,GAS,T02,Short,890,32.24,28689.7,-327.3
TR003266,2024-07-30,CO2,T02,Long,1441,72.44,104390.14,-1110.74
TR003267,2024-07-30,CO2,T02,Short,1076,65.07,70013.65,159.93
TR003268,2024-07-30,GAS,T02,Long,1604,34.17,54808.65,437.01
TR003269,2024-07-30,COAL,T03,Long,1075,113.53,122042.46,-2456.21
TR003270,2024-07-30,PWR,T06,Long,1693,88.04,149049.86,-2883.3
TR003271,2024-07-30,COAL,T03,Long,848,107.77,91390.92,1975.18
TR003272,2024-07-30,CO2,T06,Short,1840,65.87,121195.37,726.77
TR003273,2024-07-30,GAS,T06,Long,1820,34.44,62681.34,-1338.85
TR003274,2024-07-30,GAS,T02,Short,1805,35.15,63443.02,-999.01
TR003275,2024-07-30,GAS,T08,Short,479,31.47,15074.82,128.91
TR003276,2024-07-30,COAL,T03,Long,900,115.17,103649.94,1101.01
TR003277,2024-07-30,CO2,T01,Long,368,59.35,21842.15,251.34
TR003278,2024-07-30,PWR,T01,Long,1521,78.88,119972.19,2908.89
TR003279,2024-07-30,CO2,T07,Long,1351,69.28,93590.75,-1740.33
TR003280,2024-07-30,PWR,T03,Long,280,93.24,26107.89,-88.28
TR003281,2024-07-30,COAL,T06,Short,810,110.98,89893.58,699.76
TR003282,2024-07-30,COAL,T02,Short,1271,114.61,145669.92,-1635.71
TR003283,2024-07-30,PWR,T05,Short,809,88.46,71565.05,-982.18
TR003284,2024-07-30,PWR,T08,Short,1151,92.43,106391.06,571.15
TR003285,2024-07-31,CO2,T07,Long,1004,68.67,68945.28,248.95
TR003286,2024-07-31,PWR,T03,Short,1902,94.35,179449.79,1017.02
TR003287,2024-07-31,CO2,T03,Short,323,58.71,18964.24,257.42
TR003288,2024-07-31,CO2,T01,Short,152,69.86,10618.45,117.29
TR003289,2024-07-31,COAL,T01,Short,1242,112.48,139696.94,-2890.6
TR003290,2024-07-31,PWR,T05,Long,1446,85.92,124236.86,1406.41
TR003291,2024-07-31,GAS,T07,Long,1112,33.71,37485.81,226.61
TR003292,2024-07-31,COAL,T07,Short,1161,118.1,137113.61,-540.88
TR003293,2024-07-31,GAS,T04,Short,1545,32.6,50362.11,-687.59
TR003294,2024-07-31,COAL,T03,Short,955,118.27,112945.02,1229.77
TR003295,2024-07-31,COAL,T05,Long,1182,112.55,133036.04,2046.81
TR003296,2024-07-31,GAS,T01,Short,813,34.59,28119.03,-179.03
TR003297,2024-07-31,COAL,T02,Long,1736,112.77,195760.78,1227.23
TR003298,2024-07-31,COAL,T06,Long,330,111.28,36722.22,-60.27
TR003299,2024-07-31,PWR,T03,Short,222,77.89,17291.21,113.14
TR003300,2024-07-31,COAL,T08,Long,1266,112.42,142323.9,4366.71
TR003301,2024-07-31,CO2,T03,Short,1020,65.31,66615.25,453.81
TR003302,2024-07-31,GAS,T04,Short,1077,32.94,35475.35,440.8
TR003303,2024-07-31,PWR,T02,Short,878,93.05,81702.27,-1284.46
TR003304,2024-07-31,GAS,T01,Long,758,36.04,27317.16,290.89
TR003305,2024-07-31,PWR,T05,Long,1393,92.11,128308.87,397.74
TR003306,2024-07-31,PWR,T03,Long,1633,82.58,134852.54,-4093.29
TR003307,2024-07-31,GAS,T01,Short,1896,35.7,67678.97,-1256.59
TR003308,2024-07-31,PWR,T07,Long,1783,80.64,143789.43,-1173.19
TR003309,2024-07-31,PWR,T07,Short,1097,86.56,94951.82,1101.89
TR003310,2024-07-31,PWR,T04,Short,233,82.4,19199.22,-324.2
TR003311,2024-07-31,GAS,T03,Long,1674,35.01,58612.32,1342.48
TR003312,2024-07-31,CO2,T08,Short,334,66.15,22093.4,-353.41
TR003313,2024-07-31,GAS,T07,Long,1031,35.8,36907.93,-1051.75
TR003314,2024-08-01,COAL,T06,Long,358,111.33,39856.14,-688.04
TR003315,2024-08-01,GAS,T05,Short,1388,37.44,51971.27,357.41
TR003316,2024-08-01,COAL,T05,Short,301,111.55,33577.46,506.55
TR003317,2024-08-01,COAL,T08,Short,520,108.27,56302.4,572.98
TR003318,2024-08-01,CO2,T02,Short,631,66.68,42075.44,-429.1
TR003319,2024-08-01,PWR,T02,Short,1798,89.76,161386.89,-1057.22
TR003320,2024-08-01,CO2,T05,Short,196,64.21,12585.76,24.69
TR003321,2024-08-01,COAL,T03,Short,1386,109.89,152306.68,830.04
TR003322,2024-08-01,CO2,T03,Short,1867,63.66,118849.94,1270.95
TR003323,2024-08-01,PWR,T08,Long,1559,89.8,139996.07,1971.87
TR003324,2024-08-01,PWR,T01,Short,1626,86.74,141038.13,-336.79
TR003325,2024-08-01,GAS,T06,Long,1029,33.54,34509.76,11.29
TR003326,2024-08-01,GAS,T08,Short,970,35.26,34200.49,-849.05
TR003327,2024-08-01,GAS,T05,Short,1138,33.3,37899.61,1220.96
TR003328,2024-08-01,PWR,T07,Short,669,79.6,53252.06,-330.91
TR003329,2024-08-01,COAL,T01,Short,1656,120.22,199084.42,1037.99
TR003330,2024-08-01,PWR,T02,Long,745,85.32,63563.79,365.71
TR003331,2024-08-01,CO2,T04,Short,1588,64.65,102658.34,418.27
TR003332,2024-08-01,PWR,T06,Long,449,86.57,38868.48,-125.38
TR003333,2024-08-01,PWR,T07,Long,52,89.69,4664.11,62.51
TR003334,2024-08-01,GAS,T05,Long,1791,37.68,67483.25,-776.22
TR003335,2024-08-01,PWR,T07,Short,816,81.71,66679.35,-934.67
TR003336,2024-08-01,CO2,T03,Short,930,67.64,62906.59,425.25
TR003337,2024-08-01,GAS,T08,Long,1528,35.23,53834.69,-801.28
TR003338,2024-08-01,PWR,T08,Short,1614,90.49,146047.24,-3531.85
TR003339,2024-08-01,COAL,T05,Short,355,121.61,43172.93,-494.28
TR003340,2024-08-01,GAS,T05,Short,414,34.76,14390.98,256.28
TR003341,2024-08-01,PWR,T06,Short,1809,89.77,162386.05,-1814.16
TR003342,2024-08-01,GAS,T01,Long,1194,31.97,38167.75,-410.39
TR003343,2024-08-02,CO2,T06,Long,1527,65.56,100111.37,779.56
TR003344,2024-08-02,CO2,T07,Long,664,65.78,43678.87,59.51
TR003345,2024-08-02,COAL,T01,Long,1699,106.94,181689.88,-1951.56
TR003346,2024-08-02,CO2,T01,Long,407,55.78,22703.38,117.7
TR003347,2024-08-02,CO2,T01,Long,1711,68.13,116575.02,-1137.01
TR003348,2024-08-02,GAS,T03,Long,545,34.98,19064.91,-293.63
TR003349,2024-08-02,GAS,T02,Long,1617,34.0,54983.33,-460.12
TR003350,2024-08-02,COAL,T04,Short,499,106.12,52955.44,661.2
TR003351,2024-08-02,COAL,T07,Long,854,113.46,96894.46,2393.96
TR003352,2024-08-02,GAS,T05,Short,1894,30.65,58054.5,1211.12
TR003353,2024-08-02,CO2,T04,Short,1179,67.24,79280.82,-479.98
TR003354,2024-08-02,PWR,T08,Short,426,93.69,39911.63,-248.47
TR003355,2024-08-02,PWR,T02,Short,701,91.29,63992.84,-254.38
TR003356,2024-08-02,PWR,T08,Long,1008,93.44,94185.63,978.37
TR003357,2024-08-02,COAL,T01,Long,448,109.1,48878.69,-59.32
TR003358,2024-08-02,GAS,T07,Long,1694,34.49,58424.03,-587.42
TR003359,2024-08-02,CO2,T01,Long,1392,72.65,101132.89,-1604.84
TR003360,2024-08-02,GAS,T06,Short,252,34.03,8574.32,277.31
TR003361,2024-08-02,COAL,T01,Short,415,112.02,46490.31,635.79
TR003362,2024-08-02,PWR,T04,Long,1265,86.02,108820.07,-2825.16
TR003363,2024-08-02,CO2,T01,Long,1042,63.85,66529.48,1387.61
TR003364,2024-08-02,CO2,T04,Short,1708,71.87,122760.3,-998.87
TR003365,2024-08-02,GAS,T02,Long,676,35.3,23859.47,-163.35
TR003366,2024-08-02,GAS,T02,Long,764,33.64,25700.05,833.99
TR003367,2024-08-02,COAL,T05,Long,301,114.24,34387.17,328.6
TR003368,2024-08-05,PWR,T03,Short,780,79.95,62363.29,572.84
TR003369,2024-08-05,COAL,T04,Long,774,117.31,90798.5,-249.29
TR003370,2024-08-05,PWR,T01,Long,1840,78.45,144345.41,-2966.6
TR003371,2024-08-05,COAL,T06,Short,1605,114.8,184255.54,-13.96
TR003372,2024-08-05,CO2,T02,Long,67,67.07,4493.87,5.79
TR003373,2024-08-05,PWR,T06,Long,425,95.64,40647.95,813.57
TR003374,2024-08-05,GAS,T02,Long,1322,33.28,43992.45,279.5
TR003375,2024-08-05,COAL,T04,Short,1591,110.6,175964.5,-4626.59
TR003376,2024-08-05,GAS,T03,Long,243,32.65,7933.58,156.13
TR003377,2024-08-05,GAS,T02,Short,1135,36.95,41937.46,-1086.88
TR003378,2024-08-05,COAL,T05,Long,1680,110.78,186112.69,3267.01
TR003379,2024-08-05,CO2,T01,Short,1627,65.59,106716.37,255.41
TR003380,2024-08-05,PWR,T06,Long,1134,103.01,116813.99,-1747.54
TR003381,2024-08-05,GAS,T08,Long,1166,33.88,39503.68,-126.6
TR003382,2024-08-05,CO2,T08,Short,1453,69.2,100549.36,-1843.34
TR003383,2024-08-05,PWR,T05,Long,911,80.41,73257.61,-631.17
TR003384,2024-08-05,PWR,T01,Short,750,92.68,69512.86,1408.13
TR003385,2024-08-05,PWR,T05,Long,1520,95.63,145357.39,2465.85
TR003386,2024-08-05,COAL,T04,Long,679,119.64,81237.72,-1434.21
TR003387,2024-08-05,PWR,T04,Long,1698,80.31,136361.41,-1903.98
TR003388,2024-08-05,PWR,T04,Long,1240,88.92,110262.39,-1696.73
TR003389,2024-08-05,CO2,T08,Short,965,69.4,66970.1,-617.84
TR003390,2024-08-06,COAL,T08,Long,1093,116.7,127553.63,2595.97
TR003391,2024-08-06,CO2,T06,Long,284,71.21,20222.74,102.85
TR003392,2024-08-06,CO2,T08,Short,1117,72.68,81178.47,-556.96
TR003393,2024-08-06,PWR,T04,Short,1375,88.77,122061.82,-2160.54
TR003394,2024-08-06,CO2,T02,Short,460,66.41,30549.61,304.54
TR003395,2024-08-06,CO2,T07,Short,1402,75.45,105777.68,1018.0
TR003396,2024-08-06,CO2,T03,Long,50,64.61,3230.48,-9.16
TR003397,2024-08-06,CO2,T08,Short,74,66.63,4930.95,-14.53
TR003398,2024-08-06,CO2,T05,Long,327,68.58,22425.52,198.35
TR003399,2024-08-06,GAS,T01,Long,829,36.27,30065.87,-493.63
TR003400,2024-08-06,GAS,T07,Short,155,34.75,5386.3,171.92
TR003401,2024-08-06,GAS,T07,Long,1591,33.31,52997.57,-755.47
TR003402,2024-08-06,COAL,T06,Long,749,113.83,85261.13,361.39
TR003403,2024-08-06,CO2,T04,Long,1303,66.41,86529.52,-638.86
TR003404,2024-08-06,CO2,T04,Long,647,61.67,39898.82,404.92
TR003405,2024-08-06,COAL,T07,Long,719,105.6,75923.87,-1079.07
TR003406,2024-08-07,COAL,T03,Short,711,110.47,78543.87,901.24
TR003407,2024-08-07,PWR,T03,Long,1484,93.91,139367.76,2015.61
TR003408,2024-08-07,PWR,T01,Long,960,89.72,86130.58,-121.53
TR003409,2024-08-07,COAL,T01,Short,1816,114.3,207564.9,3153.1
TR003410,2024-08-07,COAL,T02,Long,1503,108.35,162844.56,128.1
TR003411,2024-08-07,CO2,T04,Short,608,72.54,44104.77,-346.9
TR003412,2024-08-07,PWR,T01,Short,1009,81.61,82343.37,2731.55
TR003413,2024-08-07,PWR,T04,Short,196,82.68,16205.66,10.21
TR003414,2024-08-07,COAL,T04,Long,168,108.52,18231.69,156.65
TR003415,2024-08-07,COAL,T07,Short,1221,111.12,135680.94,-2569.53
TR003416,2024-08-07,GAS,T06,Long,922,34.91,32187.22,430.76
TR003417,2024-08-07,COAL,T08,Long,1906,105.51,201095.47,-727.37
TR003418,2024-08-07,COAL,T02,Long,1533,119.09,182568.77,1612.01
TR003419,2024-08-07,PWR,T08,Long,1922,74.98,144111.9,1190.69
TR003420,2024-08-07,COAL,T07,Short,464,116.7,54149.35,363.25
TR003421,2024-08-07,GAS,T07,Short,929,36.48,33892.18,-540.98
TR003422,2024-08-07,COAL,T04,Short,696,107.06,74513.33,-505.77
TR003423,2024-08-07,COAL,T05,Long,378,113.64,42954.36,79.61
TR003424,2024-08-08,GAS,T01,Short,681,35.39,24103.86,-406.23
TR003425,2024-08-08,PWR,T04,Short,869,87.76,76264.33,388.08
TR003426,2024-08-08,GAS,T03,Long,620,33.24,20606.86,305.41
TR003427,2024-08-08,COAL,T05,Long,715,111.72,79879.02,1493.51
TR003428,2024-08-08,CO2,T04,Short,264,65.79,17367.74,-402.22
TR003429,2024-08-08,CO2,T08,Long,1067,70.23,74939.04,1229.65
TR003430,2024-08-08,CO2,T07,Long,1387,66.22,91845.12,-343.09
TR003431,2024-08-08,PWR,T01,Long,1058,90.72,95981.98,-1437.41
TR003432,2024-08-08,COAL,T08,Long,437,116.34,50840.24,288.87
TR003433,2024-08-08,CO2,T02,Short,566,66.42,37596.5,94.65
TR003434,2024-08-08,PWR,T08,Long,566,87.9,49749.71,-147.66
TR003435,2024-08-08,GAS,T04,Long,869,34.6,30066.9,109.44
TR003436,2024-08-08,PWR,T05,Long,1271,90.58,115123.76,999.93
TR003437,2024-08-08,CO2,T06,Short,224,64.55,14459.53,126.51
TR003438,2024-08-08,GAS,T07,Long,469,30.79,14439.66,-13.92
TR003439,2024-08-08,CO2,T05,Short,994,61.9,61527.38,-1523.28
TR003440,2024-08-08,COAL,T03,Short,1382,116.89,161541.39,1484.24
TR003441,2024-08-08,PWR,T01,Short,608,88.45,53776.24,-109.62
TR003442,2024-08-08,CO2,T06,Long,937,69.16,64799.82,-982.04
TR003443,2024-08-08,GAS,T04,Short,1094,34.14,37351.42,106.31
TR003444,2024-08-08,COAL,T02,Short,1859,107.14,199164.55,-1835.12
TR003445,2024-08-08,COAL,T05,Short,1901,108.12,205532.51,-9749.69
TR003446,2024-08-08,CO2,T06,Long,1232,71.91,88598.18,125.32
TR003447,2024-08-08,COAL,T06,Short,154,118.45,18240.58,331.23
TR003448,2024-08-08,CO2,T07,Short,507,74.45,37747.31,468.47
TR003449,2024-08-09,GAS,T01,Long,1351,34.66,46823.36,-39.17
TR003450,2024-08-09,CO2,T07,Long,1885,63.79,120241.44,820.43
TR003451,2024-08-09,GAS,T05,Short,773,32.99,25505.08,-217.21
TR003452,2024-08-09,CO2,T04,Long,189,66.39,12547.27,-122.86
TR003453,2024-08-09,COAL,T03,Long,1991,110.63,220264.87,337.53
TR003454,2024-08-09,GAS,T03,Long,1161,36.4,42255.55,-259.45
TR003455,2024-08-09,CO2,T01,Long,849,63.52,53929.45,-1129.95
TR003456,2024-08-09,PWR,T04,Short,994,91.5,90953.08,869.56
TR003457,2024-08-09,CO2,T01,Long,894,68.52,61255.69,-2014.07
TR003458,2024-08-09,GAS,T07,Long,1019,35.27,35936.31,-500.18
TR003459,2024-08-09,COAL,T08,Short,1374,115.3,158420.57,-2574.24
TR003460,2024-08-09,GAS,T06,Long,79,32.81,2592.08,27.04
TR003461,2024-08-09,GAS,T07,Short,790,32.73,25858.94,275.7
TR003462,2024-08-09,COAL,T01,Short,1932,113.81,219887.9,-2811.86
TR003463,2024-08-09,CO2,T03,Long,1342,69.23,92910.77,-1943.42
TR003464,2024-08-09,GAS,T08,Short,1782,34.48,61442.96,915.54
TR003465,2024-08-09,PWR,T08,Short,1114,92.4,102936.97,-781.38
TR003466,2024-08-12,PWR,T04,Long,1371,91.38,125285.59,-1278.04
TR003467,2024-08-12,COAL,T08,Long,76,108.53,8248.31,210.09
TR003468,2024-08-12,COAL,T06,Short,474,105.22,49875.72,393.27
TR003469,2024-08-12,CO2,T06,Short,1919,67.27,129089.42,2306.75
TR003470,2024-08-12,GAS,T02,Long,832,31.27,26020.07,190.05
TR003471,2024-08-12,PWR,T04,Short,1089,81.88,89167.25,-3191.42
TR003472,2024-08-12,COAL,T07,Long,1157,110.92,128338.7,-2935.31
TR003473,2024-08-12,CO2,T03,Short,1393,65.17,90777.09,-568.35
TR003474,2024-08-12,COAL,T05,Short,340,103.7,35256.76,-126.55
TR003475,2024-08-12,PWR,T05,Long,1056,86.2,91025.02,3677.74
TR003476,2024-08-12,GAS,T06,Long,585,34.25,20038.29,-528.48
TR003477,2024-08-12,COAL,T05,Long,1651,113.7,187714.1,3715.28
TR003478,2024-08-12,CO2,T05,Short,1569,69.2,108568.52,840.25
TR003479,2024-08-12,GAS,T04,Short,1131,31.6,35744.7,921.12
TR003480,2024-08-12,PWR,T03,Short,737,92.4,68096.84,189.16
TR003481,2024-08-13,COAL,T07,Long,1173,109.96,128987.2,-2236.63
TR003482,2024-08-13,GAS,T06,Long,1977,35.44,70068.72,1227.85
TR003483,2024-08-13,GAS,T06,Short,462,34.25,15821.9,-69.5
TR003484,2024-08-13,CO2,T06,Short,841,65.07,54726.14,-998.02
TR003485,2024-08-13,PWR,T07,Long,70,85.74,6001.82,40.72
TR003486,2024-08-13,COAL,T02,Short,1551,114.15,177045.01,-53.78
TR003487,2024-08-13,GAS,T03,Short,67,38.07,2550.46,-10.99
TR003488,2024-08-13,COAL,T01,Short,450,115.92,52165.57,-92.33
TR003489,2024-08-13,GAS,T07,Long,55,36.2,1991.18,10.23
TR003490,2024-08-13,GAS,T04,Long,97,31.31,3037.19,62.21
TR003491,2024-08-13,COAL,T03,Short,1248,108.99,136024.47,1210.5
TR003492,2024-08-13,PWR,T04,Long,656,85.92,56365.75,-36.23
TR003493,2024-08-13,GAS,T08,Long,480,34.87,16739.75,-44.72
TR003494,2024-08-13,PWR,T06,Long,1404,82.39,115677.59,2081.95
TR003495,2024-08-13,COAL,T07,Short,1025,116.12,119024.68,-721.38
TR003496,2024-08-13,GAS,T05,Long,1470,37.1,54532.65,1605.44
TR003497,2024-08-13,PWR,T01,Short,684,95.15,65083.03,-513.58
TR003498,2024-08-13,CO2,T06,Long,1349,65.24,88008.53,-869.82
TR003499,2024-08-13,COAL,T06,Short,1844,110.45,203666.53,-2122.69
TR003500,2024-08-13,COAL,T07,Short,1685,106.13,178826.72,-348.11
TR003501,2024-08-13,PWR,T05,Long,415,98.92,41052.52,-771.34
TR003502,2024-08-13,CO2,T02,Short,1921,66.64,128016.76,-1186.44
TR003503,2024-08-13,COAL,T04,Short,170,110.15,18725.75,-287.16
TR003504,2024-08-13,PWR,T02,Long,401,87.96,35272.65,-236.72
TR003505,2024-08-13,PWR,T05,Short,1135,75.08,85211.4,-871.85
TR003506,2024-08-14,GAS,T07,Long,695,34.24,23798.99,-445.26
TR003507,2024-08-14,CO2,T05,Long,1110,70.23,77959.51,1826.52
TR003508,2024-08-14,PWR,T06,Short,1693,88.42,149702.58,-2778.32
TR003509,2024-08-14,PWR,T04,Short,1839,72.39,133130.23,319.72
TR003510,2024-08-14,CO2,T07,Short,149,71.35,10631.53,88.71
TR003511,2024-08-14,COAL,T06,Short,716,111.34,79719.33,-514.88
TR003512,2024-08-14,COAL,T06,Long,792,120.28,95259.24,-3563.93
TR003513,2024-08-14,CO2,T04,Short,1522,69.96,106472.82,1717.63
TR003514,2024-08-14,GAS,T02,Long,1653,35.09,58007.42,1344.04
TR003515,2024-08-14,PWR,T06,Long,1930,94.13,181678.47,371.52
TR003516,2024-08-14,PWR,T04,Short,470,90.86,42705.14,1330.1
TR003517,2024-08-14,GAS,T04,Short,905,33.13,29981.18,-26.47
TR003518,2024-08-14,GAS,T03,Short,714,37.55,26810.28,-361.72
TR003519,2024-08-14,COAL,T06,Short,310,114.45,35480.66,404.44
TR003520,2024-08-14,CO2,T04,Short,1411,67.17,94773.32,-1800.25
TR003521,2024-08-14,CO2,T04,Short,462,66.87,30892.14,1.29
TR003522,2024-08-14,COAL,T01,Long,1198,114.25,136877.34,1136.94
TR003523,2024-08-14,CO2,T04,Long,830,72.25,59966.15,-299.26
TR003524,2024-08-14,PWR,T05,Long,1640,89.59,146928.66,1538.35
TR003525,2024-08-14,PWR,T01,Long,207,92.57,19161.1,144.09
TR003526,2024-08-14,GAS,T05,Short,1506,36.13,54409.11,482.16
TR003527,2024-08-14,CO2,T05,Long,1462,69.01,100893.93,467.82
TR003528,2024-08-14,GAS,T01,Short,447,34.34,15351.79,-21.37
TR003529,2024-08-14,COAL,T07,Long,1168,106.82,124768.95,1234.79
TR003530,2024-08-14,PWR,T07,Long,758,81.47,61755.94,300.99
TR003531,2024-08-15,GAS,T08,Short,1668,34.62,57754.01,-139.15
TR003532,2024-08-15,CO2,T01,Short,973,70.94,69024.2,-1085.49
TR003533,2024-08-15,PWR,T04,Long,276,80.62,22250.16,191.94
TR003534,2024-08-15,PWR,T06,Long,1916,82.93,158900.97,-456.66
TR003535,2024-08-15,CO2,T01,Long,1500,68.97,103457.69,-166.83
TR003536,2024-08-15,CO2,T01,Long,1094,73.53,80446.81,-1137.8
TR003537,2024-08-15,COAL,T05,Short,884,114.06,100828.18,-60.27
TR003538,2024-08-15,PWR,T01,Long,118,96.32,11365.37,-171.67
TR003539,2024-08-15,COAL,T02,Long,835,109.83,91707.52,228.95
TR003540,2024-08-15,CO2,T03,Short,1583,71.58,113310.9,964.98
TR003541,2024-08-15,GAS,T05,Long,260,32.56,8464.78,11.7
TR003542,2024-08-15,CO2,T03,Long,1694,66.66,112916.41,-391.19
TR003543,2024-08-15,GAS,T06,Short,841,32.8,27585.24,-239.35
TR003544,2024-08-15,CO2,T08,Short,457,71.21,32544.95,-352.94
TR003545,2024-08-15,GAS,T07,Short,1714,39.18,67150.68,408.59
TR003546,2024-08-15,PWR,T08,Short,1100,89.13,98047.15,1109.79
TR003547,2024-08-15,CO2,T05,Short,717,67.0,48036.15,-456.94
TR003548,2024-08-15,COAL,T05,Long,1096,111.72,122440.7,54.71
TR003549,2024-08-15,GAS,T01,Long,1301,35.94,46755.1,691.02
TR003550,2024-08-15,COAL,T08,Long,1985,110.96,220247.74,-5186.2
TR003551,2024-08-15,PWR,T01,Short,753,88.59,66710.38,881.0
TR003552,2024-08-15,COAL,T03,Short,316,112.66,35600.8,-318.68
TR003553,2024-08-16,PWR,T06,Long,1650,94.47,155868.56,2157.27
TR003554,2024-08-16,COAL,T03,Long,693,117.1,81148.55,-863.99
TR003555,2024-08-16,GAS,T06,Long,141,34.11,4808.96,49.56
TR003556,2024-08-16,GAS,T04,Short,909,33.29,30264.15,-175.95
TR003557,2024-08-16,PWR,T03,Short,1011,90.26,91249.3,1376.6
TR003558,2024-08-16,CO2,T08,Long,869,66.58,57860.45,1391.11
TR003559,2024-08-16,CO2,T01,Long,1134,72.14,81810.11,1317.32
TR003560,2024-08-16,CO2,T01,Long,1944,64.3,125001.36,-1845.6
TR003561,2024-08-16,COAL,T01,Short,1600,114.0,182397.5,-1032.62
TR003562,2024-08-16,GAS,T06,Long,1631,33.89,55269.47,936.35
TR003563,2024-08-16,GAS,T07,Long,1624,35.38,57452.62,1881.69
TR003564,2024-08-16,PWR,T03,Short,1721,83.61,143894.1,-2827.52
TR003565,2024-08-16,CO2,T05,Short,1892,70.38,133161.13,-2664.06
TR003566,2024-08-16,CO2,T07,Short,1245,61.62,76719.08,1089.5
TR003567,2024-08-16,GAS,T03,Long,1888,35.48,66993.58,632.74
TR003568,2024-08-16,CO2,T07,Short,1437,63.95,91902.89,1242.51
TR003569,2024-08-16,COAL,T07,Short,1829,116.34,212785.56,-1743.66
TR003570,2024-08-16,PWR,T03,Long,111,80.86,8975.71,-143.91
TR003571,2024-08-16,COAL,T01,Short,1511,110.98,167693.74,1345.35
TR003572,2024-08-16,PWR,T06,Long,1365,82.23,112249.78,-381.39
TR003573,2024-08-16,COAL,T05,Long,551,111.19,61267.17,-909.03
TR003574,2024-08-19,GAS,T03,Long,1034,34.92,36107.68,-462.61
TR003575,2024-08-19,PWR,T01,Long,77,87.28,6720.37,37.83
TR003576,2024-08-19,COAL,T01,Long,1863,118.84,221390.25,-1204.72
TR003577,2024-08-19,COAL,T06,Long,1057,100.49,106216.2,403.92
TR003578,2024-08-19,GAS,T08,Long,811,34.3,27820.22,445.52
TR003579,2024-08-19,GAS,T03,Long,1938,33.31,64551.05,-9.38
TR003580,2024-08-19,PWR,T01,Short,268,95.33,25548.31,-417.36
TR003581,2024-08-19,COAL,T04,Short,146,116.25,16972.35,0.33
TR003582,2024-08-19,CO2,T05,Long,1259,69.67,87718.48,-412.83
TR003583,2024-08-19,PWR,T03,Long,153,95.57,14622.36,21.7
TR003584,2024-08-19,GAS,T04,Short,303,32.25,9770.91,-136.15
TR003585,2024-08-19,CO2,T08,Long,702,64.85,45526.75,936.25
TR003586,2024-08-19,GAS,T03,Long,1525,35.1,53523.85,1013.9
TR003587,2024-08-19,PWR,T06,Short,623,77.2,48094.52,167.83
TR003588,2024-08-19,GAS,T06,Short,509,34.48,17548.22,158.73
TR003589,2024-08-19,CO2,T02,Short,1038,64.42,66870.96,121.09
TR003590,2024-08-20,GAS,T07,Short,111,33.95,3768.22,-60.58
TR003591,2024-08-20,PWR,T08,Long,1091,87.71,95694.38,-693.97
TR003592,2024-08-20,CO2,T04,Short,905,67.12,60744.25,1051.24
TR003593,2024-08-20,CO2,T07,Short,1728,62.15,107393.15,-1762.04
TR003594,2024-08-20,GAS,T01,Long,341,33.62,11462.88,-109.39
TR003595,2024-08-20,COAL,T01,Short,269,114.68,30849.39,35.96
TR003596,2024-08-20,PWR,T03,Short,1356,87.46,118591.36,221.81
TR003597,2024-08-20,COAL,T04,Short,724,120.65,87353.5,-964.61
TR003598,2024-08-20,CO2,T06,Long,631,65.08,41068.07,-170.89
TR003599,2024-08-20,COAL,T07,Long,1170,105.47,123403.71,-2404.18
TR003600,2024-08-20,GAS,T02,Short,872,32.29,28153.16,-155.77
TR003601,2024-08-20,PWR,T07,Long,885,86.04,76141.89,797.35
TR003602,2024-08-20,PWR,T06,Short,918,84.15,77248.57,559.28
TR003603,2024-08-20,PWR,T05,Long,1603,88.23,141433.03,-235.72
TR003604,2024-08-20,CO2,T08,Short,385,68.79,26483.2,-11.24
TR003605,2024-08-20,COAL,T01,Long,997,108.27,107945.56,785.91
TR003606,2024-08-20,CO2,T05,Short,1285,65.02,83546.48,-724.74
TR003607,2024-08-20,COAL,T03,Short,1369,114.26,156427.05,296.03
TR003608,2024-08-20,COAL,T01,Long,1037,115.2,119457.33,-1929.7
TR003609,2024-08-20,COAL,T08,Short,1489,104.1,155001.31,638.66
TR003610,2024-08-21,PWR,T03,Long,1214,87.64,106393.13,-1523.29
TR003611,2024-08-21,CO2,T03,Short,519,64.74,33600.25,708.49
TR003612,2024-08-21,PWR,T02,Long,736,88.61,65216.65,478.5
TR003613,2024-08-21,PWR,T06,Short,623,88.94,55411.39,1047.49
TR003614,2024-08-21,GAS,T01,Long,1268,33.44,42400.89,-381.3
TR003615,2024-08-21,GAS,T06,Long,630,32.76,20638.49,-336.29
TR003616,2024-08-21,GAS,T08,Short,296,33.09,9793.45,19.6
TR003617,2024-08-21,CO2,T08,Short,1463,69.21,101257.64,1473.77
TR003618,2024-08-21,COAL,T06,Short,66,109.75,7243.61,-30.59
TR003619,2024-08-21,PWR,T03,Long,1054,93.74,98798.5,1194.92
TR003620,2024-08-21,GAS,T02,Long,1686,35.42,59725.07,139.44
TR003621,2024-08-21,GAS,T07,Short,1756,34.99,61443.08,2056.74
TR003622,2024-08-21,COAL,T04,Short,1035,110.72,114592.31,-445.76
TR003623,2024-08-21,PWR,T03,Short,185,84.03,15545.26,174.02
TR003624,2024-08-21,CO2,T04,Long,328,66.56,21830.81,-165.0
TR003625,2024-08-21,PWR,T08,Long,234,89.46,20932.56,176.26
TR003626,2024-08-21,COAL,T06,Short,1305,110.28,143909.85,-493.2
TR003627,2024-08-21,PWR,T02,Long,119,86.26,10264.99,-127.9
TR003628,2024-08-21,GAS,T06,Long,1234,32.49,40096.97,-573.66
TR003629,2024-08-21,GAS,T03,Long,677,34.99,23687.9,150.83
TR003630,2024-08-21,GAS,T04,Short,227,34.37,7801.89,55.12
TR003631,2024-08-21,CO2,T02,Long,55,65.99,3629.68,-125.11
TR003632,2024-08-21,COAL,T08,Long,1757,115.72,203318.6,181.82
TR003633,2024-08-21,GAS,T06,Long,1580,36.31,57373.66,1317.52
TR003634,2024-08-21,GAS,T01,Long,1971,33.89,66796.63,371.42
TR003635,2024-08-21,GAS,T02,Long,1745,34.0,59334.96,-8.57
TR003636,2024-08-21,CO2,T06,Short,1296,67.45,87410.39,-1345.55
TR003637,2024-08-21,GAS,T08,Short,481,35.33,16994.03,406.59
TR003638,2024-08-22,PWR,T06,Short,662,86.37,57175.59,1121.56
TR003639,2024-08-22,COAL,T05,Long,207,109.45,22656.52,96.47
TR003640,2024-08-22,PWR,T03,Long,1182,94.24,111385.9,-237.94
TR003641,2024-08-22,COAL,T05,Short,109,112.61,12274.01,-10.36
TR003642,2024-08-22,PWR,T06,Short,769,90.69,69742.91,-1064.76
TR003643,2024-08-22,COAL,T05,Short,1179,112.56,132706.55,-1294.65
TR003644,2024-08-22,GAS,T08,Long,1348,36.16,48746.54,-1485.49
TR003645,2024-08-22,COAL,T03,Short,924,110.74,102323.66,568.53
TR003646,2024-08-22,CO2,T01,Long,1471,60.64,89196.77,3312.89
TR003647,2024-08-22,PWR,T01,Short,1654,95.38,157751.63,863.61
TR003648,2024-08-22,CO2,T04,Short,1220,63.96,78036.05,-2020.89
TR003649,2024-08-22,GAS,T05,Long,374,35.25,13184.43,-179.76
TR003650,2024-08-22,PWR,T08,Long,1391,99.68,138657.2,-1006.62
TR003651,2024-08-22,COAL,T05,Long,796,110.64,88071.45,894.52
TR003652,2024-08-22,CO2,T02,Short,1121,66.16,74167.95,-1529.55
TR003653,2024-08-22,PWR,T08,Short,762,94.72,72179.51,-44.67
TR003654,2024-08-22,CO2,T03,Long,1443,70.03,101055.54,-947.86
TR003655,2024-08-22,COAL,T05,Long,673,109.43,73644.43,2719.65
TR003656,2024-08-22,CO2,T05,Short,55,66.91,3680.13,141.15
TR003657,2024-08-22,GAS,T06,Short,1747,31.9,55730.04,1562.32
TR003658,2024-08-23,GAS,T01,Short,1975,34.15,67444.76,766.25
TR003659,2024-08-23,COAL,T02,Short,338,112.04,37869.21,-131.09
TR003660,2024-08-23,COAL,T05,Long,610,115.01,70155.52,-714.13
TR003661,2024-08-23,PWR,T08,Short,514,93.07,47838.36,76.21
TR003662,2024-08-23,CO2,T04,Long,1594,60.8,96909.45,-1.67
TR003663,2024-08-23,CO2,T06,Short,1920,73.39,140916.75,-340.57
TR003664,2024-08-23,COAL,T03,Long,1120,114.54,128283.2,2218.92
TR003665,2024-08-23,PWR,T03,Long,975,85.38,83246.31,1682.14
TR003666,2024-08-23,PWR,T05,Short,989,78.36,77501.12,1713.61
TR003667,2024-08-23,GAS,T04,Long,992,33.99,33721.48,-201.6
TR003668,2024-08-23,COAL,T01,Short,1000,114.17,114169.47,-359.0
TR003669,2024-08-23,GAS,T05,Long,1272,33.21,42237.83,-209.54
TR003670,2024-08-23,PWR,T06,Long,297,95.89,28478.34,642.16
TR003671,2024-08-23,CO2,T07,Long,841,69.27,58253.95,-846.69
TR003672,2024-08-23,PWR,T01,Short,1863,96.4,179597.42,-1996.65
TR003673,2024-08-23,GAS,T07,Short,1136,32.78,37236.96,6.24
TR003674,2024-08-23,PWR,T03,Long,124,84.41,10466.41,382.82
TR003675,2024-08-23,CO2,T03,Long,1132,60.23,68178.89,-993.54
TR003676,2024-08-23,COAL,T04,Short,1281,113.15,144939.16,27.03
TR003677,2024-08-23,CO2,T03,Long,824,61.68,50821.43,1177.21
TR003678,2024-08-23,CO2,T06,Short,1153,69.99,80698.2,-2147.89
TR003679,2024-08-23,COAL,T01,Long,641,107.88,69149.38,446.79
TR003680,2024-08-23,CO2,T08,Long,61,63.62,3880.92,54.01
TR003681,2024-08-23,CO2,T03,Long,1458,68.67,100119.09,-2243.28
TR003682,2024-08-23,COAL,T07,Long,1374,106.53,146372.14,-343.34
TR003683,2024-08-23,PWR,T01,Short,68,82.34,5598.86,-98.59
TR003684,2024-08-26,COAL,T03,Short,114,117.6,13406.13,188.94
TR003685,2024-08-26,PWR,T01,Long,417,80.19,33438.12,830.55
TR003686,2024-08-26,PWR,T07,Long,842,91.28,76856.61,219.39
TR003687,2024-08-26,COAL,T02,Short,1358,114.37,155318.63,2160.49
TR003688,2024-08-26,GAS,T04,Short,1928,36.37,70128.21,194.03
TR003689,2024-08-26,PWR,T01,Short,1621,80.15,129927.44,-1584.64
TR003690,2024-08-26,CO2,T08,Short,260,62.64,16286.82,291.49
TR003691,2024-08-26,PWR,T08,Short,147,88.71,13040.25,201.52
TR003692,2024-08-26,GAS,T03,Short,526,35.7,18775.61,-292.14
TR003693,2024-08-26,CO2,T08,Long,1295,75.21,97397.34,206.95
TR003694,2024-08-26,CO2,T03,Short,1088,66.7,72566.47,-316.02
TR003695,2024-08-26,GAS,T02,Short,932,36.09,33639.91,277.0
TR003696,2024-08-26,COAL,T03,Short,844,114.45,96594.97,-612.79
TR003697,2024-08-26,COAL,T04,Long,1637,109.22,178785.86,1579.69
TR003698,2024-08-26,PWR,T05,Long,822,86.68,71253.73,1338.44
TR003699,2024-08-26,GAS,T04,Long,1236,35.2,43501.76,2098.12
TR003700,2024-08-26,COAL,T07,Long,1725,111.21,191840.71,1013.15
TR003701,2024-08-26,GAS,T01,Short,1110,36.49,40500.03,733.73
TR003702,2024-08-26,GAS,T06,Long,1260,33.98,42812.44,107.72
TR003703,2024-08-26,GAS,T05,Short,1783,31.57,56283.43,1141.75
TR003704,2024-08-27,GAS,T03,Long,803,34.33,27566.68,-66.89
TR003705,2024-08-27,PWR,T04,Short,1843,83.75,154348.08,-99.75
TR003706,2024-08-27,COAL,T04,Long,909,112.49,102256.73,1404.17
TR003707,2024-08-27,GAS,T04,Short,1615,33.05,53378.69,133.62
TR003708,2024-08-27,PWR,T02,Short,1299,91.78,119217.58,-812.03
TR003709,2024-08-27,PWR,T05,Long,802,95.43,76535.68,78.09
TR003710,2024-08-27,GAS,T03,Long,1982,33.47,66344.42,1064.94
TR003711,2024-08-27,CO2,T07,Long,805,64.95,52281.69,-462.5
TR003712,2024-08-27,PWR,T08,Long,1763,91.61,161503.6,-396.09
TR003713,2024-08-27,COAL,T07,Long,833,114.06,95010.35,40.87
TR003714,2024-08-27,PWR,T01,Long,175,84.5,14786.85,-138.18
TR003715,2024-08-27,PWR,T07,Short,1722,95.74,164859.54,6157.54
TR003716,2024-08-27,PWR,T07,Short,1257,98.51,123829.33,-2277.17
TR003717,2024-08-27,PWR,T06,Long,966,90.71,87621.92,1527.13
TR003718,2024-08-27,COAL,T06,Long,1302,112.17,146042.01,1601.23
TR003719,2024-08-27,COAL,T05,Long,253,113.33,28671.53,-247.9
TR003720,2024-08-27,COAL,T02,Long,665,109.32,72696.5,-1590.64
TR003721,2024-08-27,CO2,T02,Short,88,69.39,6106.29,-15.83
TR003722,2024-08-27,CO2,T04,Long,1571,63.73,100118.91,-2465.86
TR003723,2024-08-27,CO2,T03,Long,462,65.46,30242.16,-167.31
TR003724,2024-08-27,GAS,T05,Short,882,35.68,31472.79,235.81
TR003725,2024-08-27,CO2,T01,Short,1566,66.0,103353.87,845.87
TR003726,2024-08-27,PWR,T08,Long,504,88.39,44548.48,1657.65
TR003727,2024-08-27,CO2,T04,Short,1707,70.33,120049.11,2007.96
TR003728,2024-08-27,GAS,T08,Long,1040,33.9,35251.1,-63.31
TR003729,2024-08-27,CO2,T08,Long,270,73.03,19718.66,-344.06
TR003730,2024-08-27,PWR,T07,Long,629,88.6,55729.38,563.84
TR003731,2024-08-27,CO2,T02,Long,1626,63.06,102541.86,-445.81
TR003732,2024-08-28,CO2,T03,Short,173,60.02,10383.71,237.43
TR003733,2024-08-28,PWR,T01,Long,171,96.3,16467.52,-334.53
TR003734,2024-08-28,GAS,T06,Long,102,34.98,3568.05,7.29
TR003735,2024-08-28,GAS,T08,Long,235,31.98,7515.94,123.69
TR003736,2024-08-28,COAL,T04,Long,1235,120.69,149058.1,2403.94
TR003737,2024-08-28,GAS,T07,Long,1487,36.12,53711.28,-211.32
TR003738,2024-08-28,CO2,T08,Short,646,63.04,40726.26,-303.2
TR003739,2024-08-28,PWR,T05,Short,569,88.74,50494.1,455.81
TR003740,2024-08-28,CO2,T04,Long,1331,64.5,85852.62,-985.91
TR003741,2024-08-28,GAS,T05,Short,1477,36.78,54324.49,960.53
TR003742,2024-08-28,CO2,T08,Short,1996,67.96,135655.03,-2700.84
TR003743,2024-08-28,PWR,T03,Long,101,86.3,8716.47,96.86
TR003744,2024-08-28,COAL,T06,Short,1372,110.83,152057.0,-1715.37
TR003745,2024-08-28,COAL,T04,Long,1812,112.22,203341.57,-756.95
TR003746,2024-08-28,PWR,T05,Long,1077,86.25,92889.92,-1701.78
TR003747,2024-08-28,CO2,T05,Long,155,66.32,10279.56,24.48
TR003748,2024-08-28,GAS,T04,Short,1974,31.17,61522.92,-444.29
TR003749,2024-08-28,CO2,T03,Long,808,63.76,51520.13,928.89
TR003750,2024-08-28,COAL,T03,Long,169,117.49,19856.44,16.94
TR003751,2024-08-28,CO2,T03,Short,630,67.4,42459.66,-385.81
TR003752,2024-08-28,GAS,T01,Long,457,36.42,16646.02,85.64
TR003753,2024-08-28,CO2,T05,Long,680,65.88,44799.26,1006.85
TR003754,2024-08-28,PWR,T08,Long,537,83.86,45031.13,647.7
TR003755,2024-08-28,CO2,T07,Short,1488,67.82,100912.9,-1196.52
TR003756,2024-08-28,PWR,T04,Long,873,96.02,83822.78,2251.16
TR003757,2024-08-28,GAS,T08,Long,1740,33.08,57557.6,1578.8
TR003758,2024-08-28,PWR,T07,Short,1216,93.67,113901.69,-3078.42
TR003759,2024-08-28,COAL,T08,Short,1682,111.23,187094.17,-4067.59
TR003760,2024-08-28,GAS,T05,Long,1645,35.02,57605.2,118.15
TR003761,2024-08-29,CO2,T03,Long,88,69.81,6142.84,0.39
TR003762,2024-08-29,PWR,T02,Short,1316,85.39,112371.32,731.07
TR003763,2024-08-29,GAS,T03,Long,192,32.96,6328.47,102.27
TR003764,2024-08-29,COAL,T08,Long,1347,108.72,146441.29,627.07
TR003765,2024-08-29,COAL,T03,Long,784,117.84,92384.04,2171.76
TR003766,2024-08-29,PWR,T02,Short,1913,86.18,164854.17,3200.86
TR003767,2024-08-29,PWR,T07,Short,686,87.7,60160.1,588.38
TR003768,2024-08-29,GAS,T06,Short,357,34.28,12238.51,30.11
TR003769,2024-08-29,COAL,T03,Short,718,111.97,80395.46,-84.49
TR003770,2024-08-29,COAL,T03,Long,1458,111.69,162840.57,-3058.87
TR003771,2024-08-29,PWR,T08,Short,195,77.94,15197.52,-253.38
TR003772,2024-08-29,GAS,T02,Long,1953,34.81,67985.63,328.24
TR003773,2024-08-29,PWR,T08,Short,271,88.15,23888.37,348.34
TR003774,2024-08-29,COAL,T05,Long,318,111.69,35518.47,197.82
TR003775,2024-08-29,PWR,T01,Short,1306,95.83,125152.95,-484.43
TR003776,2024-08-29,PWR,T06,Long,1337,92.96,124289.64,-2749.0
TR003777,2024-08-29,PWR,T05,Long,624,81.18,50653.51,305.29
TR003778,2024-08-29,GAS,T01,Short,1582,32.9,52045.66,186.53
TR003779,2024-08-30,GAS,T04,Long,1507,35.26,53131.35,90.85
TR003780,2024-08-30,PWR,T07,Long,177,88.02,15578.72,-203.95
TR003781,2024-08-30,PWR,T08,Long,1822,96.08,175048.71,-2976.45
TR003782,2024-08-30,COAL,T04,Short,1133,117.41,133026.78,1519.15
TR003783,2024-08-30,CO2,T03,Long,1738,67.51,117335.91,-3450.21
TR003784,2024-08-30,GAS,T07,Long,1044,33.57,35048.86,-150.82
TR003785,2024-08-30,COAL,T04,Short,1543,110.69,170799.49,1632.53
TR003786,2024-08-30,COAL,T07,Short,559,114.93,64246.56,345.15
TR003787,2024-08-30,PWR,T05,Long,1218,83.75,102010.86,-202.11
TR003788,2024-08-30,GAS,T08,Long,1681,37.68,63348.14,866.66
TR003789,2024-08-30,PWR,T01,Long,260,89.8,23348.62,256.35
TR003790,2024-08-30,CO2,T06,Long,1823,66.03,120379.09,-1787.12
TR003791,2024-08-30,PWR,T01,Short,933,87.95,82056.96,-1218.62
TR003792,2024-08-30,CO2,T02,Long,630,70.91,44674.19,840.01
TR003793,2024-08-30,COAL,T08,Long,271,110.2,29864.55,24.71
TR003794,2024-08-30,CO2,T08,Short,1012,74.75,75642.83,-605.99
TR003795,2024-08-30,COAL,T03,Short,392,109.5,42925.28,13.4
TR003796,2024-08-30,COAL,T04,Long,856,114.71,98189.17,3019.36
TR003797,2024-08-30,COAL,T07,Short,417,118.44,49391.54,-1237.22
TR003798,2024-08-30,CO2,T06,Long,793,69.07,54768.55,1410.89
TR003799,2024-08-30,COAL,T06,Short,606,116.19,70408.32,562.95
TR003800,2024-08-30,CO2,T05,Long,1298,61.27,79533.48,-1410.73
TR003801,2024-08-30,CO2,T05,Long,1820,74.96,136423.4,-3534.94
TR003802,2024-08-30,GAS,T05,Short,1091,36.02,39299.43,280.0
TR003803,2024-08-30,CO2,T06,Short,299,62.38,18652.7,-286.82
TR003804,2024-08-30,COAL,T05,Long,1194,112.62,134468.01,1516.87
TR003805,2024-08-30,GAS,T01,Long,1355,36.17,49015.21,611.83
TR003806,2024-08-30,CO2,T03,Short,1060,69.93,74122.04,-1114.82
TR003807,2024-08-30,GAS,T07,Short,751,36.8,27634.15,-424.87
TR003808,2024-09-02,GAS,T06,Long,1699,33.75,57340.68,-1776.08
TR003809,2024-09-02,PWR,T01,Short,81,93.53,7576.19,-21.59
TR003810,2024-09-02,CO2,T06,Long,1932,67.76,130905.45,-548.1
TR003811,2024-09-02,PWR,T01,Long,604,88.93,53711.48,509.74
TR003812,2024-09-02,PWR,T06,Short,1488,81.34,121036.11,2718.03
TR003813,2024-09-02,GAS,T07,Short,1582,33.85,53557.43,38.56
TR003814,2024-09-02,CO2,T01,Long,1659,74.98,124396.6,259.94
TR003815,2024-09-02,GAS,T03,Long,1209,35.31,42694.86,461.28
TR003816,2024-09-02,GAS,T03,Short,1023,34.52,35309.02,-224.95
TR003817,2024-09-02,CO2,T06,Short,628,75.96,47705.65,-187.32
TR003818,2024-09-02,COAL,T06,Short,1675,107.8,180566.25,-1336.73
TR003819,2024-09-02,PWR,T05,Long,1191,78.85,93908.05,71.87
TR003820,2024-09-02,PWR,T03,Short,1376,92.68,127523.43,-534.48
TR003821,2024-09-02,PWR,T08,Long,412,88.75,36565.63,520.6
TR003822,2024-09-02,CO2,T04,Long,1403,62.37,87506.61,-1406.79
TR003823,2024-09-02,CO2,T02,Long,426,68.99,29388.89,-785.67
TR003824,2024-09-02,GAS,T03,Short,680,36.72,24971.81,150.33
TR003825,2024-09-02,COAL,T04,Long,1610,110.49,177884.68,-1118.68
TR003826,2024-09-02,COAL,T08,Short,1824,110.52,201586.11,-4342.84
TR003827,2024-09-02,PWR,T05,Long,1023,82.62,84523.33,-821.89
TR003828,2024-09-02,PWR,T06,Long,798,79.9,63756.78,-630.93
TR003829,2024-09-02,CO2,T06,Short,484,69.9,33831.72,-41.97
TR003830,2024-09-03,GAS,T07,Long,1175,36.05,42363.0,749.07
TR003831,2024-09-03,PWR,T06,Short,1761,80.6,141931.1,-1988.76
TR003832,2024-09-03,CO2,T01,Long,1000,69.51,69508.28,-163.27
TR003833,2024-09-03,PWR,T08,Short,1900,91.14,173172.13,2794.22
TR003834,2024-09-03,GAS,T01,Long,196,35.81,7019.06,-218.57
TR003835,2024-09-03,GAS,T07,Short,1209,35.6,43043.06,-521.15
TR003836,2024-09-03,COAL,T06,Long,1430,109.32,156323.09,1038.53
TR003837,2024-09-03,COAL,T08,Long,1580,116.97,184815.11,-17.77
TR003838,2024-09-03,PWR,T02,Long,757,91.26,69087.3,735.77
TR003839,2024-09-03,GAS,T08,Long,1024,35.2,36046.82,-461.28
TR003840,2024-09-03,COAL,T06,Long,1556,111.36,173281.69,284.22
TR003841,2024-09-03,CO2,T02,Long,363,63.97,23220.9,381.16
TR003842,2024-09-03,COAL,T08,Long,643,117.81,75755.02,179.69
TR003843,2024-09-03,PWR,T08,Long,869,94.12,81789.24,-545.19
TR003844,2024-09-03,CO2,T03,Long,1444,62.65,90470.38,-1007.91
TR003845,2024-09-03,COAL,T03,Short,469,118.53,55592.3,-882.23
TR003846,2024-09-03,COAL,T03,Long,332,108.46,36008.29,-186.2
TR003847,2024-09-03,GAS,T07,Long,1675,36.36,60909.14,2102.22
TR003848,2024-09-03,COAL,T06,Short,920,117.19,107812.13,-1936.3
TR003849,2024-09-03,GAS,T04,Short,488,34.65,16909.47,-325.0
TR003850,2024-09-03,GAS,T04,Long,1877,33.37,62644.24,304.64
TR003851,2024-09-03,COAL,T02,Short,717,112.61,80740.25,-3548.14
TR003852,2024-09-04,PWR,T04,Short,803,90.9,72989.19,-1192.38
TR003853,2024-09-04,COAL,T04,Short,1094,118.76,129928.89,-3282.99
TR003854,2024-09-04,GAS,T02,Long,436,33.06,14413.65,312.83
TR003855,2024-09-04,GAS,T01,Long,1938,33.47,64872.21,997.6
TR003856,2024-09-04,CO2,T01,Short,1374,61.48,84470.03,341.12
TR003857,2024-09-04,PWR,T01,Long,1287,99.25,127728.46,1748.59
TR003858,2024-09-04,COAL,T05,Short,1341,119.26,159925.12,-2457.27
TR003859,2024-09-04,COAL,T01,Short,1115,112.31,125228.16,-321.57
TR003860,2024-09-04,COAL,T06,Short,1661,116.37,193294.21,-3453.62
TR003861,2024-09-04,COAL,T01,Short,1586,114.56,181698.88,4447.83
TR003862,2024-09-04,CO2,T06,Long,1631,67.23,109659.38,891.83
TR003863,2024-09-04,COAL,T04,Long,1972,110.16,217227.11,-2679.51
TR003864,2024-09-04,GAS,T04,Long,1998,35.04,70009.46,-274.18
TR003865,2024-09-04,GAS,T02,Long,310,32.91,10201.56,8.53
TR003866,2024-09-04,PWR,T01,Long,121,86.94,10519.19,-101.32
TR003867,2024-09-04,GAS,T07,Long,325,34.09,11080.8,-54.4
TR003868,2024-09-04,COAL,T02,Long,1857,110.56,205312.08,381.55
TR003869,2024-09-04,GAS,T02,Short,393,33.23,13058.65,-221.85
TR003870,2024-09-04,COAL,T03,Long,92,108.56,9987.76,35.66
TR003871,2024-09-04,GAS,T03,Short,1965,33.7,66221.9,459.28
TR003872,2024-09-04,COAL,T01,Long,1131,110.63,125121.17,809.13
TR003873,2024-09-04,GAS,T06,Short,1098,33.28,36545.71,125.0
TR003874,2024-09-04,CO2,T03,Short,447,66.35,29660.24,130.99
TR003875,2024-09-04,COAL,T02,Short,141,113.57,16013.48,103.15
TR003876,2024-09-04,GAS,T07,Short,1623,33.48,54333.29,-522.55
TR003877,2024-09-04,CO2,T06,Short,850,59.2,50316.67,4.66
TR003878,2024-09-04,PWR,T01,Long,1095,95.17,104214.39,1180.92
TR003879,2024-09-04,GAS,T05,Long,1612,34.81,56113.22,-394.43
TR003880,2024-09-04,CO2,T08,Long,619,66.19,40969.55,236.6
TR003881,2024-09-05,GAS,T08,Long,683,32.56,22237.71,123.71
TR003882,2024-09-05,CO2,T07,Long,1812,69.15,125303.93,-1594.85
TR003883,2024-09-05,GAS,T03,Short,1917,33.79,64771.39,546.33
TR003884,2024-09-05,COAL,T03,Long,1906,113.94,217173.41,-123.39
TR003885,2024-09-05,GAS,T04,Short,552,34.1,18825.0,73.02
TR003886,2024-09-05,GAS,T06,Long,159,36.62,5823.12,-103.55
TR003887,2024-09-05,COAL,T06,Short,80,111.78,8942.4,120.45
TR003888,2024-09-05,GAS,T04,Long,1696,34.36,58269.91,-1463.64
TR003889,2024-09-05,CO2,T05,Long,548,69.84,38272.53,-410.42
TR003890,2024-09-05,CO2,T05,Short,1579,66.93,105682.33,3275.72
TR003891,2024-09-05,COAL,T07,Long,673,109.81,73901.46,-446.79
TR003892,2024-09-05,COAL,T06,Long,1946,111.56,217086.34,-1154.12
TR003893,2024-09-05,COAL,T06,Long,1263,110.74,139861.29,-273.56
TR003894,2024-09-05,COAL,T05,Long,782,117.85,92156.74,146.21
TR003895,2024-09-05,GAS,T07,Short,179,33.6,6015.01,44.29
TR003896,2024-09-05,PWR,T07,Long,1833,87.33,160074.99,2072.16
TR003897,2024-09-05,CO2,T03,Long,804,59.89,48154.51,-1369.03
TR003898,2024-09-05,COAL,T02,Long,1398,110.53,154515.54,2356.77
TR003899,2024-09-05,GAS,T06,Long,199,33.11,6589.87,37.71
TR003900,2024-09-05,PWR,T02,Short,1624,78.57,127597.54,142.89
TR003901,2024-09-05,PWR,T05,Short,1672,92.73,155043.32,-510.16
TR003902,2024-09-05,COAL,T06,Long,1940,116.56,226132.95,-2095.82
TR003903,2024-09-05,CO2,T05,Long,1481,72.07,106741.87,-256.27
TR003904,2024-09-05,CO2,T03,Short,731,66.93,48927.69,569.18
TR003905,2024-09-05,GAS,T06,Long,994,33.93,33722.74,-978.52
TR003906,2024-09-05,PWR,T03,Long,144,92.13,13267.43,-47.65
TR003907,2024-09-05,COAL,T08,Long,1667,110.36,183974.41,-2226.57
TR003908,2024-09-05,PWR,T05,Long,1380,88.51,122139.64,-1097.1
TR003909,2024-09-06,GAS,T05,Long,1941,34.26,66502.57,963.56
TR003910,2024-09-06,PWR,T04,Short,187,88.4,16530.86,624.12
TR003911,2024-09-06,CO2,T05,Long,479,67.71,32431.56,-167.81
TR003912,2024-09-06,COAL,T04,Long,130,114.2,14845.64,174.57
TR003913,2024-09-06,GAS,T08,Short,990,35.14,34789.27,-421.9
TR003914,2024-09-06,PWR,T06,Short,1851,81.68,151183.13,2460.88
TR003915,2024-09-06,COAL,T01,Long,1059,117.31,124229.4,2240.64
TR003916,2024-09-06,GAS,T04,Short,617,32.27,19910.13,199.87
TR003917,2024-09-06,GAS,T02,Long,975,34.51,33651.26,506.07
TR003918,2024-09-06,PWR,T05,Short,405,91.51,37062.69,798.55
TR003919,2024-09-06,COAL,T01,Long,834,113.86,94957.12,-1368.78
TR003920,2024-09-06,CO2,T02,Long,1941,65.68,127493.28,544.15
TR003921,2024-09-06,GAS,T06,Short,1372,38.88,53340.46,272.24
TR003922,2024-09-06,COAL,T01,Long,651,111.81,72786.76,-199.45
TR003923,2024-09-06,CO2,T05,Long,355,74.79,26549.83,-561.46
TR003924,2024-09-06,CO2,T01,Long,878,67.28,59074.4,305.48
TR003925,2024-09-06,GAS,T05,Short,1815,35.18,63851.2,-349.55
TR003926,2024-09-06,COAL,T02,Short,349,116.69,40724.81,210.98
TR003927,2024-09-06,GAS,T02,Short,950,35.93,34129.72,103.22
TR003928,2024-09-06,GAS,T02,Short,220,32.6,7172.42,51.34
TR003929,2024-09-06,PWR,T06,Short,1605,94.98,152450.55,-1197.71
TR003930,2024-09-06,CO2,T01,Long,1566,64.2,100533.14,-999.49
TR003931,2024-09-09,GAS,T05,Long,975,34.25,33397.22,854.62
TR003932,2024-09-09,COAL,T05,Short,539,114.27,61593.52,-340.73
TR003933,2024-09-09,CO2,T05,Long,1056,64.69,68313.9,-1416.69
TR003934,2024-09-09,COAL,T04,Short,744,120.57,89706.82,-881.23
TR003935,2024-09-09,CO2,T08,Short,1285,70.49,90585.64,1208.67
TR003936,2024-09-09,PWR,T01,Long,86,87.54,7528.47,-212.55
TR003937,2024-09-09,CO2,T07,Long,352,59.69,21011.98,-211.65
TR003938,2024-09-09,PWR,T05,Long,702,98.86,69403.02,982.16
TR003939,2024-09-09,CO2,T03,Short,1928,68.45,131973.61,-1080.98
TR003940,2024-09-09,GAS,T01,Long,329,34.69,11411.56,193.31
TR003941,2024-09-09,PWR,T04,Short,1241,76.51,94952.34,-594.45
TR003942,2024-09-09,GAS,T07,Long,152,35.12,5337.89,34.51
TR003943,2024-09-09,GAS,T05,Short,1606,36.09,57953.47,305.66
TR003944,2024-09-09,COAL,T03,Short,400,99.04,39615.29,-1012.49
TR003945,2024-09-09,PWR,T07,Long,118,83.7,9876.99,182.7
TR003946,2024-09-09,PWR,T04,Short,1579,84.96,134150.12,1712.94
TR003947,2024-09-09,PWR,T03,Long,242,92.14,22298.0,179.83
TR003948,2024-09-10,PWR,T07,Long,1938,91.75,177805.02,1296.07
TR003949,2024-09-10,COAL,T03,Short,1030,113.8,117217.2,-2208.53
TR003950,2024-09-10,PWR,T02,Short,1622,95.06,154189.65,2030.31
TR003951,2024-09-10,COAL,T08,Long,1385,112.18,155373.36,-31.45
TR003952,2024-09-10,PWR,T01,Long,637,84.87,54059.16,255.94
TR003953,2024-09-10,CO2,T01,Long,1396,65.41,91307.24,269.92
TR003954,2024-09-10,GAS,T07,Long,1905,36.48,69492.31,186.18
TR003955,2024-09-10,GAS,T01,Long,1045,33.85,35370.26,-726.35
TR003956,2024-09-10,COAL,T02,Long,1009,111.43,112433.04,1576.82
TR003957,2024-09-10,PWR,T04,Long,124,85.35,10583.51,-94.5
TR003958,2024-09-10,COAL,T05,Long,149,112.4,16747.18,116.87
TR003959,2024-09-10,CO2,T02,Long,152,67.05,10191.44,-26.56
TR003960,2024-09-10,COAL,T01,Long,502,112.36,56402.24,1315.7
TR003961,2024-09-10,CO2,T06,Long,1316,64.7,85146.05,-1013.42
TR003962,2024-09-10,PWR,T02,Short,1723,90.67,156219.59,-297.38
TR003963,2024-09-10,CO2,T02,Short,278,66.3,18431.36,356.41
TR003964,2024-09-10,PWR,T01,Long,325,94.6,30746.52,183.38
TR003965,2024-09-10,COAL,T07,Short,1482,111.13,164687.52,2301.61
TR003966,2024-09-10,PWR,T02,Long,884,79.1,69921.75,-1364.72
TR003967,2024-09-10,COAL,T07,Long,199,108.04,21500.47,-128.53
TR003968,2024-09-10,GAS,T06,Short,1819,33.68,61264.11,629.11
TR003969,2024-09-10,CO2,T02,Long,1693,63.24,107064.18,518.43
TR003970,2024-09-10,CO2,T08,Long,626,65.68,41112.73,1622.07
TR003971,2024-09-10,PWR,T06,Short,1694,91.29,154643.58,-543.35
TR003972,2024-09-10,PWR,T01,Long,577,83.99,48462.47,1647.6
TR003973,2024-09-10,GAS,T08,Long,924,32.38,29923.16,56.19
TR003974,2024-09-10,CO2,T05,Short,835,66.48,55507.98,251.45
TR003975,2024-09-11,CO2,T07,Long,127,71.42,9070.06,-162.38
TR003976,2024-09-11,GAS,T02,Long,1753,32.36,56726.35,-1684.62
TR003977,2024-09-11,GAS,T01,Long,1601,33.43,53517.9,-1052.74
TR003978,2024-09-11,GAS,T01,Short,1147,35.83,41095.45,-491.68
TR003979,2024-09-11,PWR,T08,Long,1349,86.76,117043.08,1886.54
TR003980,2024-09-11,CO2,T04,Long,1038,61.37,63698.39,-732.81
TR003981,2024-09-11,GAS,T08,Short,419,32.85,13764.78,267.39
TR003982,2024-09-11,PWR,T08,Short,1380,87.3,120473.14,315.5
TR003983,2024-09-11,PWR,T08,Long,404,80.69,32599.76,-1149.74
TR003984,2024-09-11,COAL,T06,Short,612,108.79,66581.48,641.28
TR003985,2024-09-11,GAS,T06,Long,1565,33.37,52220.8,-439.9
TR003986,2024-09-11,COAL,T04,Long,1969,113.17,222836.26,6.07
TR003987,2024-09-11,PWR,T05,Short,951,84.37,80237.28,-2134.1
TR003988,2024-09-11,GAS,T04,Long,1415,32.58,46096.79,-468.05
TR003989,2024-09-11,COAL,T06,Long,780,114.1,89001.29,-762.86
TR003990,2024-09-11,COAL,T05,Long,1902,110.84,210809.99,7048.57
TR003991,2024-09-11,CO2,T03,Long,781,61.07,47698.29,-368.15
TR003992,2024-09-11,PWR,T01,Long,497,88.8,44132.14,524.8
TR003993,2024-09-11,CO2,T03,Long,859,64.92,55769.38,-431.69
TR003994,2024-09-11,PWR,T07,Long,1864,92.77,172919.7,-1004.8
TR003995,2024-09-11,GAS,T07,Long,1900,35.6,67646.17,949.52
TR003996,2024-09-11,GAS,T04,Short,119,37.76,4493.2,-39.57
TR003997,2024-09-11,GAS,T02,Short,79,34.09,2693.36,19.56
TR003998,2024-09-11,CO2,T05,Short,564,62.81,35425.19,-801.51
TR003999,2024-09-11,GAS,T07,Short,1319,34.94,46089.73,-321.47
TR004000,2024-09-11,PWR,T07,Long,639,83.34,53252.48,577.08
TR004001,2024-09-12,PWR,T02,Short,804,83.03,66760.03,1131.5
TR004002,2024-09-12,COAL,T03,Long,1306,105.05,137200.32,1368.42
TR004003,2024-09-12,CO2,T07,Short,675,62.51,42191.88,69.32
TR004004,2024-09-12,CO2,T04,Long,183,62.37,11412.99,-155.4
TR004005,2024-09-12,PWR,T07,Long,216,87.89,18983.55,-762.61
TR004006,2024-09-12,COAL,T05,Short,664,105.95,70347.75,1462.07
TR004007,2024-09-12,COAL,T06,Long,919,110.53,101575.89,278.56
TR004008,2024-09-12,GAS,T07,Short,254,32.78,8327.16,-52.07
TR004009,2024-09-12,COAL,T03,Short,1067,110.73,118149.18,1569.97
TR004010,2024-09-12,COAL,T04,Long,1336,117.35,156783.08,3369.34
TR004011,2024-09-12,CO2,T08,Long,1524,64.84,98816.37,-2730.48
TR004012,2024-09-12,PWR,T04,Long,1233,86.53,106694.68,-2348.86
TR004013,2024-09-12,PWR,T03,Short,277,91.94,25468.6,-88.38
TR004014,2024-09-12,CO2,T05,Long,75,68.05,5103.48,-39.34
TR004015,2024-09-12,COAL,T05,Short,1431,108.69,155535.1,743.33
TR004016,2024-09-12,GAS,T03,Long,325,32.82,10667.3,-137.7
TR004017,2024-09-12,CO2,T01,Long,963,70.91,68290.33,232.91
TR004018,2024-09-12,PWR,T03,Long,829,85.57,70935.45,-1800.5
TR004019,2024-09-13,CO2,T04,Short,789,69.58,54895.79,958.74
TR004020,2024-09-13,GAS,T05,Long,436,34.26,14938.06,-376.61
TR004021,2024-09-13,GAS,T08,Short,633,34.75,21996.65,395.7
TR004022,2024-09-13,GAS,T08,Long,1391,35.29,49087.3,601.46
TR004023,2024-09-13,GAS,T01,Long,1616,32.36,52297.11,1203.64
TR004024,2024-09-13,CO2,T01,Long,1990,68.08,135488.32,-2803.27
TR004025,2024-09-13,PWR,T01,Short,714,83.01,59269.19,-897.99
TR004026,2024-09-13,GAS,T03,Long,794,35.37,28079.83,-229.67
TR004027,2024-09-13,CO2,T02,Long,158,69.91,11045.7,144.49
TR004028,2024-09-13,CO2,T05,Short,1631,62.33,101663.45,3379.8
TR004029,2024-09-13,CO2,T05,Long,867,69.34,60121.16,1314.05
TR004030,2024-09-13,PWR,T01,Long,824,94.26,77671.24,148.56
TR004031,2024-09-13,CO2,T05,Short,821,70.53,57901.35,-148.07
TR004032,2024-09-13,GAS,T07,Short,668,34.59,23109.04,-143.09
TR004033,2024-09-13,CO2,T04,Long,257,61.51,15809.3,212.86
TR004034,2024-09-13,COAL,T08,Short,198,114.36,22642.48,3.28
TR004035,2024-09-13,COAL,T07,Short,671,112.03,75174.55,-793.49
TR004036,2024-09-13,GAS,T02,Long,528,34.58,18257.25,98.84
TR004037,2024-09-16,COAL,T06,Short,957,111.85,107043.82,399.13
TR004038,2024-09-16,COAL,T05,Long,1154,106.88,123344.47,-3950.65
TR004039,2024-09-16,COAL,T03,Long,847,114.3,96809.56,-1126.31
TR004040,2024-09-16,COAL,T04,Long,1844,112.88,208153.99,6608.93
TR004041,2024-09-16,CO2,T07,Short,814,63.87,51986.73,1304.15
TR004042,2024-09-16,COAL,T04,Long,1490,114.06,169953.14,-1035.75
TR004043,2024-09-16,GAS,T07,Short,410,35.7,14635.5,-154.83
TR004044,2024-09-16,COAL,T01,Long,796,113.18,90087.49,1146.46
TR004045,2024-09-16,PWR,T08,Short,588,83.65,49184.88,-567.66
TR004046,2024-09-16,GAS,T04,Short,1355,34.85,47223.15,-357.03
TR004047,2024-09-16,PWR,T02,Long,1758,91.28,160467.12,-124.33
TR004048,2024-09-16,GAS,T02,Long,1569,35.05,54986.88,282.05
TR004049,2024-09-16,GAS,T07,Long,1355,34.76,47105.09,-237.07
TR004050,2024-09-16,COAL,T01,Long,422,115.9,48911.13,17.77
TR004051,2024-09-16,GAS,T04,Long,1657,33.03,54728.28,-1400.1
TR004052,2024-09-16,GAS,T07,Short,199,34.0,6765.9,-75.92
TR004053,2024-09-16,GAS,T01,Short,947,34.18,32368.89,217.84
TR004054,2024-09-16,GAS,T03,Short,1900,35.77,67961.36,622.64
TR004055,2024-09-16,PWR,T05,Long,818,96.69,79091.87,1346.33
TR004056,2024-09-16,GAS,T06,Short,1467,37.38,54835.45,92.57
TR004057,2024-09-16,PWR,T06,Long,123,85.39,10502.46,212.16
TR004058,2024-09-16,PWR,T06,Short,376,84.45,31752.22,764.95
TR004059,2024-09-17,COAL,T05,Long,1715,113.4,194485.08,3967.82
TR004060,2024-09-17,GAS,T05,Long,793,35.22,27928.39,-498.35
TR004061,2024-09-17,COAL,T04,Long,1306,116.2,151753.0,658.87
TR004062,2024-09-17,COAL,T02,Short,1547,112.24,173629.11,1140.34
TR004063,2024-09-17,PWR,T05,Long,1458,83.43,121646.98,720.23
TR004064,2024-09-17,PWR,T01,Long,1955,85.03,166225.06,2084.67
TR004065,2024-09-17,COAL,T08,Short,1465,120.13,175996.91,375.68
TR004066,2024-09-17,CO2,T06,Long,1483,76.23,113042.78,1743.39
TR004067,2024-09-17,GAS,T05,Short,402,34.18,13740.02,111.21
TR004068,2024-09-17,GAS,T04,Long,1578,35.72,56363.78,794.41
TR004069,2024-09-17,CO2,T02,Short,1446,62.19,89926.25,560.65
TR004070,2024-09-17,COAL,T07,Short,1037,116.08,120377.38,1729.92
TR004071,2024-09-17,CO2,T05,Short,414,71.05,29415.22,-1048.47
TR004072,2024-09-17,COAL,T07,Long,642,116.82,75001.44,545.07
TR004073,2024-09-17,COAL,T02,Short,1161,116.51,135262.98,-790.06
TR004074,2024-09-17,GAS,T01,Long,586,34.78,20383.54,-308.56
TR004075,2024-09-17,CO2,T02,Short,701,60.85,42658.43,137.44
TR004076,2024-09-17,PWR,T02,Short,1359,69.39,94296.4,-2735.29
TR004077,2024-09-17,CO2,T03,Short,1919,63.6,122052.69,243.22
TR004078,2024-09-17,GAS,T06,Long,1362,33.29,45337.12,-785.12
TR004079,2024-09-17,PWR,T06,Long,842,91.66,77178.69,-786.87
TR004080,2024-09-18,GAS,T03,Short,1645,34.2,56255.91,-579.03
TR004081,2024-09-18,COAL,T07,Short,441,110.19,48595.59,1072.37
TR004082,2024-09-18,GAS,T03,Short,548,33.65,18442.14,265.0
TR004083,2024-09-18,COAL,T06,Long,972,107.21,104207.21,877.3
TR004084,2024-09-18,COAL,T04,Short,1730,116.8,202060.96,-791.79
TR004085,2024-09-18,COAL,T07,Long,330,116.85,38559.3,284.22
TR004086,2024-09-18,COAL,T01,Long,821,110.63,90829.32,1218.35
TR004087,2024-09-18,GAS,T07,Short,1552,35.24,54686.9,-2073.8
TR004088,2024-09-18,COAL,T07,Long,1553,114.76,178221.05,-2103.04
TR004089,2024-09-18,CO2,T08,Long,287,69.49,19944.52,111.51
TR004090,2024-09-18,COAL,T04,Short,1274,112.1,142809.57,283.72
TR004091,2024-09-18,COAL,T04,Short,154,112.0,17247.48,-150.06
TR004092,2024-09-18,COAL,T03,Short,703,111.64,78481.22,-450.51
TR004093,2024-09-18,PWR,T05,Long,1593,87.05,138667.63,3335.86
TR004094,2024-09-18,CO2,T04,Long,1008,62.59,63085.95,-1518.93
TR004095,2024-09-18,CO2,T06,Long,1542,67.59,104227.95,2371.0
TR004096,2024-09-18,PWR,T07,Long,1673,75.25,125887.68,-1552.03
TR004097,2024-09-19,COAL,T04,Short,1185,116.23,137728.45,-610.6
TR004098,2024-09-19,GAS,T01,Long,106,36.18,3835.35,2.6
TR004099,2024-09-19,PWR,T03,Long,1327,88.22,117066.65,3333.28
TR004100,2024-09-19,CO2,T08,Long,1035,65.83,68134.73,-284.78
TR004101,2024-09-19,PWR,T04,Long,888,94.96,84326.04,143.95
TR004102,2024-09-19,CO2,T01,Short,189,73.37,13866.64,224.41
TR004103,2024-09-19,GAS,T04,Long,1045,32.48,33945.39,-477.74
TR004104,2024-09-19,PWR,T08,Long,474,93.63,44381.91,999.16
TR004105,2024-09-19,COAL,T05,Long,1209,110.74,133885.96,-546.06
TR004106,2024-09-19,PWR,T01,Long,1777,91.73,162999.07,-517.5
TR004107,2024-09-19,PWR,T05,Short,724,89.81,65021.18,1869.29
TR004108,2024-09-19,CO2,T04,Short,1087,69.66,75721.08,770.81
TR004109,2024-09-19,COAL,T03,Short,229,112.01,25649.81,498.15
TR004110,2024-09-19,COAL,T04,Short,945,113.65,107399.54,947.27
TR004111,2024-09-19,PWR,T07,Long,1299,80.92,105111.37,-783.71
TR004112,2024-09-19,GAS,T06,Long,425,32.71,13900.17,-43.71
TR004113,2024-09-19,GAS,T07,Long,132,35.01,4621.46,-18.8
TR004114,2024-09-19,COAL,T03,Short,705,110.06,77593.57,-609.99
TR004115,2024-09-19,GAS,T06,Long,1555,34.24,53243.58,-767.21
TR004116,2024-09-20,PWR,T05,Short,552,81.4,44935.11,1250.46
TR004117,2024-09-20,CO2,T02,Long,762,66.27,50496.97,834.21
TR004118,2024-09-20,COAL,T02,Short,1477,110.8,163656.58,3136.33
TR004119,2024-09-20,GAS,T01,Short,1400,34.61,48459.44,1194.63
TR004120,2024-09-20,PWR,T03,Long,1397,103.05,143955.23,273.67
TR004121,2024-09-20,PWR,T02,Short,270,87.03,23497.81,183.3
TR004122,2024-09-20,CO2,T06,Long,1240,68.23,84605.51,18.82
TR004123,2024-09-20,COAL,T03,Short,339,119.94,40658.01,-351.37
TR004124,2024-09-20,COAL,T03,Short,1040,113.77,118320.53,-1689.39
TR004125,2024-09-20,PWR,T06,Short,1719,94.8,162959.44,772.82
TR004126,2024-09-20,PWR,T06,Short,1324,91.33,120924.65,-780.7
TR004127,2024-09-20,CO2,T01,Long,302,61.89,18690.57,158.15
TR004128,2024-09-20,COAL,T07,Long,1116,109.59,122301.97,1840.34
TR004129,2024-09-20,CO2,T05,Short,433,67.02,29020.67,-177.2
TR004130,2024-09-20,PWR,T05,Long,150,84.96,12744.22,-180.87
TR004131,2024-09-20,COAL,T03,Short,1228,111.35,136734.72,829.54
TR004132,2024-09-23,PWR,T04,Short,820,97.86,80246.41,-122.03
TR004133,2024-09-23,COAL,T03,Short,1661,112.61,187044.08,-1059.38
TR004134,2024-09-23,GAS,T03,Short,1454,32.51,47264.11,512.21
TR004135,2024-09-23,COAL,T08,Long,1614,118.59,191398.29,-4899.2
TR004136,2024-09-23,COAL,T08,Long,1432,112.16,160611.83,4113.0
TR004137,2024-09-23,GAS,T08,Short,1366,35.65,48702.9,-393.1
TR004138,2024-09-23,CO2,T06,Short,528,68.92,36387.77,-494.56
TR004139,2024-09-23,CO2,T02,Short,1771,73.28,129787.55,1459.94
TR004140,2024-09-23,PWR,T02,Short,1467,85.62,125602.49,3585.95
TR004141,2024-09-23,PWR,T04,Long,228,96.71,22049.65,103.35
TR004142,2024-09-23,COAL,T08,Long,257,116.1,29838.12,261.54
TR004143,2024-09-23,COAL,T07,Long,978,116.55,113989.56,-1826.29
TR004144,2024-09-23,PWR,T02,Short,1382,85.27,117848.48,-839.12
TR004145,2024-09-23,COAL,T05,Short,735,111.19,81725.53,-611.05
TR004146,2024-09-23,GAS,T01,Long,1355,34.59,46874.04,-187.43
TR004147,2024-09-23,COAL,T06,Short,1817,119.16,216516.41,-3484.18
TR004148,2024-09-23,CO2,T07,Long,1223,60.08,73477.89,156.2
TR004149,2024-09-23,GAS,T05,Long,732,33.42,24461.43,-323.22
TR004150,2024-09-23,CO2,T04,Long,236,61.02,14401.0,40.79
TR004151,2024-09-23,PWR,T08,Long,1427,96.72,138018.03,-433.07
TR004152,2024-09-23,COAL,T05,Short,1427,110.8,158111.16,4309.22
TR004153,2024-09-24,CO2,T06,Long,1732,65.7,113796.02,876.61
TR004154,2024-09-24,GAS,T01,Short,1384,35.84,49597.11,0.79
TR004155,2024-09-24,CO2,T07,Long,500,70.08,35039.54,1769.9
TR004156,2024-09-24,CO2,T06,Long,1600,72.73,116362.34,125.84
TR004157,2024-09-24,CO2,T02,Long,1629,70.55,114919.13,1333.26
TR004158,2024-09-24,PWR,T06,Long,1456,96.79,140923.84,1025.1
TR004159,2024-09-24,COAL,T08,Short,950,107.7,102310.84,1505.84
TR004160,2024-09-24,COAL,T07,Short,101,113.43,11456.0,-59.2
TR004161,2024-09-24,COAL,T07,Long,1571,108.44,170356.46,-3521.39
TR004162,2024-09-24,CO2,T01,Long,359,60.49,21714.77,-174.39
TR004163,2024-09-24,CO2,T03,Long,869,68.33,59378.8,1150.32
TR004164,2024-09-24,CO2,T04,Short,1840,70.44,129605.94,-2453.21
TR004165,2024-09-24,CO2,T01,Short,1192,66.18,78891.51,943.6
TR004166,2024-09-24,PWR,T05,Long,1841,88.99,163827.01,2370.51
TR004167,2024-09-24,PWR,T01,Long,1335,84.4,112679.03,439.45
TR004168,2024-09-24,PWR,T03,Short,902,92.42,83360.47,1466.37
TR004169,2024-09-24,CO2,T04,Long,470,65.79,30921.56,0.77
TR004170,2024-09-24,CO2,T05,Long,1477,67.4,99553.78,-3004.53
TR004171,2024-09-24,GAS,T01,Long,1141,33.38,38085.21,-112.84
TR004172,2024-09-24,COAL,T03,Long,1261,109.43,137987.15,1911.13
TR004173,2024-09-24,PWR,T03,Long,1356,89.48,121331.61,-3066.3
TR004174,2024-09-24,GAS,T08,Short,1432,32.66,46772.77,113.23
TR004175,2024-09-24,GAS,T07,Long,1959,33.77,66156.27,1458.09
TR004176,2024-09-25,COAL,T06,Short,700,112.55,78782.04,55.34
TR004177,2024-09-25,GAS,T01,Long,669,32.53,21765.29,419.95
TR004178,2024-09-25,PWR,T03,Short,175,92.56,16198.14,-73.94
TR004179,2024-09-25,GAS,T03,Long,1347,34.86,46957.2,418.71
TR004180,2024-09-25,GAS,T03,Short,104,36.42,3787.29,52.6
TR004181,2024-09-25,GAS,T08,Long,1975,32.94,65054.45,965.87
TR004182,2024-09-25,GAS,T04,Long,1333,35.4,47192.8,-290.02
TR004183,2024-09-25,GAS,T05,Short,67,35.74,2394.27,-50.89
TR004184,2024-09-25,GAS,T02,Long,1349,34.57,46633.54,495.17
TR004185,2024-09-25,PWR,T05,Short,307,92.77,28481.24,163.31
TR004186,2024-09-25,PWR,T07,Short,174,86.87,15114.99,-433.64
TR004187,2024-09-25,PWR,T05,Long,775,82.64,64045.42,96.77
TR004188,2024-09-25,COAL,T03,Short,1830,116.31,212850.72,-3930.47
TR004189,2024-09-25,COAL,T03,Short,1103,105.33,116184.05,2128.34
TR004190,2024-09-25,PWR,T03,Long,1173,84.59,99218.23,783.2
TR004191,2024-09-25,PWR,T03,Long,595,84.96,50553.87,439.92
TR004192,2024-09-25,PWR,T01,Long,728,86.89,63252.54,-467.68
TR004193,2024-09-25,GAS,T07,Short,1179,35.97,42410.36,609.61
TR004194,2024-09-25,GAS,T02,Long,1930,36.17,69802.12,95.25
TR004195,2024-09-25,COAL,T07,Long,187,110.14,20595.51,189.05
TR004196,2024-09-26,CO2,T06,Long,821,71.68,58851.47,600.03
TR004197,2024-09-26,PWR,T06,Short,916,90.68,83060.4,-491.72
TR004198,2024-09-26,GAS,T05,Long,244,33.45,8161.35,91.0
TR004199,2024-09-26,PWR,T07,Long,1596,93.0,148423.55,-1895.68
TR004200,2024-09-26,PWR,T04,Long,944,92.35,87178.82,-1188.83
TR004201,2024-09-26,COAL,T05,Long,917,116.9,107193.16,-1581.54
TR004202,2024-09-26,COAL,T03,Short,1680,109.24,183524.59,-736.91
TR004203,2024-09-26,COAL,T08,Long,1036,115.8,119968.84,-1634.81
TR004204,2024-09-26,GAS,T04,Long,60,36.14,2168.33,-61.36
TR004205,2024-09-26,PWR,T04,Long,1282,84.91,108850.81,137.51
TR004206,2024-09-26,COAL,T07,Short,741,106.02,78558.32,-125.4
TR004207,2024-09-26,GAS,T03,Short,216,35.66,7702.83,121.76
TR004208,2024-09-26,GAS,T07,Short,391,34.57,13516.5,-131.01
TR004209,2024-09-26,PWR,T01,Long,1180,96.08,113370.28,588.2
TR004210,2024-09-26,CO2,T07,Long,1456,70.22,102244.98,1192.29
TR004211,2024-09-26,PWR,T06,Short,1489,94.52,140742.3,130.11
TR004212,2024-09-26,PWR,T06,Short,1664,86.54,144001.88,-1524.06
TR004213,2024-09-26,GAS,T07,Short,1700,35.06,59601.54,-146.48
TR004214,2024-09-26,COAL,T07,Long,1428,108.83,155404.6,-536.76
TR004215,2024-09-26,COAL,T01,Long,342,109.56,37468.95,95.58
TR004216,2024-09-26,COAL,T07,Short,1648,110.44,182001.93,2198.8
TR004217,2024-09-26,COAL,T04,Short,1267,106.67,135153.43,2811.4
TR004218,2024-09-26,PWR,T05,Long,1624,86.2,139989.34,1159.94
TR004219,2024-09-26,GAS,T01,Short,468,35.49,16610.96,62.42
TR004220,2024-09-27,PWR,T08,Long,406,94.4,38326.53,-821.25
TR004221,2024-09-27,COAL,T04,Long,1523,110.22,167872.16,-647.19
TR004222,2024-09-27,PWR,T02,Short,1131,87.99,99516.26,-1371.01
TR004223,2024-09-27,CO2,T01,Short,379,67.06,25413.89,-190.26
TR004224,2024-09-27,COAL,T06,Short,424,109.61,46475.82,-761.05
TR004225,2024-09-27,CO2,T06,Long,220,68.31,15029.09,-1.19
TR004226,2024-09-27,GAS,T07,Short,358,35.51,12711.15,-72.96
TR004227,2024-09-27,PWR,T05,Short,1683,90.96,153090.64,-197.94
TR004228,2024-09-27,CO2,T08,Long,710,70.21,49850.11,-52.14
TR004229,2024-09-27,GAS,T08,Short,715,32.9,23525.92,-105.73
TR004230,2024-09-27,PWR,T05,Long,1507,89.27,134534.87,3432.34
TR004231,2024-09-27,CO2,T08,Long,1193,68.1,81247.0,-1300.45
TR004232,2024-09-27,COAL,T03,Short,1030,109.92,113218.9,500.54
TR004233,2024-09-27,CO2,T06,Short,907,65.59,59486.04,-393.18
TR004234,2024-09-27,CO2,T04,Long,1372,67.03,91968.61,394.58
TR004235,2024-09-27,GAS,T05,Long,468,33.79,15812.74,17.85
TR004236,2024-09-27,COAL,T08,Long,76,107.11,8140.55,-21.44
TR004237,2024-09-27,CO2,T02,Short,559,62.64,35014.88,682.62
TR004238,2024-09-27,GAS,T04,Long,1320,37.6,49633.54,-510.33
TR004239,2024-09-27,COAL,T05,Short,1562,113.0,176503.1,921.07
TR004240,2024-09-27,COAL,T02,Short,1237,120.84,149472.96,1388.51
TR004241,2024-09-27,COAL,T07,Short,1700,116.26,197633.63,-3047.99
TR004242,2024-09-27,GAS,T04,Short,605,33.96,20544.68,-331.75
TR004243,2024-09-27,CO2,T07,Short,1911,69.49,132797.36,-1634.65
TR004244,2024-09-27,CO2,T04,Short,296,64.72,19156.31,-258.49
TR004245,2024-09-27,CO2,T07,Long,629,59.78,37602.2,486.56
TR004246,2024-09-30,GAS,T08,Long,1724,33.3,57415.95,-344.83
TR004247,2024-09-30,CO2,T01,Short,1408,67.45,94966.83,-999.75
TR004248,2024-09-30,GAS,T03,Long,1989,34.32,68270.31,111.45
TR004249,2024-09-30,PWR,T03,Long,412,96.39,39711.81,811.28
TR004250,2024-09-30,CO2,T03,Short,189,59.19,11187.02,-13.38
TR004251,2024-09-30,CO2,T07,Long,1545,65.54,101262.3,-313.35
TR004252,2024-09-30,PWR,T03,Short,1668,93.84,156530.83,2584.48
TR004253,2024-09-30,PWR,T04,Long,1826,73.78,134718.06,385.75
TR004254,2024-09-30,COAL,T06,Short,741,117.2,86843.4,1089.29
TR004255,2024-09-30,COAL,T01,Long,1993,105.18,209631.57,-6769.58
TR004256,2024-09-30,CO2,T06,Short,863,68.0,58686.44,355.93
TR004257,2024-09-30,CO2,T07,Short,416,68.34,28430.01,-178.13
TR004258,2024-09-30,COAL,T01,Long,718,111.13,79791.09,147.52
TR004259,2024-09-30,PWR,T04,Short,1826,87.85,160408.57,-728.97
TR004260,2024-09-30,GAS,T08,Long,386,35.94,13874.54,245.44
TR004261,2024-09-30,PWR,T07,Short,702,90.83,63760.26,-930.0
TR004262,2024-09-30,GAS,T08,Long,903,32.05,28944.8,-210.93
TR004263,2024-10-01,PWR,T01,Long,1807,91.93,166121.47,-4369.09
TR004264,2024-10-01,COAL,T04,Long,1259,112.6,141769.53,3045.13
TR004265,2024-10-01,PWR,T01,Short,94,85.81,8066.12,96.34
TR004266,2024-10-01,GAS,T03,Short,751,36.83,27662.29,-210.67
TR004267,2024-10-01,COAL,T03,Short,500,118.7,59349.35,-1793.88
TR004268,2024-10-01,PWR,T05,Long,584,77.61,45323.9,-478.83
TR004269,2024-10-01,PWR,T01,Short,1513,75.76,114629.77,-386.24
TR004270,2024-10-01,CO2,T03,Short,683,69.69,47595.17,-553.59
TR004271,2024-10-01,CO2,T02,Short,1103,61.85,68220.4,579.58
TR004272,2024-10-01,CO2,T08,Long,811,73.93,59956.69,-71.63
TR004273,2024-10-01,CO2,T04,Long,1005,66.27,66599.4,695.89
TR004274,2024-10-01,GAS,T01,Short,621,34.91,21676.34,-6.71
TR004275,2024-10-01,PWR,T05,Short,1106,88.63,98028.27,1461.5
TR004276,2024-10-01,CO2,T06,Long,1277,74.54,95188.79,755.86
TR004277,2024-10-01,GAS,T07,Long,164,35.09,5754.19,-111.89
TR004278,2024-10-01,GAS,T08,Long,979,33.46,32758.54,139.98
TR004279,2024-10-01,GAS,T01,Short,1823,32.11,58541.84,-34.94
TR004280,2024-10-01,COAL,T02,Short,143,115.36,16496.33,-375.27
TR004281,2024-10-01,GAS,T05,Short,1831,35.39,64803.06,-1055.49
TR004282,2024-10-02,CO2,T08,Long,1406,67.35,94692.9,-1625.12
TR004283,2024-10-02,CO2,T02,Short,1492,64.04,95541.87,3747.2
TR004284,2024-10-02,CO2,T04,Long,382,63.97,24435.87,246.93
TR004285,2024-10-02,CO2,T08,Long,348,67.51,23493.99,-105.63
TR004286,2024-10-02,CO2,T01,Long,1619,60.59,98095.14,955.59
TR004287,2024-10-02,GAS,T03,Long,1565,33.24,52013.76,473.32
TR004288,2024-10-02,GAS,T02,Long,515,33.81,17412.37,347.92
TR004289,2024-10-02,PWR,T06,Short,173,87.01,15052.48,240.63
TR004290,2024-10-02,PWR,T05,Short,121,79.95,9674.35,152.78
TR004291,2024-10-02,COAL,T06,Short,1858,118.22,219655.75,672.31
TR004292,2024-10-02,GAS,T06,Long,683,34.52,23578.32,-472.88
TR004293,2024-10-02,PWR,T03,Long,1581,87.55,138410.61,2670.83
TR004294,2024-10-02,COAL,T05,Short,1183,108.5,128355.75,3539.98
TR004295,2024-10-02,COAL,T07,Long,413,108.24,44702.79,-1703.62
TR004296,2024-10-02,COAL,T02,Short,1298,109.08,141590.32,1666.86
TR004297,2024-10-02,COAL,T07,Long,824,111.16,91593.47,-959.03
TR004298,2024-10-02,CO2,T08,Short,1252,67.3,84262.32,-1465.65
TR004299,2024-10-02,COAL,T08,Long,1313,111.86,146873.95,-75.73
TR004300,2024-10-02,GAS,T04,Long,490,32.65,15998.3,333.22
TR004301,2024-10-02,PWR,T07,Short,840,83.59,70211.87,190.64
TR004302,2024-10-03,COAL,T04,Long,1480,110.55,163620.75,418.24
TR004303,2024-10-03,COAL,T05,Short,1535,115.95,177981.92,1711.39
TR004304,2024-10-03,COAL,T05,Long,904,111.18,100508.81,1134.62
TR004305,2024-10-03,CO2,T06,Long,306,68.15,20853.49,277.5
TR004306,2024-10-03,PWR,T01,Long,820,83.48,68449.98,-2743.97
TR004307,2024-10-03,GAS,T04,Long,1521,33.31,50667.06,310.18
TR004308,2024-10-03,CO2,T07,Long,231,73.8,17047.75,-72.68
TR004309,2024-10-03,COAL,T05,Long,634,113.25,71799.89,792.45
TR004310,2024-10-03,GAS,T04,Short,391,33.94,13269.26,21.39
TR004311,2024-10-03,PWR,T04,Long,1512,87.99,133040.68,-867.74
TR004312,2024-10-03,COAL,T03,Short,1151,118.41,136284.47,280.72
TR004313,2024-10-03,CO2,T02,Long,1174,72.04,84576.54,1080.18
TR004314,2024-10-03,CO2,T07,Short,1622,67.59,109638.2,1009.03
TR004315,2024-10-03,GAS,T02,Long,1978,34.39,68014.25,593.43
TR004316,2024-10-03,CO2,T07,Short,550,71.13,39119.41,-72.26
TR004317,2024-10-03,GAS,T04,Long,1888,36.22,68382.56,569.34
TR004318,2024-10-03,PWR,T06,Long,1751,77.64,135943.6,-778.11
TR004319,2024-10-03,GAS,T06,Long,1721,34.37,59144.74,-1526.52
TR004320,2024-10-03,PWR,T07,Short,1381,96.6,133405.95,1003.28
TR004321,2024-10-03,PWR,T01,Short,1117,80.72,90161.84,-2672.9
TR004322,2024-10-03,COAL,T04,Long,1805,112.03,202210.73,2931.5
TR004323,2024-10-03,PWR,T01,Long,1035,93.88,97169.27,1083.24
TR004324,2024-10-03,CO2,T06,Short,1575,62.02,97677.6,710.53
TR004325,2024-10-03,CO2,T05,Short,699,72.06,50372.61,239.84
TR004326,2024-10-03,CO2,T01,Short,1954,70.24,137242.67,-2017.35
TR004327,2024-10-04,CO2,T05,Short,1309,63.69,83373.1,-976.87
TR004328,2024-10-04,COAL,T05,Short,1093,112.71,123188.47,-3022.4
TR004329,2024-10-04,COAL,T05,Long,1736,120.67,209480.23,-133.53
TR004330,2024-10-04,PWR,T04,Short,1768,89.49,158216.5,-1303.77
TR004331,2024-10-04,COAL,T08,Short,274,119.25,32673.72,89.04
TR004332,2024-10-04,PWR,T07,Long,842,89.1,75022.28,-1439.65
TR004333,2024-10-04,COAL,T08,Long,1995,114.38,228196.8,-1605.99
TR004334,2024-10-04,GAS,T01,Short,107,33.83,3619.28,16.63
TR004335,2024-10-04,GAS,T08,Short,1755,35.84,62900.61,1005.74
TR004336,2024-10-04,CO2,T05,Long,1581,67.68,107004.71,1438.04
TR004337,2024-10-04,GAS,T04,Short,1220,37.51,45762.81,-1120.52
TR004338,2024-10-04,COAL,T01,Short,962,116.38,111960.26,-2049.52
TR004339,2024-10-04,PWR,T01,Short,1581,95.05,150266.37,-3137.79
TR004340,2024-10-04,PWR,T01,Long,635,90.77,57640.13,234.27
TR004341,2024-10-04,CO2,T07,Long,266,68.14,18126.32,216.49
TR004342,2024-10-04,GAS,T05,Long,821,36.63,30072.94,155.68
TR004343,2024-10-07,CO2,T02,Short,1690,75.28,127231.56,-1394.55
TR004344,2024-10-07,GAS,T02,Short,655,36.51,23913.5,619.57
TR004345,2024-10-07,PWR,T07,Short,394,85.53,33697.66,-242.08
TR004346,2024-10-07,CO2,T05,Short,1070,65.39,69968.34,1105.22
TR004347,2024-10-07,PWR,T03,Short,679,95.66,64953.37,-841.12
TR004348,2024-10-07,COAL,T08,Short,1279,114.57,146530.31,-2494.21
TR004349,2024-10-07,COAL,T01,Long,770,114.18,87918.63,-312.32
TR004350,2024-10-07,GAS,T02,Short,1087,37.95,41256.94,760.14
TR004351,2024-10-07,COAL,T03,Short,441,114.53,50507.65,-786.32
TR004352,2024-10-07,PWR,T04,Long,1455,87.35,127091.58,-2704.81
TR004353,2024-10-07,GAS,T04,Long,331,33.25,11004.86,-153.76
TR004354,2024-10-07,PWR,T01,Short,319,93.7,29890.28,-71.97
TR004355,2024-10-07,CO2,T06,Long,848,68.46,58056.85,215.41
TR004356,2024-10-07,GAS,T06,Long,984,34.37,33817.81,996.34
TR004357,2024-10-07,GAS,T04,Short,839,37.5,31458.36,677.39
TR004358,2024-10-08,PWR,T08,Long,1734,88.38,153245.11,1325.84
TR004359,2024-10-08,COAL,T02,Short,1944,115.49,224518.58,1981.1
TR004360,2024-10-08,GAS,T01,Long,136,34.62,4708.61,18.6
TR004361,2024-10-08,PWR,T07,Short,426,86.42,36815.49,575.57
TR004362,2024-10-08,GAS,T05,Long,609,33.45,20369.27,-169.15
TR004363,2024-10-08,CO2,T07,Long,793,66.89,53046.13,-581.23
TR004364,2024-10-08,COAL,T02,Long,343,110.94,38050.98,-634.23
TR004365,2024-10-08,CO2,T08,Short,266,68.09,18111.26,-285.31
TR004366,2024-10-08,CO2,T06,Short,504,67.13,33835.19,348.61
TR004367,2024-10-08,COAL,T05,Short,1328,118.83,157799.95,-2860.71
TR004368,2024-10-08,GAS,T07,Long,1662,34.34,57076.74,-162.9
TR004369,2024-10-08,PWR,T01,Long,939,84.11,78976.46,3.43
TR004370,2024-10-08,COAL,T01,Short,1182,109.71,129677.54,1754.06
TR004371,2024-10-08,PWR,T08,Long,1718,87.81,150853.91,343.95
TR004372,2024-10-08,CO2,T01,Short,603,63.51,38296.92,-951.37
TR004373,2024-10-08,CO2,T04,Long,1524,72.29,110173.5,-1068.71
TR004374,2024-10-08,PWR,T07,Short,262,101.48,26587.56,-477.7
TR004375,2024-10-09,COAL,T01,Short,1798,115.98,208532.95,1331.14
TR004376,2024-10-09,GAS,T03,Short,573,35.67,20438.88,-242.51
TR004377,2024-10-09,CO2,T01,Short,958,56.98,54586.44,-903.9
TR004378,2024-10-09,PWR,T05,Long,1013,79.85,80889.82,1334.52
TR004379,2024-10-09,CO2,T02,Short,490,69.33,33970.87,465.91
TR004380,2024-10-09,CO2,T08,Short,1479,69.22,102380.23,1164.75
TR004381,2024-10-09,PWR,T08,Long,429,85.22,36560.57,505.74
TR004382,2024-10-09,CO2,T04,Long,158,70.81,11187.26,183.43
TR004383,2024-10-09,CO2,T04,Long,245,66.55,16304.13,5.84
TR004384,2024-10-09,PWR,T02,Short,559,104.11,58197.81,-405.8
TR004385,2024-10-09,COAL,T05,Long,897,109.95,98625.12,-587.22
TR004386,2024-10-09,COAL,T06,Long,1779,107.79,191759.24,-7127.41
TR004387,2024-10-09,COAL,T08,Short,1166,111.23,129689.25,1969.42
TR004388,2024-10-09,COAL,T08,Short,460,106.23,48866.58,-392.04
TR004389,2024-10-09,CO2,T05,Long,190,68.12,12942.67,-186.44
TR004390,2024-10-09,GAS,T03,Long,645,34.73,22403.5,342.18
TR004391,2024-10-09,PWR,T02,Short,681,88.69,60401.02,-1122.67
TR004392,2024-10-09,GAS,T06,Long,1738,35.45,61616.12,397.5
TR004393,2024-10-09,PWR,T02,Long,183,87.94,16092.58,-249.29
TR004394,2024-10-09,CO2,T05,Long,1274,69.85,88992.96,-979.75
TR004395,2024-10-10,PWR,T05,Short,686,97.18,66666.39,1890.61
TR004396,2024-10-10,CO2,T02,Short,1100,66.99,73687.11,-454.46
TR004397,2024-10-10,CO2,T03,Short,937,65.88,61729.64,-1794.41
TR004398,2024-10-10,PWR,T06,Short,1535,88.12,135257.71,-3655.0
TR004399,2024-10-10,CO2,T02,Short,1835,64.0,117437.66,-2218.67
TR004400,2024-10-10,CO2,T02,Short,939,57.75,54223.45,-287.78
TR004401,2024-10-10,COAL,T01,Short,141,112.17,15816.16,-165.28
TR004402,2024-10-10,PWR,T03,Short,1014,75.57,76632.2,946.48
TR004403,2024-10-10,CO2,T08,Long,223,68.48,15271.37,-273.1
TR004404,2024-10-10,GAS,T07,Short,303,33.01,10002.5,268.46
TR004405,2024-10-10,PWR,T03,Short,368,90.38,33258.26,-36.86
TR004406,2024-10-10,GAS,T08,Short,1546,36.86,56985.45,-673.75
TR004407,2024-10-10,COAL,T07,Short,1641,111.11,182328.0,221.21
TR004408,2024-10-10,CO2,T08,Short,1196,64.58,77240.08,2058.74
TR004409,2024-10-10,PWR,T02,Short,1242,85.25,105875.51,-325.32
TR004410,2024-10-10,PWR,T06,Long,187,94.84,17735.67,-364.46
TR004411,2024-10-10,PWR,T03,Short,1329,82.96,110256.11,914.42
TR004412,2024-10-10,PWR,T01,Short,436,103.27,45025.65,1206.75
TR004413,2024-10-10,PWR,T05,Short,1533,94.54,144930.31,-4659.03
TR004414,2024-10-10,PWR,T07,Short,472,87.32,41215.27,409.18
TR004415,2024-10-10,GAS,T02,Long,1821,35.64,64904.06,-141.4
TR004416,2024-10-10,GAS,T08,Long,495,31.18,15433.3,-185.91
TR004417,2024-10-10,CO2,T05,Short,356,74.78,26620.14,-560.68
TR004418,2024-10-10,CO2,T04,Short,1008,66.8,67333.54,447.85
TR004419,2024-10-10,PWR,T03,Short,334,88.22,29466.78,-409.37
TR004420,2024-10-10,COAL,T01,Short,1563,112.07,175167.48,-1441.49
TR004421,2024-10-11,GAS,T02,Short,729,36.4,26537.38,409.38
TR004422,2024-10-11,CO2,T03,Short,1090,66.28,72242.09,19.68
TR004423,2024-10-11,CO2,T07,Long,659,71.41,47056.64,-894.57
TR004424,2024-10-11,CO2,T06,Long,1807,71.42,129060.43,2547.79
TR004425,2024-10-11,COAL,T08,Long,618,108.36,66967.73,511.37
TR004426,2024-10-11,PWR,T07,Long,1582,82.36,130291.44,200.06
TR004427,2024-10-11,GAS,T04,Long,1968,33.24,65409.07,77.54
TR004428,2024-10-11,PWR,T03,Short,264,86.16,22747.32,8.74
TR004429,2024-10-11,CO2,T06,Long,827,67.07,55464.55,439.13
TR004430,2024-10-11,COAL,T06,Long,1020,113.35,115618.86,1000.93
TR004431,2024-10-11,CO2,T01,Long,462,66.33,30645.12,-533.89
TR004432,2024-10-11,GAS,T06,Long,1546,36.13,55854.04,30.66
TR004433,2024-10-11,GAS,T02,Short,1670,36.25,60538.98,-782.27
TR004434,2024-10-11,GAS,T05,Short,438,34.34,15042.35,-61.06
TR004435,2024-10-11,GAS,T08,Long,306,33.89,10371.83,457.56
TR004436,2024-10-11,PWR,T04,Long,1174,88.59,104000.09,342.25
TR004437,2024-10-11,PWR,T02,Long,1445,86.81,125436.0,-777.39
TR004438,2024-10-11,COAL,T03,Long,684,114.31,78184.71,-785.62
TR004439,2024-10-11,COAL,T07,Long,1112,113.22,125899.56,1038.2
TR004440,2024-10-11,CO2,T01,Short,1856,68.68,127469.47,-1528.02
TR004441,2024-10-11,PWR,T04,Long,1293,98.02,126742.35,-1436.29
TR004442,2024-10-11,CO2,T03,Long,1240,71.27,88380.23,-1140.48
TR004443,2024-10-14,COAL,T07,Long,145,108.75,15768.59,-196.46
TR004444,2024-10-14,CO2,T01,Short,642,65.99,42366.52,-572.56
TR004445,2024-10-14,COAL,T08,Short,381,114.81,43743.14,-132.9
TR004446,2024-10-14,COAL,T01,Long,1803,113.38,204429.01,3240.49
TR004447,2024-10-14,COAL,T01,Short,1224,106.38,130212.17,-2753.57
TR004448,2024-10-14,PWR,T04,Long,1414,80.36,113633.59,1129.96
TR004449,2024-10-14,PWR,T01,Long,437,87.07,38050.57,406.14
TR004450,2024-10-14,CO2,T03,Long,1831,74.02,135530.47,2923.65
TR004451,2024-10-14,CO2,T03,Long,1896,59.74,113261.72,1745.55
TR004452,2024-10-14,COAL,T05,Long,1701,115.17,195910.92,1007.75
TR004453,2024-10-14,GAS,T08,Long,668,34.18,22831.12,169.25
TR004454,2024-10-14,CO2,T05,Short,1884,64.37,121275.66,1876.94
TR004455,2024-10-14,PWR,T03,Short,1815,90.31,163914.18,477.87
TR004456,2024-10-14,GAS,T01,Long,1244,35.31,43923.04,-774.44
TR004457,2024-10-14,PWR,T02,Short,1698,84.7,143827.76,-1367.03
TR004458,2024-10-15,GAS,T03,Short,962,34.0,32707.54,85.73
TR004459,2024-10-15,GAS,T01,Short,54,35.35,1908.99,40.52
TR004460,2024-10-15,COAL,T02,Short,1050,110.0,115496.04,-591.29
TR004461,2024-10-15,COAL,T05,Long,1376,109.65,150875.7,3460.42
TR004462,2024-10-15,CO2,T02,Short,188,65.03,12225.03,-109.9
TR004463,2024-10-15,COAL,T02,Short,579,109.78,63563.08,-452.5
TR004464,2024-10-15,PWR,T04,Short,1969,87.35,171986.16,1824.13
TR004465,2024-10-15,CO2,T07,Short,786,64.73,50879.25,28.38
TR004466,2024-10-15,PWR,T05,Short,344,82.44,28357.99,-423.85
TR004467,2024-10-15,PWR,T01,Long,1797,89.93,161604.87,-384.17
TR004468,2024-10-15,COAL,T08,Long,1097,100.89,110672.24,3747.84
TR004469,2024-10-15,CO2,T08,Long,149,60.59,9028.13,38.7
TR004470,2024-10-15,COAL,T06,Long,426,114.48,48766.77,-684.25
TR004471,2024-10-15,COAL,T02,Long,1816,120.1,218102.68,3811.14
TR004472,2024-10-15,PWR,T06,Short,266,90.5,24073.91,689.79
TR004473,2024-10-15,PWR,T03,Long,503,96.11,48345.54,-621.82
TR004474,2024-10-15,PWR,T05,Short,129,91.86,11849.45,41.41
TR004475,2024-10-15,CO2,T08,Long,442,62.08,27439.35,-365.59
TR004476,2024-10-15,PWR,T06,Short,151,86.38,13043.41,305.1
TR004477,2024-10-15,GAS,T01,Long,837,36.61,30646.15,-251.05
TR004478,2024-10-15,GAS,T03,Long,1412,34.46,48652.89,1272.35
TR004479,2024-10-15,CO2,T02,Long,165,71.74,11836.3,183.04
TR004480,2024-10-15,CO2,T01,Short,1856,66.56,123537.99,1695.52
TR004481,2024-10-15,GAS,T05,Long,919,37.3,34276.6,-599.67
TR004482,2024-10-15,GAS,T02,Long,617,32.85,20266.47,-144.1
TR004483,2024-10-15,COAL,T03,Long,266,112.74,29988.57,-122.32
TR004484,2024-10-15,GAS,T06,Long,613,34.42,21101.33,390.11
TR004485,2024-10-15,CO2,T01,Short,1721,65.69,113053.89,-419.81
TR004486,2024-10-16,CO2,T01,Long,306,67.67,20707.77,-537.82
TR004487,2024-10-16,CO2,T07,Short,77,67.65,5209.24,-32.82
TR004488,2024-10-16,COAL,T03,Short,150,114.82,17223.06,562.53
TR004489,2024-10-16,COAL,T02,Short,527,114.33,60250.11,-1218.57
TR004490,2024-10-16,PWR,T04,Short,1037,86.77,89983.86,-190.92
TR004491,2024-10-16,CO2,T02,Short,1027,73.3,75281.23,-2093.36
TR004492,2024-10-16,CO2,T01,Short,719,67.6,48602.88,-1525.44
TR004493,2024-10-16,COAL,T05,Long,1958,113.56,222352.31,-1838.26
TR004494,2024-10-16,GAS,T04,Short,343,34.92,11978.1,-212.67
TR004495,2024-10-16,PWR,T08,Long,1761,85.4,150387.53,1793.04
TR004496,2024-10-16,CO2,T03,Long,341,60.54,20644.53,558.23
TR004497,2024-10-16,CO2,T08,Short,514,69.36,35653.61,50.49
TR004498,2024-10-16,PWR,T03,Long,1241,87.13,108122.55,-1682.11
TR004499,2024-10-16,COAL,T01,Short,1430,115.5,165163.73,-3925.38
TR004500,2024-10-16,COAL,T03,Long,216,120.11,25943.5,69.44
TR004501,2024-10-16,COAL,T07,Short,321,110.18,35366.85,785.3
TR004502,2024-10-16,CO2,T03,Short,314,69.61,21855.99,-282.84
TR004503,2024-10-16,COAL,T07,Short,1847,107.52,198584.49,557.31
TR004504,2024-10-16,PWR,T03,Short,1137,94.97,107978.44,13.67
TR004505,2024-10-16,PWR,T07,Long,322,92.02,29628.84,-80.4
TR004506,2024-10-16,GAS,T05,Long,744,33.84,25178.59,-261.6
TR004507,2024-10-16,PWR,T01,Short,1951,87.53,170770.71,333.64
TR004508,2024-10-16,COAL,T06,Short,1719,112.61,193568.12,3927.76
TR004509,2024-10-16,PWR,T02,Short,773,76.92,59461.3,1121.19
TR004510,2024-10-16,PWR,T07,Long,179,84.28,15086.02,-149.62
TR004511,2024-10-16,GAS,T07,Long,1568,35.81,56151.97,-754.18
TR004512,2024-10-16,PWR,T02,Short,1309,68.29,89385.75,-1666.16
TR004513,2024-10-16,PWR,T08,Long,1345,92.07,123831.24,1870.84
TR004514,2024-10-16,CO2,T03,Long,207,66.67,13800.14,-120.09
TR004515,2024-10-17,GAS,T03,Short,1114,35.06,39052.11,798.38
TR004516,2024-10-17,CO2,T03,Long,890,67.89,60421.1,-349.31
TR004517,2024-10-17,COAL,T04,Short,920,111.98,103026.11,383.56
TR004518,2024-10-17,COAL,T04,Long,1129,104.11,117538.56,-819.42
TR004519,2024-10-17,COAL,T01,Long,1537,107.85,165759.41,3249.6
TR004520,2024-10-17,PWR,T08,Long,1351,92.58,125074.11,-885.14
TR004521,2024-10-17,CO2,T03,Short,1894,65.52,124090.22,-168.41
TR004522,2024-10-17,PWR,T04,Long,490,76.44,37457.26,-124.76
TR004523,2024-10-17,GAS,T05,Long,1991,35.73,71143.82,-723.55
TR004524,2024-10-17,CO2,T06,Long,200,69.42,13884.1,196.67
TR004525,2024-10-17,CO2,T05,Long,1530,65.23,99805.86,2111.4
TR004526,2024-10-17,PWR,T04,Long,528,80.74,42632.7,351.12
TR004527,2024-10-17,CO2,T04,Long,1903,66.85,127207.06,986.14
TR004528,2024-10-17,COAL,T07,Long,599,117.87,70605.66,1204.52
TR004529,2024-10-17,CO2,T01,Short,881,67.5,59467.03,-175.54
TR004530,2024-10-18,CO2,T08,Long,1901,64.48,122575.31,-1209.33
TR004531,2024-10-18,CO2,T07,Long,1918,68.13,130670.09,3030.3
TR004532,2024-10-18,PWR,T08,Short,1308,94.92,124157.27,602.73
TR004533,2024-10-18,CO2,T03,Short,1894,65.42,123899.67,-599.72
TR004534,2024-10-18,CO2,T05,Short,76,69.38,5272.76,-117.83
TR004535,2024-10-18,CO2,T06,Short,954,63.55,60630.42,1370.39
TR004536,2024-10-18,CO2,T02,Short,1395,61.51,85802.94,-1600.45
TR004537,2024-10-18,PWR,T08,Short,1922,80.54,154806.97,-1805.52
TR004538,2024-10-18,GAS,T05,Short,991,35.58,35264.58,-0.02
TR004539,2024-10-18,COAL,T02,Long,444,113.51,50400.34,512.32
TR004540,2024-10-18,COAL,T02,Long,1956,115.75,226406.72,7589.16
TR004541,2024-10-18,COAL,T03,Long,1898,114.03,216422.59,-2031.37
TR004542,2024-10-18,COAL,T05,Long,1300,112.3,145992.75,-2997.61
TR004543,2024-10-18,CO2,T03,Long,1978,64.3,127177.1,310.32
TR004544,2024-10-18,COAL,T03,Short,333,107.94,35943.71,-974.7
TR004545,2024-10-18,GAS,T01,Long,1670,34.09,56931.25,-2379.28
TR004546,2024-10-18,COAL,T01,Short,1928,116.16,223961.21,-24.82
TR004547,2024-10-18,COAL,T07,Short,217,105.23,22834.69,304.91
TR004548,2024-10-18,GAS,T03,Short,1444,32.28,46610.92,-77.17
TR004549,2024-10-18,COAL,T08,Long,1954,108.27,211554.85,-2853.37
TR004550,2024-10-18,COAL,T04,Long,1076,112.72,121284.68,-1784.57
TR004551,2024-10-18,PWR,T04,Long,1176,87.34,102708.79,-1030.14
TR004552,2024-10-18,GAS,T06,Short,96,33.84,3248.55,6.1
TR004553,2024-10-18,GAS,T01,Short,1837,33.13,60857.54,363.62
TR004554,2024-10-18,COAL,T03,Long,1170,108.99,127516.0,721.69
TR004555,2024-10-18,COAL,T08,Long,1192,119.85,142860.74,-624.7
TR004556,2024-10-18,GAS,T02,Short,1421,34.86,49533.42,162.62
TR004557,2024-10-18,CO2,T03,Short,272,69.84,18996.21,-414.63
TR004558,2024-10-21,GAS,T03,Short,886,31.82,28190.53,654.41
TR004559,2024-10-21,PWR,T04,Short,1916,83.97,160894.21,1555.62
TR004560,2024-10-21,COAL,T03,Long,264,110.08,29061.41,-474.0
TR004561,2024-10-21,CO2,T03,Long,1632,69.92,114111.04,193.59
TR004562,2024-10-21,GAS,T08,Short,1703,33.85,57651.68,-289.1
TR004563,2024-10-21,PWR,T07,Long,653,93.08,60779.48,-106.76
TR004564,2024-10-21,GAS,T05,Short,1888,35.16,66374.49,403.83
TR004565,2024-10-21,PWR,T01,Long,453,86.5,39183.2,-732.1
TR004566,2024-10-21,GAS,T06,Long,339,35.06,11886.31,80.52
TR004567,2024-10-21,GAS,T01,Short,1156,32.52,37588.71,-51.42
TR004568,2024-10-21,PWR,T04,Long,668,88.78,59302.16,1310.45
TR004569,2024-10-21,COAL,T06,Long,388,114.62,44470.91,78.45
TR004570,2024-10-21,COAL,T02,Short,129,112.75,14544.7,70.08
TR004571,2024-10-21,GAS,T08,Short,1996,33.44,66755.19,-307.58
TR004572,2024-10-21,PWR,T01,Short,1817,83.13,151038.92,-185.94
TR004573,2024-10-21,GAS,T02,Short,1938,35.89,69550.85,-853.12
TR004574,2024-10-21,GAS,T04,Short,1590,33.45,53183.26,-1259.22
TR004575,2024-10-21,GAS,T04,Long,82,35.31,2895.12,10.25
TR004576,2024-10-21,CO2,T03,Long,953,69.44,66173.85,428.22
TR004577,2024-10-21,PWR,T03,Long,356,76.93,27386.62,-574.76
TR004578,2024-10-21,COAL,T02,Long,1634,120.93,197601.81,-5554.71
TR004579,2024-10-21,GAS,T03,Long,869,35.99,31276.76,-504.3
TR004580,2024-10-21,PWR,T02,Long,677,90.64,61362.14,147.38
TR004581,2024-10-21,PWR,T02,Long,455,86.8,39493.78,577.97
TR004582,2024-10-22,PWR,T05,Short,987,105.82,104443.14,-574.46
TR004583,2024-10-22,PWR,T07,Long,1103,70.47,77732.01,-176.87
TR004584,2024-10-22,COAL,T05,Long,1696,109.2,185197.94,299.38
TR004585,2024-10-22,COAL,T01,Short,1627,112.12,182427.16,-5498.92
TR004586,2024-10-22,PWR,T04,Short,77,85.85,6610.62,189.73
TR004587,2024-10-22,COAL,T03,Short,1484,123.03,182576.1,-109.02
TR004588,2024-10-22,CO2,T08,Long,1930,75.83,146353.97,2912.68
TR004589,2024-10-22,PWR,T06,Short,1559,92.88,144803.02,1911.33
TR004590,2024-10-22,PWR,T05,Short,1532,91.1,139567.58,1887.59
TR004591,2024-10-22,CO2,T04,Short,1637,72.66,118943.2,2806.36
TR004592,2024-10-22,PWR,T02,Short,759,84.25,63949.54,-2517.66
TR004593,2024-10-22,CO2,T03,Short,1852,71.84,133056.57,629.32
TR004594,2024-10-22,GAS,T02,Long,1267,32.04,40590.46,-50.47
TR004595,2024-10-22,PWR,T07,Short,580,89.35,51825.25,-180.36
TR004596,2024-10-22,GAS,T08,Short,1578,35.05,55302.62,129.15
TR004597,2024-10-22,CO2,T04,Short,104,67.08,6976.33,80.62
TR004598,2024-10-22,COAL,T05,Short,97,114.7,11125.62,105.01
TR004599,2024-10-22,PWR,T08,Short,418,89.17,37272.74,450.49
TR004600,2024-10-22,COAL,T07,Long,161,106.69,17176.6,326.25
TR004601,2024-10-22,GAS,T08,Short,1396,35.41,49426.19,-477.35
TR004602,2024-10-23,COAL,T02,Long,418,111.68,46681.77,-727.97
TR004603,2024-10-23,CO2,T05,Long,1453,68.51,99538.02,-157.93
TR004604,2024-10-23,COAL,T02,Short,336,112.69,37865.07,174.95
TR004605,2024-10-23,COAL,T03,Long,809,116.32,94102.02,-358.76
TR004606,2024-10-23,COAL,T03,Long,1092,113.64,124097.9,-2533.43
TR004607,2024-10-23,PWR,T04,Long,446,93.36,41639.84,183.51
TR004608,2024-10-23,PWR,T01,Short,818,81.52,66684.12,384.5
TR004609,2024-10-23,COAL,T07,Long,818,112.4,91939.11,1596.9
TR004610,2024-10-23,COAL,T08,Short,1980,112.69,223130.2,-44.28
TR004611,2024-10-23,GAS,T04,Long,682,32.75,22338.21,732.74
TR004612,2024-10-23,GAS,T05,Long,168,35.42,5950.63,246.3
TR004613,2024-10-23,CO2,T01,Long,841,65.39,54995.52,70.95
TR004614,2024-10-23,CO2,T05,Long,1072,69.1,74076.63,-1886.54
TR004615,2024-10-23,COAL,T08,Long,1751,111.23,194770.4,-5559.99
TR004616,2024-10-23,PWR,T02,Short,1280,84.53,108197.6,150.0
TR004617,2024-10-23,PWR,T01,Long,267,85.96,22952.38,-253.37
TR004618,2024-10-23,PWR,T02,Long,849,92.86,78834.5,-557.21
TR004619,2024-10-24,COAL,T05,Long,275,105.7,29068.57,231.85
TR004620,2024-10-24,GAS,T07,Long,1118,33.17,37084.28,86.72
TR004621,2024-10-24,COAL,T04,Short,1160,110.59,128284.84,-1511.26
TR004622,2024-10-24,PWR,T04,Short,1881,88.71,166862.5,-1969.17
TR004623,2024-10-24,CO2,T08,Long,1666,63.06,105066.22,-1528.75
TR004624,2024-10-24,GAS,T02,Short,1251,34.14,42710.71,960.21
TR004625,2024-10-24,GAS,T05,Long,1468,36.36,53373.9,-566.2
TR004626,2024-10-24,GAS,T06,Short,324,32.88,10653.24,-27.59
TR004627,2024-10-24,PWR,T07,Short,537,82.15,44112.39,-208.67
TR004628,2024-10-24,COAL,T08,Long,806,112.8,90919.77,-2030.91
TR004629,2024-10-24,COAL,T03,Long,1596,115.5,184345.34,1533.67
TR004630,2024-10-24,PWR,T08,Long,969,87.07,84367.35,-2751.65
TR004631,2024-10-24,GAS,T05,Short,164,36.49,5984.24,70.54
TR004632,2024-10-24,GAS,T07,Long,1098,37.57,41249.27,-481.26
TR004633,2024-10-24,CO2,T02,Short,1648,60.13,99101.95,-3062.57
TR004634,2024-10-24,COAL,T06,Long,1835,114.57,210228.33,4835.2
TR004635,2024-10-24,GAS,T01,Short,621,34.7,21545.85,564.57
TR004636,2024-10-25,CO2,T08,Long,902,67.79,61144.81,-1142.85
TR004637,2024-10-25,GAS,T08,Long,1763,30.55,53855.22,-277.81
TR004638,2024-10-25,CO2,T05,Long,1191,63.83,76023.15,-1218.66
TR004639,2024-10-25,PWR,T04,Short,1784,101.5,181067.89,-3064.51
TR004640,2024-10-25,GAS,T08,Short,1563,35.82,55991.55,749.06
TR004641,2024-10-25,COAL,T08,Short,86,114.48,9845.37,44.3
TR004642,2024-10-25,CO2,T05,Short,1048,69.49,72822.73,-987.11
TR004643,2024-10-25,COAL,T01,Long,788,120.6,95030.23,-1307.95
TR004644,2024-10-25,PWR,T02,Short,138,82.6,11398.76,76.99
TR004645,2024-10-25,COAL,T08,Short,603,109.29,65904.74,950.89
TR004646,2024-10-25,GAS,T01,Long,1969,35.93,70741.52,-347.25
TR004647,2024-10-25,PWR,T05,Long,55,87.44,4808.95,51.25
TR004648,2024-10-25,PWR,T07,Short,259,80.89,20950.98,-26.87
TR004649,2024-10-25,PWR,T07,Long,1429,90.26,128977.7,-2221.04
TR004650,2024-10-25,CO2,T04,Short,1580,69.88,110415.91,917.83
TR004651,2024-10-25,GAS,T08,Long,1920,34.14,65554.39,-1012.05
TR004652,2024-10-25,GAS,T07,Long,1961,35.73,70057.29,1093.39
TR004653,2024-10-25,COAL,T01,Long,689,117.0,80611.8,-1495.04
TR004654,2024-10-25,GAS,T05,Long,186,36.88,6859.01,-41.46
TR004655,2024-10-25,COAL,T02,Short,1588,110.25,175074.6,516.81
TR004656,2024-10-25,PWR,T06,Long,1507,89.13,134323.89,-56.78
TR004657,2024-10-25,CO2,T07,Short,1393,68.78,95805.48,421.07
TR004658,2024-10-28,COAL,T03,Short,1214,108.23,131394.67,-5435.26
TR004659,2024-10-28,CO2,T02,Short,747,68.68,51304.25,-183.73
TR004660,2024-10-28,PWR,T05,Short,1207,92.31,111419.4,-919.56
TR004661,2024-10-28,GAS,T04,Long,200,33.77,6753.11,80.14
TR004662,2024-10-28,CO2,T03,Short,1108,67.93,75269.8,-1932.86
TR004663,2024-10-28,COAL,T01,Short,1953,107.71,210359.04,-1669.23
TR004664,2024-10-28,CO2,T05,Long,759,64.52,48971.57,-1065.93
TR004665,2024-10-28,GAS,T02,Long,1691,39.46,66727.91,442.31
TR004666,2024-10-28,COAL,T04,Short,1865,111.3,207579.21,3523.07
TR004667,2024-10-28,COAL,T08,Short,437,103.73,45331.23,980.17
TR004668,2024-10-28,CO2,T03,Short,1554,67.79,105346.23,-1556.79
TR004669,2024-10-28,CO2,T08,Short,1525,71.84,109562.69,2571.61
TR004670,2024-10-28,CO2,T01,Long,1277,65.66,83847.11,786.4
TR004671,2024-10-28,GAS,T06,Short,1413,33.82,47793.23,-207.34
TR004672,2024-10-28,COAL,T06,Short,1630,118.43,193047.85,-2586.59
TR004673,2024-10-28,GAS,T03,Short,1961,33.93,66537.46,756.36
TR004674,2024-10-28,CO2,T07,Long,436,72.97,31815.07,248.36
TR004675,2024-10-28,CO2,T02,Long,1238,63.85,79051.91,-95.86
TR004676,2024-10-29,CO2,T02,Long,397,65.52,26011.12,307.37
TR004677,2024-10-29,CO2,T04,Long,261,72.03,18798.68,-77.92
TR004678,2024-10-29,CO2,T05,Long,812,68.06,55260.93,-496.09
TR004679,2024-10-29,GAS,T07,Long,1829,34.38,62878.55,883.23
TR004680,2024-10-29,GAS,T07,Long,840,36.2,30412.19,-529.97
TR004681,2024-10-29,COAL,T01,Short,642,111.63,71669.49,1167.06
TR004682,2024-10-29,PWR,T07,Long,581,87.17,50643.48,-1639.52
TR004683,2024-10-29,PWR,T02,Long,1368,86.78,118721.24,1224.22
TR004684,2024-10-29,PWR,T06,Short,1615,80.15,129445.27,494.08
TR004685,2024-10-29,PWR,T03,Short,767,82.26,63091.18,676.74
TR004686,2024-10-29,PWR,T05,Long,215,94.22,20257.28,203.93
TR004687,2024-10-29,COAL,T01,Long,1745,115.58,201680.23,2049.84
TR004688,2024-10-29,PWR,T05,Short,809,77.81,62944.48,-565.35
TR004689,2024-10-29,CO2,T03,Short,1586,68.74,109029.05,1158.16
TR004690,2024-10-29,PWR,T03,Short,853,88.97,75889.47,-329.32
TR004691,2024-10-29,GAS,T06,Short,1977,36.67,72489.37,-2606.92
TR004692,2024-10-29,PWR,T01,Short,171,78.9,13491.87,267.89
TR004693,2024-10-29,PWR,T03,Long,1881,96.59,181680.48,123.38
TR004694,2024-10-29,PWR,T02,Long,1930,99.64,192303.58,4113.76
TR004695,2024-10-29,GAS,T01,Short,1002,38.51,38591.63,505.96
TR004696,2024-10-29,GAS,T02,Short,380,35.31,13416.37,-6.63
TR004697,2024-10-29,PWR,T06,Short,1088,93.56,101793.55,1745.62
TR004698,2024-10-29,CO2,T02,Short,609,60.82,37039.81,637.27
TR004699,2024-10-29,CO2,T08,Long,1480,70.01,103616.48,-2845.47
TR004700,2024-10-30,GAS,T01,Short,1326,33.85,44883.36,1237.65
TR004701,2024-10-30,PWR,T05,Long,1211,89.3,108140.43,-1086.01
TR004702,2024-10-30,GAS,T07,Short,1679,36.59,61432.03,1013.15
TR004703,2024-10-30,GAS,T06,Long,555,35.03,19442.69,66.74
TR004704,2024-10-30,COAL,T06,Short,1208,113.99,137700.75,2684.52
TR004705,2024-10-30,GAS,T08,Long,391,33.5,13098.32,128.13
TR004706,2024-10-30,COAL,T02,Short,1811,109.96,199143.18,-2252.52
TR004707,2024-10-30,PWR,T02,Long,1840,86.72,159565.44,-3151.47
TR004708,2024-10-30,PWR,T07,Short,394,86.46,34066.35,-378.97
TR004709,2024-10-30,PWR,T02,Long,255,86.17,21973.02,65.85
TR004710,2024-10-30,PWR,T05,Short,752,102.24,76885.04,1843.3
TR004711,2024-10-30,PWR,T01,Long,800,88.26,70605.97,990.7
TR004712,2024-10-30,GAS,T06,Long,556,36.05,20045.6,111.02
TR004713,2024-10-30,COAL,T02,Long,859,109.56,94108.33,307.61
TR004714,2024-10-30,PWR,T04,Long,71,83.75,5946.48,17.76
TR004715,2024-10-30,PWR,T03,Long,421,94.86,39936.79,-818.23
TR004716,2024-10-30,PWR,T07,Short,1601,89.02,142516.08,-1181.14
TR004717,2024-10-30,GAS,T06,Short,983,32.11,31559.37,6.05
TR004718,2024-10-30,PWR,T04,Long,240,91.45,21948.14,-112.24
TR004719,2024-10-30,PWR,T01,Long,166,100.93,16754.45,221.2
TR004720,2024-10-30,CO2,T03,Long,1648,70.77,116626.11,390.35
TR004721,2024-10-30,GAS,T04,Long,115,38.35,4410.53,5.09
TR004722,2024-10-30,PWR,T07,Long,1255,95.19,119459.41,-3168.8
TR004723,2024-10-30,CO2,T04,Short,606,74.04,44870.86,-780.42
TR004724,2024-10-30,COAL,T05,Short,421,117.82,49601.17,245.24
TR004725,2024-10-30,CO2,T03,Long,1146,81.49,93384.29,-2520.84
TR004726,2024-10-30,GAS,T04,Long,448,35.23,15783.93,198.8
TR004727,2024-10-30,GAS,T04,Short,773,35.09,27126.07,692.26
TR004728,2024-10-31,CO2,T06,Short,535,61.35,32824.39,97.19
TR004729,2024-10-31,GAS,T07,Short,1007,37.97,38235.34,101.5
TR004730,2024-10-31,GAS,T03,Long,1157,36.81,42588.6,-337.18
TR004731,2024-10-31,GAS,T04,Short,1073,33.14,35557.4,-490.45
TR004732,2024-10-31,CO2,T03,Long,1362,68.15,92822.49,1496.44
TR004733,2024-10-31,COAL,T02,Short,1289,111.48,143697.4,890.09
TR004734,2024-10-31,CO2,T06,Long,1133,60.79,68869.76,-242.5
TR004735,2024-10-31,CO2,T04,Long,1867,70.36,131359.33,2070.69
TR004736,2024-10-31,GAS,T02,Short,986,34.74,34252.85,613.29
TR004737,2024-10-31,CO2,T06,Long,1467,65.88,96640.93,-335.52
TR004738,2024-10-31,GAS,T03,Long,844,35.19,29697.65,-877.95
TR004739,2024-10-31,CO2,T03,Short,682,72.75,49616.97,-347.81
TR004740,2024-10-31,PWR,T08,Long,1534,87.87,134787.03,-201.42
TR004741,2024-10-31,COAL,T01,Long,882,109.87,96907.45,2382.78
TR004742,2024-10-31,CO2,T07,Short,1061,67.76,71892.75,-46.75
TR004743,2024-10-31,GAS,T02,Short,1575,35.74,56292.63,-288.71
TR004744,2024-10-31,COAL,T01,Long,685,112.98,77393.73,704.85
TR004745,2024-10-31,PWR,T08,Short,1921,92.57,177832.18,-3442.84
TR004746,2024-10-31,COAL,T02,Short,1971,115.68,228011.49,4165.06
TR004747,2024-10-31,COAL,T01,Short,551,109.46,60315.07,1640.08
TR004748,2024-10-31,PWR,T07,Short,846,86.82,73449.7,169.66
TR004749,2024-10-31,COAL,T05,Short,1003,115.61,115954.82,380.81
TR004750,2024-10-31,COAL,T03,Long,1357,115.23,156362.31,-1537.63
TR004751,2024-10-31,COAL,T02,Long,1596,109.64,174990.73,-3492.39
TR004752,2024-10-31,PWR,T01,Long,366,80.96,29631.91,-53.75
TR004753,2024-10-31,CO2,T03,Short,1995,66.83,133329.92,-1434.22
TR004754,2024-10-31,CO2,T07,Long,1431,71.69,102592.08,-2727.99
TR004755,2024-11-01,GAS,T07,Long,573,35.85,20539.28,362.84
TR004756,2024-11-01,GAS,T06,Long,736,34.4,25319.38,196.3
TR004757,2024-11-01,PWR,T02,Short,1731,102.67,177715.66,612.95
TR004758,2024-11-01,CO2,T02,Long,1761,64.5,113584.96,1529.69
TR004759,2024-11-01,PWR,T05,Long,1650,89.25,147261.55,2162.79
TR004760,2024-11-01,COAL,T06,Short,1941,122.46,237697.58,2805.42
TR004761,2024-11-01,GAS,T02,Long,1270,38.27,48608.62,834.08
TR004762,2024-11-01,COAL,T06,Short,1462,119.16,174210.87,3679.57
TR004763,2024-11-01,COAL,T03,Long,1594,113.31,180616.59,6744.98
TR004764,2024-11-01,CO2,T01,Short,457,60.18,27500.73,699.72
TR004765,2024-11-01,COAL,T01,Long,1896,109.78,208133.74,1831.65
TR004766,2024-11-01,PWR,T01,Short,1118,98.07,109645.53,-1957.58
TR004767,2024-11-01,PWR,T06,Long,1928,80.14,154511.27,2567.61
TR004768,2024-11-01,COAL,T05,Long,455,112.09,50999.44,278.9
TR004769,2024-11-01,COAL,T07,Long,920,111.86,102906.86,-3208.17
TR004770,2024-11-01,CO2,T06,Long,657,66.03,43384.81,-451.9
TR004771,2024-11-01,COAL,T02,Long,1078,117.76,126946.15,1548.26
TR004772,2024-11-01,CO2,T06,Short,635,64.63,41041.73,273.61
TR004773,2024-11-04,CO2,T05,Short,1036,64.89,67224.56,203.49
TR004774,2024-11-04,CO2,T05,Long,1700,80.51,136865.71,-3899.95
TR004775,2024-11-04,GAS,T02,Short,1304,33.96,44286.37,409.13
TR004776,2024-11-04,PWR,T08,Long,1766,85.56,151093.49,1587.5
TR004777,2024-11-04,PWR,T03,Long,1576,87.14,137332.16,2042.71
TR004778,2024-11-04,COAL,T08,Long,1324,109.77,145331.31,-1231.53
TR004779,2024-11-04,COAL,T02,Short,1438,112.04,161113.06,-58.08
TR004780,2024-11-04,GAS,T04,Long,1977,34.0,67211.86,-189.26
TR004781,2024-11-04,COAL,T07,Long,1178,114.21,134535.32,3357.78
TR004782,2024-11-04,GAS,T08,Short,1217,33.14,40328.63,-506.91
TR004783,2024-11-04,COAL,T03,Short,702,117.06,82178.78,-2482.86
TR004784,2024-11-04,PWR,T01,Short,1802,83.29,150090.83,283.92
TR004785,2024-11-04,CO2,T08,Short,662,66.5,44023.89,545.19
TR004786,2024-11-04,COAL,T08,Short,1566,107.73,168710.85,-2905.92
TR004787,2024-11-04,CO2,T02,Short,1093,67.56,73842.83,1702.5
TR004788,2024-11-04,CO2,T07,Long,722,74.0,53425.76,-529.45
TR004789,2024-11-04,CO2,T05,Short,1872,72.49,135705.15,-748.01
TR004790,2024-11-05,CO2,T05,Long,501,68.89,34512.54,-222.43
TR004791,2024-11-05,GAS,T03,Short,1459,35.85,52307.59,1484.11
TR004792,2024-11-05,CO2,T07,Long,1890,66.28,125261.31,-153.07
TR004793,2024-11-05,GAS,T02,Long,1751,35.88,62832.24,1930.84
TR004794,2024-11-05,GAS,T01,Long,434,32.47,14092.34,187.26
TR004795,2024-11-05,PWR,T05,Long,1838,80.67,148272.82,636.95
TR004796,2024-11-05,PWR,T01,Long,1965,92.66,182081.03,3247.19
TR004797,2024-11-05,COAL,T08,Short,1690,113.47,191761.06,2196.37
TR004798,2024-11-05,CO2,T03,Short,1780,69.08,122962.63,-1165.22
TR004799,2024-11-05,COAL,T02,Short,1816,108.79,197562.67,-5503.91
TR004800,2024-11-05,CO2,T06,Long,1333,71.69,95556.13,1131.17
TR004801,2024-11-05,CO2,T08,Short,688,70.16,48272.07,-377.15
TR004802,2024-11-05,PWR,T06,Short,1847,88.34,163159.92,-3292.84
TR004803,2024-11-05,PWR,T02,Long,557,85.84,47811.68,-791.47
TR004804,2024-11-05,GAS,T03,Short,1309,37.52,49113.55,883.39
TR004805,2024-11-06,CO2,T01,Short,1590,68.12,108312.37,1356.26
TR004806,2024-11-06,CO2,T02,Long,886,68.0,60247.15,-796.59
TR004807,2024-11-06,CO2,T01,Short,137,63.28,8668.88,148.36
TR004808,2024-11-06,PWR,T02,Short,420,81.21,34106.2,-382.1
TR004809,2024-11-06,CO2,T01,Short,1387,75.73,105040.18,1622.44
TR004810,2024-11-06,GAS,T06,Short,286,35.68,10205.76,82.75
TR004811,2024-11-06,PWR,T01,Long,781,91.7,71615.62,-1404.08
TR004812,2024-11-06,PWR,T03,Long,1730,92.46,159963.34,-678.92
TR004813,2024-11-06,CO2,T03,Short,1969,69.69,137214.84,-1335.71
TR004814,2024-11-06,PWR,T06,Long,853,86.39,73694.3,-732.73
TR004815,2024-11-06,CO2,T06,Long,662,70.99,46992.68,-55.54
TR004816,2024-11-06,COAL,T01,Long,779,107.85,84013.33,-170.01
TR004817,2024-11-06,GAS,T05,Short,1575,34.67,54601.28,835.43
TR004818,2024-11-06,COAL,T05,Short,877,119.14,104484.06,668.29
TR004819,2024-11-06,CO2,T08,Short,728,72.29,52623.78,58.47
TR004820,2024-11-06,PWR,T02,Long,468,93.97,43979.05,1294.25
TR004821,2024-11-07,GAS,T06,Short,1731,33.96,58780.85,484.21
TR004822,2024-11-07,PWR,T02,Long,233,83.19,19384.2,-478.33
TR004823,2024-11-07,COAL,T06,Short,1770,114.02,201810.66,3166.74
TR004824,2024-11-07,CO2,T06,Long,554,68.2,37783.53,582.43
TR004825,2024-11-07,CO2,T01,Long,1136,64.63,73418.78,-2805.63
TR004826,2024-11-07,PWR,T08,Short,1711,93.49,159968.61,1723.26
TR004827,2024-11-07,CO2,T02,Long,1237,64.61,79921.66,70.61
TR004828,2024-11-07,CO2,T03,Short,1270,68.85,87440.34,-2922.88
TR004829,2024-11-07,CO2,T03,Long,482,70.27,33871.94,448.17
TR004830,2024-11-07,GAS,T05,Short,1536,33.52,51484.93,676.87
TR004831,2024-11-07,PWR,T04,Short,668,95.66,63902.62,-979.22
TR004832,2024-11-07,PWR,T07,Short,338,88.04,29755.83,376.34
TR004833,2024-11-07,GAS,T02,Short,849,33.25,28225.55,-461.85
TR004834,2024-11-07,PWR,T02,Long,132,89.44,11805.48,-280.07
TR004835,2024-11-07,PWR,T07,Short,127,99.61,12650.44,175.66
TR004836,2024-11-07,GAS,T08,Short,523,35.28,18451.63,-153.97
TR004837,2024-11-07,PWR,T02,Short,52,90.69,4715.86,95.11
TR004838,2024-11-07,CO2,T01,Short,901,69.46,62584.43,-422.6
TR004839,2024-11-07,COAL,T05,Long,1253,108.93,136490.85,-267.07
TR004840,2024-11-07,PWR,T06,Short,1423,82.62,117569.64,601.44
TR004841,2024-11-07,GAS,T06,Long,1602,31.98,51234.65,494.79
TR004842,2024-11-07,PWR,T04,Long,1348,91.06,122749.98,2001.25
TR004843,2024-11-07,GAS,T05,Short,652,32.62,21266.46,20.62
TR004844,2024-11-07,PWR,T08,Short,702,91.02,63896.45,75.3
TR004845,2024-11-07,CO2,T04,Long,546,65.79,35920.35,-336.59
TR004846,2024-11-08,GAS,T04,Short,1594,35.12,55981.16,640.56
TR004847,2024-11-08,PWR,T01,Long,1828,77.15,141028.37,-1673.71
TR004848,2024-11-08,GAS,T01,Long,895,34.86,31196.8,741.1
TR004849,2024-11-08,CO2,T01,Long,262,73.9,19362.91,341.71
TR004850,2024-11-08,PWR,T02,Short,499,102.5,51145.07,2266.54
TR004851,2024-11-08,GAS,T03,Long,1496,36.62,54789.97,639.9
TR004852,2024-11-08,CO2,T02,Long,463,68.31,31627.95,194.0
TR004853,2024-11-08,COAL,T07,Short,358,113.03,40463.99,-156.55
TR004854,2024-11-08,PWR,T06,Long,554,92.87,51448.17,561.64
TR004855,2024-11-08,COAL,T08,Long,1113,104.97,116827.81,695.72
TR004856,2024-11-08,PWR,T05,Long,1583,75.94,120217.99,-436.38
TR004857,2024-11-08,COAL,T04,Long,1965,107.48,211206.99,1412.52
TR004858,2024-11-08,COAL,T07,Long,1336,113.05,151031.23,-4754.04
TR004859,2024-11-08,GAS,T06,Long,103,36.86,3796.95,2.94
TR004860,2024-11-08,CO2,T03,Short,1513,71.39,108009.45,294.41
TR004861,2024-11-08,GAS,T05,Long,1547,35.6,55068.13,-663.38
TR004862,2024-11-08,GAS,T04,Long,1672,34.38,57491.59,6.26
TR004863,2024-11-08,PWR,T03,Long,1254,94.38,118351.98,618.06
TR004864,2024-11-08,COAL,T04,Short,229,110.63,25335.33,320.17
TR004865,2024-11-08,GAS,T03,Long,1024,33.73,34544.49,-227.68
TR004866,2024-11-08,GAS,T08,Long,1378,34.38,47379.58,-285.31
TR004867,2024-11-08,GAS,T05,Short,59,34.83,2055.1,6.76
TR004868,2024-11-08,PWR,T07,Long,389,83.59,32517.69,53.39
TR004869,2024-11-08,PWR,T03,Long,1828,94.35,172473.94,-12.56
TR004870,2024-11-08,PWR,T08,Short,293,89.07,26097.55,-282.82
TR004871,2024-11-08,PWR,T02,Long,1265,92.61,117157.63,-1271.64
TR004872,2024-11-08,GAS,T03,Long,897,36.79,33000.75,-894.25
TR004873,2024-11-08,COAL,T07,Short,362,118.81,43010.51,-631.2
TR004874,2024-11-08,COAL,T07,Short,318,111.15,35347.23,-4.4
TR004875,2024-11-11,COAL,T01,Short,143,115.74,16550.85,191.06
TR004876,2024-11-11,COAL,T08,Long,252,111.55,28110.37,-313.4
TR004877,2024-11-11,COAL,T05,Short,674,115.91,78122.9,-543.23
TR004878,2024-11-11,GAS,T02,Long,70,35.91,2513.51,-10.41
TR004879,2024-11-11,COAL,T06,Long,1388,113.68,157791.15,1874.21
TR004880,2024-11-11,CO2,T01,Short,1473,70.34,103606.87,558.99
TR004881,2024-11-11,GAS,T08,Long,355,32.54,11552.07,-142.09
TR004882,2024-11-11,GAS,T04,Short,720,35.09,25268.16,-156.33
TR004883,2024-11-11,PWR,T03,Short,63,93.6,5896.73,-55.01
TR004884,2024-11-11,COAL,T07,Short,1022,116.21,118761.69,379.96
TR004885,2024-11-11,COAL,T02,Long,1501,108.15,162339.55,-304.49
TR004886,2024-11-11,CO2,T05,Long,202,67.36,13605.92,80.2
TR004887,2024-11-11,CO2,T02,Long,925,64.57,59724.45,-1576.22
TR004888,2024-11-11,GAS,T07,Long,123,34.59,4253.98,53.94
TR004889,2024-11-11,CO2,T03,Short,1957,68.74,134528.5,-3332.23
TR004890,2024-11-11,COAL,T07,Short,129,113.82,14682.35,-228.47
TR004891,2024-11-11,CO2,T03,Short,70,71.99,5039.42,-33.29
TR004892,2024-11-11,COAL,T07,Long,1318,111.89,147472.6,1767.28
TR004893,2024-11-11,CO2,T05,Short,594,68.86,40905.61,-721.82
TR004894,2024-11-11,PWR,T06,Short,1998,84.57,168973.08,-1127.66
TR004895,2024-11-11,COAL,T06,Long,1388,112.91,156720.16,902.06
TR004896,2024-11-11,GAS,T01,Short,1957,34.07,66669.51,323.29
TR004897,2024-11-11,CO2,T06,Long,1793,60.23,107997.65,1041.19
TR004898,2024-11-11,GAS,T04,Long,1176,36.66,43116.21,-318.24
TR004899,2024-11-11,GAS,T05,Long,1919,34.46,66124.41,-713.37
TR004900,2024-11-11,PWR,T05,Long,638,86.3,55061.7,-876.45
TR004901,2024-11-11,CO2,T07,Long,1802,69.05,124436.82,-1455.32
TR004902,2024-11-11,CO2,T03,Long,1343,69.84,93795.71,-1560.77
TR004903,2024-11-12,PWR,T01,Long,298,97.58,29077.65,-43.27
TR004904,2024-11-12,COAL,T04,Long,1930,110.48,213223.28,-789.56
TR004905,2024-11-12,CO2,T01,Long,584,69.7,40706.1,97.24
TR004906,2024-11-12,CO2,T06,Short,1849,66.53,123020.6,-372.11
TR004907,2024-11-12,PWR,T04,Short,463,89.56,41465.87,-398.84
TR004908,2024-11-12,PWR,T02,Long,1647,88.69,146066.2,-1299.07
TR004909,2024-11-12,GAS,T03,Long,160,36.37,5819.68,-38.92
TR004910,2024-11-12,PWR,T02,Short,310,80.86,25065.33,-67.63
TR004911,2024-11-12,CO2,T06,Long,1171,66.69,78090.7,-2870.38
TR004912,2024-11-12,COAL,T05,Short,1323,114.51,151497.06,207.28
TR004913,2024-11-12,PWR,T05,Short,1195,84.96,101522.73,-437.24
TR004914,2024-11-12,PWR,T01,Short,968,87.11,84321.9,1547.6
TR004915,2024-11-12,CO2,T01,Long,1423,63.57,90453.26,-27.0
TR004916,2024-11-12,GAS,T07,Long,118,34.15,4029.46,-5.82
TR004917,2024-11-12,GAS,T07,Long,1701,35.55,60466.69,296.23
TR004918,2024-11-12,CO2,T01,Long,1591,63.97,101771.09,78.97
TR004919,2024-11-12,PWR,T01,Long,1680,106.13,178297.58,3491.6
TR004920,2024-11-12,COAL,T08,Long,1215,109.32,132827.69,-506.83
TR004921,2024-11-12,COAL,T08,Short,553,116.03,64162.13,2396.01
TR004922,2024-11-12,CO2,T04,Short,615,73.04,44920.53,-461.45
TR004923,2024-11-12,GAS,T08,Long,1212,36.64,44408.18,-106.95
TR004924,2024-11-12,COAL,T05,Short,439,104.05,45675.76,-40.52
TR004925,2024-11-12,CO2,T06,Long,1238,65.43,81000.14,1397.95
TR004926,2024-11-12,PWR,T07,Long,169,96.75,16351.3,-132.59
TR004927,2024-11-12,GAS,T03,Long,1752,36.22,63455.24,-251.35
TR004928,2024-11-12,PWR,T01,Long,937,82.69,77476.85,-121.91
TR004929,2024-11-12,GAS,T06,Long,1665,41.14,68493.36,-1373.71
TR004930,2024-11-12,COAL,T04,Short,395,114.01,45032.98,-739.08
TR004931,2024-11-13,PWR,T04,Long,349,80.64,28142.16,-772.31
TR004932,2024-11-13,COAL,T06,Long,1937,113.64,220121.96,-720.59
TR004933,2024-11-13,COAL,T02,Short,365,119.97,43789.93,714.55
TR004934,2024-11-13,CO2,T05,Long,94,66.68,6267.75,144.27
TR004935,2024-11-13,CO2,T01,Long,1587,74.69,118527.38,618.0
TR004936,2024-11-13,COAL,T01,Long,1159,107.98,125146.43,-1128.36
TR004937,2024-11-13,GAS,T05,Short,758,32.96,24984.5,256.59
TR004938,2024-11-13,COAL,T06,Short,628,113.49,71273.67,68.29
TR004939,2024-11-13,CO2,T06,Long,886,72.3,64059.27,138.73
TR004940,2024-11-13,GAS,T02,Short,1806,36.16,65308.01,-611.74
TR004941,2024-11-13,GAS,T02,Short,1067,36.38,38815.96,255.85
TR004942,2024-11-13,CO2,T07,Short,1463,66.84,97784.89,-413.38
TR004943,2024-11-13,COAL,T02,Long,152,116.38,17689.6,215.86
TR004944,2024-11-13,CO2,T02,Long,1236,72.23,89280.01,-317.55
TR004945,2024-11-13,GAS,T06,Short,1346,35.89,48309.81,-741.65
TR004946,2024-11-13,PWR,T01,Long,1025,97.69,100134.75,-2225.41
TR004947,2024-11-13,CO2,T06,Long,1114,67.87,75608.4,-240.77
TR004948,2024-11-13,CO2,T03,Long,1608,68.8,110633.88,641.6
TR004949,2024-11-13,GAS,T06,Long,193,35.37,6826.48,-11.3
TR004950,2024-11-14,CO2,T07,Long,1799,67.03,120589.12,-1174.44
TR004951,2024-11-14,GAS,T07,Long,1129,35.12,39651.17,-277.93
TR004952,2024-11-14,PWR,T05,Short,393,90.02,35379.47,-164.58
TR004953,2024-11-14,PWR,T02,Long,467,91.55,42754.09,-243.11
TR004954,2024-11-14,COAL,T07,Long,1888,111.12,209797.78,3342.27
TR004955,2024-11-14,COAL,T04,Short,1676,107.81,180690.67,280.0
TR004956,2024-11-14,COAL,T03,Long,1287,111.01,142863.78,1823.24
TR004957,2024-11-14,GAS,T08,Short,988,36.05,35619.1,281.86
TR004958,2024-11-14,PWR,T01,Long,104,86.03,8946.81,-64.61
TR004959,2024-11-14,PWR,T08,Short,1594,92.07,146755.78,23.44
TR004960,2024-11-14,COAL,T03,Short,1361,106.1,144399.05,-1533.65
TR004961,2024-11-14,PWR,T07,Long,1700,95.47,162302.19,1987.25
TR004962,2024-11-14,GAS,T05,Long,828,34.74,28766.53,530.41
TR004963,2024-11-14,PWR,T05,Short,178,83.56,14874.3,-284.67
TR004964,2024-11-14,CO2,T05,Long,901,63.47,57189.36,-892.82
TR004965,2024-11-14,PWR,T07,Long,1414,89.68,126801.31,624.0
TR004966,2024-11-14,GAS,T05,Long,1108,35.07,38858.99,1570.23
TR004967,2024-11-14,GAS,T06,Long,1137,34.03,38696.93,24.73
TR004968,2024-11-14,CO2,T03,Short,137,65.33,8949.56,-66.65
TR004969,2024-11-14,COAL,T07,Short,909,111.2,101083.47,-232.32
TR004970,2024-11-14,GAS,T01,Long,1212,35.75,43330.07,501.67
TR004971,2024-11-15,GAS,T01,Short,85,34.61,2942.27,20.31
TR004972,2024-11-15,GAS,T06,Short,225,32.14,7231.34,73.64
TR004973,2024-11-15,COAL,T05,Long,477,111.72,53291.93,-977.57
TR004974,2024-11-15,PWR,T01,Short,445,84.35,37537.88,-411.3
TR004975,2024-11-15,CO2,T06,Short,1974,68.71,135624.88,-1272.08
TR004976,2024-11-15,PWR,T01,Short,666,94.49,62930.71,-1099.32
TR004977,2024-11-15,GAS,T03,Short,1716,35.26,60497.96,365.3
TR004978,2024-11-15,COAL,T05,Short,1059,110.08,116574.09,-2194.75
TR004979,2024-11-15,GAS,T03,Long,967,33.97,32847.51,-25.17
TR004980,2024-11-15,COAL,T03,Short,378,116.56,44060.81,-285.54
TR004981,2024-11-15,PWR,T08,Short,644,93.27,60067.83,-320.71
TR004982,2024-11-15,PWR,T07,Short,1483,88.91,131853.96,2031.67
TR004983,2024-11-15,CO2,T07,Long,1338,66.69,89227.9,-113.26
TR004984,2024-11-15,PWR,T03,Long,1652,88.15,145629.13,-2716.63
TR004985,2024-11-15,PWR,T07,Long,1597,87.79,140200.59,3923.38
TR004986,2024-11-15,PWR,T01,Long,1536,91.39,140378.19,3232.43
TR004987,2024-11-15,PWR,T04,Short,1338,85.66,114617.21,-2948.86
TR004988,2024-11-15,PWR,T06,Short,1782,94.83,168983.25,-3921.34
TR004989,2024-11-15,CO2,T01,Long,1692,64.66,109405.67,2490.58
TR004990,2024-11-15,PWR,T01,Short,1734,85.06,147497.4,-1032.58
TR004991,2024-11-15,COAL,T06,Short,547,111.34,60901.18,-1351.96
TR004992,2024-11-15,COAL,T01,Long,287,107.41,30827.43,-1250.69
TR004993,2024-11-15,PWR,T02,Short,1390,97.07,134926.69,-3626.79
TR004994,2024-11-15,GAS,T05,Long,526,34.18,17981.19,539.48
TR004995,2024-11-18,CO2,T03,Long,1958,75.8,148425.91,2765.13
TR004996,2024-11-18,CO2,T05,Long,1780,68.32,121605.72,557.32
TR004997,2024-11-18,COAL,T04,Long,401,107.56,43131.95,-224.46
TR004998,2024-11-18,GAS,T05,Short,1318,34.84,45925.17,-162.42
TR004999,2024-11-18,COAL,T07,Long,447,109.44,48917.83,-145.18
TR005000,2024-11-18,GAS,T06,Long,1903,31.6,60132.79,799.65
TR005001,2024-11-18,GAS,T08,Long,1647,33.66,55435.49,-245.8
TR005002,2024-11-18,PWR,T08,Long,173,87.68,15167.84,27.47
TR005003,2024-11-18,PWR,T01,Short,132,95.4,12592.36,-256.95
TR005004,2024-11-18,GAS,T07,Short,214,36.26,7760.49,2.53
TR005005,2024-11-18,CO2,T08,Short,365,66.56,24293.25,813.44
TR005006,2024-11-18,COAL,T01,Long,1295,115.85,150028.47,-1144.34
TR005007,2024-11-18,CO2,T03,Long,1015,69.58,70625.52,898.01
TR005008,2024-11-18,GAS,T06,Short,377,35.85,13516.23,-216.98
TR005009,2024-11-18,CO2,T08,Long,383,62.86,24076.44,338.37
TR005010,2024-11-18,COAL,T02,Long,981,111.42,109301.32,1909.05
TR005011,2024-11-18,GAS,T04,Short,1888,37.68,71136.63,1927.14
TR005012,2024-11-18,CO2,T07,Short,1571,72.63,114108.21,1502.06
TR005013,2024-11-18,PWR,T07,Long,1206,94.27,113694.84,-2600.52
TR005014,2024-11-18,CO2,T06,Short,270,71.06,19186.46,-319.54
TR005015,2024-11-18,COAL,T03,Long,816,116.42,95001.05,1328.12
TR005016,2024-11-18,PWR,T05,Long,1521,88.58,134737.15,-458.13
TR005017,2024-11-18,PWR,T01,Long,797,89.44,71287.2,-941.64
TR005018,2024-11-18,COAL,T06,Short,165,112.7,18595.31,-566.47
TR005019,2024-11-18,CO2,T03,Long,579,65.87,38137.82,682.15
TR005020,2024-11-18,PWR,T02,Long,1440,87.04,125332.35,-2081.72
TR005021,2024-11-18,CO2,T03,Long,1447,72.84,105397.67,3108.95
TR005022,2024-11-18,COAL,T08,Short,1372,114.78,157473.18,-1042.45
TR005023,2024-11-19,GAS,T05,Long,433,36.09,15628.16,449.65
TR005024,2024-11-19,GAS,T05,Long,1286,34.64,44545.44,-583.33
TR005025,2024-11-19,GAS,T05,Short,427,37.51,16014.75,-1.33
TR005026,2024-11-19,GAS,T08,Long,85,35.17,2989.23,-75.74
TR005027,2024-11-19,GAS,T07,Long,1710,34.3,58658.9,-234.36
TR005028,2024-11-19,PWR,T08,Long,1625,87.61,142373.92,-460.05
TR005029,2024-11-19,PWR,T05,Short,55,95.21,5236.67,-75.04
TR005030,2024-11-19,COAL,T08,Short,72,112.78,8120.26,15.59
TR005031,2024-11-19,GAS,T06,Long,640,35.57,22763.42,-124.3
TR005032,2024-11-19,PWR,T04,Long,179,92.75,16602.6,423.77
TR005033,2024-11-19,GAS,T08,Long,458,33.71,15438.24,36.46
TR005034,2024-11-19,PWR,T06,Short,895,85.26,76308.81,1766.07
TR005035,2024-11-19,GAS,T04,Long,285,33.04,9417.22,93.32
TR005036,2024-11-19,CO2,T02,Long,1264,74.47,94126.27,-1213.85
TR005037,2024-11-19,COAL,T06,Long,1044,118.02,123217.52,-2635.99
TR005038,2024-11-19,GAS,T01,Long,1144,36.02,41203.2,1071.02
TR005039,2024-11-19,GAS,T02,Long,363,37.75,13704.04,57.74
TR005040,2024-11-19,GAS,T02,Long,1092,34.66,37850.41,140.81
TR005041,2024-11-19,PWR,T04,Short,1723,85.74,147724.13,-3447.55
TR005042,2024-11-19,PWR,T04,Long,1381,90.65,125189.22,2931.22
TR005043,2024-11-20,CO2,T06,Short,1895,67.82,128521.72,209.08
TR005044,2024-11-20,PWR,T02,Short,534,81.05,43279.85,558.82
TR005045,2024-11-20,PWR,T05,Short,339,87.02,29501.02,754.89
TR005046,2024-11-20,CO2,T06,Long,1040,73.77,76724.61,-978.1
TR005047,2024-11-20,CO2,T06,Short,1616,65.16,105301.81,-810.38
TR005048,2024-11-20,COAL,T07,Short,1579,114.78,181237.95,-881.69
TR005049,2024-11-20,GAS,T06,Short,973,35.91,34940.21,-956.76
TR005050,2024-11-20,GAS,T03,Short,885,34.42,30464.75,157.66
TR005051,2024-11-20,COAL,T04,Short,1461,110.12,160881.19,-303.38
TR005052,2024-11-20,GAS,T04,Long,1419,35.31,50103.14,941.71
TR005053,2024-11-20,PWR,T06,Short,725,76.03,55122.13,438.94
TR005054,2024-11-20,GAS,T03,Short,1374,35.16,48310.53,-811.27
TR005055,2024-11-20,GAS,T08,Short,1293,36.56,47276.13,7.74
TR005056,2024-11-20,PWR,T05,Short,922,84.07,77515.84,-1934.25
TR005057,2024-11-20,CO2,T03,Long,1288,66.81,86049.92,-1508.32
TR005058,2024-11-20,CO2,T08,Short,89,73.35,6528.3,146.55
TR005059,2024-11-20,COAL,T04,Long,588,109.4,64327.58,-1255.75
TR005060,2024-11-20,PWR,T05,Long,1447,92.17,133375.0,2018.42
TR005061,2024-11-20,COAL,T05,Short,206,113.47,23374.16,366.93
TR005062,2024-11-20,COAL,T06,Long,223,116.15,25901.58,338.06
TR005063,2024-11-20,CO2,T07,Short,1341,72.27,96918.83,-1981.99
TR005064,2024-11-20,PWR,T07,Short,1260,93.65,117999.92,1837.41
TR005065,2024-11-20,PWR,T04,Long,269,94.01,25287.69,45.04
TR005066,2024-11-20,CO2,T05,Long,273,66.04,18028.8,25.81
TR005067,2024-11-20,GAS,T02,Long,1388,32.89,45644.43,708.12
TR005068,2024-11-21,PWR,T07,Long,383,90.2,34544.94,-483.32
TR005069,2024-11-21,CO2,T01,Short,959,70.99,68077.11,439.74
TR005070,2024-11-21,COAL,T01,Long,1063,115.51,122786.63,-475.65
TR005071,2024-11-21,PWR,T05,Short,571,83.55,47708.98,201.99
TR005072,2024-11-21,GAS,T05,Short,647,36.47,23595.36,-429.98
TR005073,2024-11-21,GAS,T07,Short,577,32.34,18659.37,-21.38
TR005074,2024-11-21,PWR,T08,Long,990,88.97,88084.94,1436.92
TR005075,2024-11-21,GAS,T03,Long,868,36.92,32047.09,300.84
TR005076,2024-11-21,GAS,T08,Short,1392,37.77,52571.24,432.24
TR005077,2024-11-21,PWR,T02,Short,677,80.8,54703.21,-325.24
TR005078,2024-11-21,COAL,T02,Long,1984,109.91,218055.96,4277.87
TR005079,2024-11-21,COAL,T05,Long,119,115.02,13686.93,-224.27
TR005080,2024-11-21,GAS,T03,Short,1203,34.53,41533.6,216.25
TR005081,2024-11-21,GAS,T02,Short,825,37.77,31158.76,-938.77
TR005082,2024-11-21,COAL,T08,Long,650,115.51,75078.75,360.0
TR005083,2024-11-21,CO2,T05,Long,1662,71.56,118931.3,1910.99
TR005084,2024-11-21,COAL,T07,Short,1766,115.29,203601.75,1822.43
TR005085,2024-11-21,COAL,T01,Long,52,114.69,5963.94,60.86
TR005086,2024-11-21,PWR,T05,Long,286,91.46,26156.32,111.47
TR005087,2024-11-21,PWR,T02,Long,537,81.32,43666.43,-433.12
TR005088,2024-11-22,GAS,T01,Long,562,33.54,18849.55,359.48
TR005089,2024-11-22,CO2,T03,Long,1535,71.35,109524.05,634.64
TR005090,2024-11-22,COAL,T07,Long,1892,110.48,209031.92,1985.59
TR005091,2024-11-22,CO2,T02,Long,854,61.23,52289.97,292.92
TR005092,2024-11-22,CO2,T06,Short,1112,65.76,73121.04,-1289.61
TR005093,2024-11-22,PWR,T08,Long,499,84.96,42396.83,7.35
TR005094,2024-11-22,COAL,T07,Short,1349,120.62,162717.82,4484.33
TR005095,2024-11-22,COAL,T04,Long,1651,116.87,192960.18,6635.85
TR005096,2024-11-22,COAL,T04,Long,1033,113.19,116923.89,-2750.62
TR005097,2024-11-22,PWR,T08,Long,1880,82.58,155250.48,-1772.45
TR005098,2024-11-22,PWR,T03,Short,443,89.48,39637.56,325.02
TR005099,2024-11-22,GAS,T06,Short,183,35.83,6557.27,12.67
TR005100,2024-11-22,PWR,T02,Long,1759,89.16,156837.88,-1627.93
TR005101,2024-11-22,PWR,T06,Short,1485,76.76,113985.88,-1138.85
TR005102,2024-11-22,CO2,T03,Long,281,73.42,20630.23,-281.69
TR005103,2024-11-22,PWR,T06,Long,1543,93.9,144890.89,-1397.75
TR005104,2024-11-22,PWR,T03,Long,1308,92.05,120401.63,-3372.17
TR005105,2024-11-22,CO2,T04,Short,1274,67.14,85532.72,947.39
TR005106,2024-11-22,PWR,T02,Short,710,92.75,65854.41,1777.94
TR005107,2024-11-22,PWR,T02,Long,1796,91.37,164103.0,4026.04
TR005108,2024-11-25,PWR,T03,Short,1272,85.67,108974.12,-1452.69
TR005109,2024-11-25,PWR,T03,Short,1605,88.17,141510.09,-734.0
TR005110,2024-11-25,COAL,T01,Short,1064,110.43,117493.83,-3145.88
TR005111,2024-11-25,COAL,T08,Long,1079,110.63,119365.49,1026.69
TR005112,2024-11-25,GAS,T02,Long,1672,37.61,62881.53,-60.38
TR005113,2024-11-25,PWR,T04,Long,1645,77.51,127501.47,4.0
TR005114,2024-11-25,COAL,T06,Long,689,107.48,74055.84,210.15
TR005115,2024-11-25,PWR,T04,Short,593,85.72,50830.18,1073.21
TR005116,2024-11-25,CO2,T03,Long,358,69.22,24779.06,-327.42
TR005117,2024-11-25,COAL,T03,Short,1094,118.45,129584.66,342.54
TR005118,2024-11-25,COAL,T04,Short,94,111.32,10464.23,-87.76
TR005119,2024-11-25,CO2,T08,Long,1042,68.08,70936.14,-49.35
TR005120,2024-11-25,PWR,T06,Short,1858,79.7,148079.81,5022.61
TR005121,2024-11-25,PWR,T05,Short,1671,72.86,121748.62,1643.78
TR005122,2024-11-25,COAL,T08,Short,54,111.46,6018.77,54.61
TR005123,2024-11-25,COAL,T04,Short,1357,113.21,153631.76,-2417.9
TR005124,2024-11-25,COAL,T02,Long,1777,114.19,202907.09,-773.41
TR005125,2024-11-25,GAS,T06,Short,1479,35.92,53119.68,-56.55
TR005126,2024-11-25,PWR,T04,Long,674,88.17,59424.83,-451.8
TR005127,2024-11-25,PWR,T01,Short,1630,101.67,165722.18,376.04
TR005128,2024-11-26,CO2,T06,Short,1831,72.45,132661.01,1.88
TR005129,2024-11-26,PWR,T07,Long,366,104.03,38075.88,849.33
TR005130,2024-11-26,GAS,T07,Long,87,35.55,3093.09,-8.78
TR005131,2024-11-26,GAS,T07,Long,831,33.14,27536.24,-254.05
TR005132,2024-11-26,COAL,T04,Short,1194,105.44,125900.05,-1609.33
TR005133,2024-11-26,PWR,T08,Long,608,89.63,54494.29,-156.97
TR005134,2024-11-26,COAL,T06,Short,831,119.42,99236.63,-142.72
TR005135,2024-11-26,CO2,T07,Short,197,70.21,13830.65,-114.85
TR005136,2024-11-26,COAL,T05,Long,1756,115.02,201969.77,-2746.91
TR005137,2024-11-26,COAL,T08,Short,518,115.31,59732.49,-305.95
TR005138,2024-11-26,CO2,T02,Long,1375,64.62,88856.52,-1606.56
TR005139,2024-11-26,CO2,T01,Long,439,68.74,30177.31,166.26
TR005140,2024-11-26,CO2,T08,Long,1947,65.73,127971.8,84.07
TR005141,2024-11-26,PWR,T02,Short,925,86.35,79873.51,2473.34
TR005142,2024-11-26,PWR,T05,Short,426,76.94,32778.42,217.29
TR005143,2024-11-26,CO2,T01,Long,232,72.44,16806.14,130.0
TR005144,2024-11-26,PWR,T02,Short,1204,86.29,103894.96,663.48
TR005145,2024-11-26,COAL,T01,Short,198,121.62,24079.79,-312.47
TR005146,2024-11-26,CO2,T05,Short,1642,74.36,122106.19,-488.89
TR005147,2024-11-26,COAL,T03,Short,1045,113.53,118637.53,395.88
TR005148,2024-11-26,CO2,T08,Short,788,71.46,56312.12,286.03
TR005149,2024-11-26,COAL,T03,Long,1288,110.53,142357.84,2282.32
TR005150,2024-11-26,GAS,T07,Short,1058,36.51,38630.18,-477.68
TR005151,2024-11-26,COAL,T07,Long,390,118.16,46081.7,1103.26
TR005152,2024-11-26,PWR,T08,Long,1412,92.26,130275.22,-939.45
TR005153,2024-11-26,COAL,T05,Short,1549,112.68,174540.4,34.29
TR005154,2024-11-26,PWR,T06,Long,1218,86.28,105089.0,-814.2
TR005155,2024-11-27,COAL,T01,Long,1225,111.31,136352.58,1638.77
TR005156,2024-11-27,CO2,T02,Long,1762,77.97,137377.46,-2311.83
TR005157,2024-11-27,PWR,T03,Short,1086,87.4,94916.27,-2556.25
TR005158,2024-11-27,GAS,T07,Long,471,34.03,16027.3,111.21
TR005159,2024-11-27,GAS,T07,Long,607,34.5,20942.68,145.25
TR005160,2024-11-27,CO2,T07,Long,1301,63.28,82327.72,1384.8
TR005161,2024-11-27,COAL,T04,Short,883,115.56,102039.34,430.91
TR005162,2024-11-27,GAS,T02,Long,1287,35.44,45613.9,535.65
TR005163,2024-11-27,PWR,T08,Short,1780,90.68,161413.42,1540.73
TR005164,2024-11-27,CO2,T06,Short,394,65.58,25837.87,272.17
TR005165,2024-11-27,CO2,T02,Short,471,69.98,32961.13,192.54
TR005166,2024-11-27,GAS,T02,Long,465,35.91,16698.3,343.71
TR005167,2024-11-27,COAL,T06,Long,1956,110.96,217039.51,2710.17
TR005168,2024-11-27,GAS,T02,Long,1378,36.78,50676.0,435.65
TR005169,2024-11-27,GAS,T06,Long,610,35.81,21845.28,-323.98
TR005170,2024-11-27,GAS,T01,Long,369,37.31,13767.63,-319.31
TR005171,2024-11-27,COAL,T01,Long,919,111.2,102191.19,968.41
TR005172,2024-11-27,PWR,T05,Long,1061,86.77,92066.32,-1556.82
TR005173,2024-11-27,COAL,T03,Short,156,118.65,18508.98,-93.36
TR005174,2024-11-27,GAS,T06,Long,879,36.6,32170.63,-63.0
TR005175,2024-11-27,PWR,T07,Long,1033,88.42,91342.62,-18.31
TR005176,2024-11-27,COAL,T02,Long,1224,107.55,131645.23,-10.39
TR005177,2024-11-27,PWR,T05,Short,646,85.29,55099.79,1460.28
TR005178,2024-11-27,PWR,T01,Short,1530,77.74,118940.88,-1306.68
TR005179,2024-11-27,CO2,T04,Long,1203,72.88,87674.53,364.2
TR005180,2024-11-27,CO2,T06,Short,1510,65.56,99001.66,2511.02
TR005181,2024-11-27,CO2,T02,Short,602,68.29,41111.41,978.62
TR005182,2024-11-28,PWR,T03,Short,1620,90.08,145927.08,-1615.84
TR005183,2024-11-28,PWR,T03,Long,249,82.33,20500.22,-15.85
TR005184,2024-11-28,PWR,T08,Long,1618,95.19,154016.75,4574.97
TR005185,2024-11-28,CO2,T04,Long,1808,71.26,128841.99,297.48
TR005186,2024-11-28,GAS,T01,Long,451,36.16,16307.04,78.91
TR005187,2024-11-28,GAS,T04,Short,1415,36.44,51568.22,122.96
TR005188,2024-11-28,GAS,T03,Long,1974,37.75,74524.99,123.38
TR005189,2024-11-28,CO2,T05,Long,165,67.3,11104.3,77.09
TR005190,2024-11-28,COAL,T03,Short,817,105.82,86456.11,-746.64
TR005191,2024-11-28,COAL,T03,Long,258,118.85,30663.72,-854.75
TR005192,2024-11-28,PWR,T06,Short,1954,90.66,177142.12,3825.62
TR005193,2024-11-28,PWR,T05,Long,1540,93.72,144328.18,2230.46
TR005194,2024-11-28,PWR,T06,Short,1775,92.25,163736.37,2323.62
TR005195,2024-11-28,COAL,T04,Long,1692,115.38,195224.53,-250.15
TR005196,2024-11-28,COAL,T03,Short,1701,113.72,193444.85,590.14
TR005197,2024-11-28,PWR,T03,Long,232,93.31,21649.03,-23.9
TR005198,2024-11-28,PWR,T02,Short,1482,98.54,146034.68,-1310.15
TR005199,2024-11-28,GAS,T03,Long,566,36.38,20592.32,-54.75
TR005200,2024-11-28,PWR,T07,Short,1193,90.02,107395.83,-1195.06
TR005201,2024-11-29,GAS,T07,Short,139,36.67,5096.47,-6.33
TR005202,2024-11-29,GAS,T03,Long,200,32.88,6575.4,44.47
TR005203,2024-11-29,COAL,T02,Short,1441,117.78,169718.2,4956.67
TR005204,2024-11-29,COAL,T03,Short,903,110.54,99817.44,672.89
TR005205,2024-11-29,GAS,T02,Long,633,35.63,22552.01,210.79
TR005206,2024-11-29,GAS,T06,Long,1080,35.22,38033.73,-472.58
TR005207,2024-11-29,COAL,T01,Long,1135,108.67,123336.89,-2295.57
TR005208,2024-11-29,PWR,T02,Long,953,88.19,84040.66,-1396.21
TR005209,2024-11-29,COAL,T01,Long,1735,115.73,200795.98,7024.91
TR005210,2024-11-29,GAS,T07,Long,1658,34.59,57351.71,718.07
TR005211,2024-11-29,PWR,T05,Short,1137,100.88,114699.47,-495.36
TR005212,2024-11-29,GAS,T07,Long,953,33.88,32291.03,-730.92
TR005213,2024-11-29,COAL,T08,Long,1419,110.25,156449.38,-445.48
TR005214,2024-11-29,CO2,T02,Long,516,65.04,33560.03,-269.99
TR005215,2024-11-29,PWR,T02,Long,996,89.07,88712.29,-197.16
TR005216,2024-11-29,PWR,T04,Short,457,87.25,39873.0,-923.03
TR005217,2024-11-29,CO2,T05,Short,479,68.57,32844.35,999.96
TR005218,2024-11-29,GAS,T07,Long,290,32.71,9484.92,66.22
TR005219,2024-11-29,PWR,T08,Short,136,94.82,12895.1,102.05
TR005220,2024-11-29,COAL,T07,Long,778,119.35,92855.54,1821.86
TR005221,2024-11-29,PWR,T07,Long,884,89.27,78912.62,684.34
TR005222,2024-12-02,CO2,T03,Long,901,70.18,63231.34,427.77
TR005223,2024-12-02,PWR,T08,Short,1205,89.92,108352.65,-679.22
TR005224,2024-12-02,PWR,T01,Short,1762,87.59,154329.71,781.3
TR005225,2024-12-02,PWR,T02,Long,1749,95.09,166316.07,3869.66
TR005226,2024-12-02,GAS,T08,Long,1317,35.83,47185.57,-354.22
TR005227,2024-12-02,COAL,T08,Short,1326,108.08,143313.51,-2398.35
TR005228,2024-12-02,GAS,T06,Short,809,35.59,28792.08,-258.45
TR005229,2024-12-02,GAS,T04,Long,888,37.97,33718.34,239.77
TR005230,2024-12-02,PWR,T03,Short,584,77.49,45256.65,770.91
TR005231,2024-12-02,CO2,T04,Short,1362,66.13,90063.95,1896.03
TR005232,2024-12-02,CO2,T03,Short,1359,69.07,93865.52,-1425.63
TR005233,2024-12-02,PWR,T03,Long,637,99.17,63173.4,1904.64
TR005234,2024-12-02,COAL,T08,Long,1543,111.31,171752.53,1939.21
TR005235,2024-12-02,GAS,T05,Short,170,35.41,6020.2,-71.1
TR005236,2024-12-02,GAS,T02,Long,1050,33.98,35680.4,-904.43
TR005237,2024-12-02,CO2,T06,Short,328,66.86,21931.53,-70.89
TR005238,2024-12-03,PWR,T07,Short,1359,83.65,113674.48,-417.08
TR005239,2024-12-03,COAL,T05,Long,1479,115.91,171423.87,1756.13
TR005240,2024-12-03,CO2,T02,Long,1359,66.68,90624.74,-133.51
TR005241,2024-12-03,GAS,T02,Long,1833,34.73,63667.58,1186.78
TR005242,2024-12-03,CO2,T01,Long,1525,76.68,116938.9,-1847.71
TR005243,2024-12-03,COAL,T08,Short,954,118.86,113395.78,-1377.56
TR005244,2024-12-03,COAL,T03,Short,188,113.82,21397.75,-552.14
TR005245,2024-12-03,GAS,T06,Long,618,34.33,21217.9,-391.51
TR005246,2024-12-03,COAL,T07,Long,1343,109.21,146674.37,-1794.84
TR005247,2024-12-03,COAL,T01,Long,1845,115.69,213443.03,297.88
TR005248,2024-12-03,COAL,T06,Long,149,123.28,18368.85,173.28
TR005249,2024-12-03,PWR,T01,Short,1397,79.12,110527.95,923.64
TR005250,2024-12-03,COAL,T07,Long,561,111.42,62509.0,-1242.83
TR005251,2024-12-03,CO2,T01,Long,583,75.41,43963.13,921.02
TR005252,2024-12-03,CO2,T05,Long,258,59.36,15313.8,-139.82
TR005253,2024-12-03,PWR,T03,Long,879,88.23,77550.51,485.5
TR005254,2024-12-03,GAS,T01,Short,1018,33.8,34409.04,467.59
TR005255,2024-12-03,GAS,T01,Long,1971,35.18,69336.11,244.83
TR005256,2024-12-03,PWR,T02,Long,1987,85.67,170228.09,356.03
TR005257,2024-12-03,GAS,T06,Short,825,34.81,28720.04,100.65
TR005258,2024-12-03,COAL,T06,Long,1611,108.92,175464.97,-3578.03
TR005259,2024-12-03,COAL,T08,Short,1625,116.12,188699.4,1800.67
TR005260,2024-12-03,PWR,T05,Long,836,93.6,78246.34,534.89
TR005261,2024-12-03,CO2,T07,Long,1852,74.43,137844.57,-18.91
TR005262,2024-12-03,PWR,T01,Long,1277,86.49,110441.87,-48.38
TR005263,2024-12-03,PWR,T04,Long,1252,95.87,120033.98,1081.44
TR005264,2024-12-03,CO2,T08,Long,942,70.84,66726.75,-132.66
TR005265,2024-12-03,PWR,T05,Long,1112,88.86,98812.45,1433.31
TR005266,2024-12-03,PWR,T07,Short,1732,87.62,151757.38,2072.4
TR005267,2024-12-04,COAL,T03,Long,1463,111.04,162451.12,2274.58
TR005268,2024-12-04,COAL,T07,Long,1836,107.59,197528.31,-2252.91
TR005269,2024-12-04,PWR,T06,Short,1951,89.46,174531.28,847.59
TR005270,2024-12-04,GAS,T06,Short,1947,34.66,67481.91,387.23
TR005271,2024-12-04,PWR,T08,Long,1394,90.42,126048.7,1301.23
TR005272,2024-12-04,PWR,T02,Short,335,91.97,30810.12,-209.89
TR005273,2024-12-04,PWR,T02,Short,1324,87.64,116032.32,2510.35
TR005274,2024-12-04,CO2,T01,Short,498,69.05,34387.52,-249.07
TR005275,2024-12-04,PWR,T02,Short,628,89.4,56144.41,161.48
TR005276,2024-12-04,CO2,T05,Short,1610,68.7,110610.7,-990.64
TR005277,2024-12-04,GAS,T04,Short,939,32.19,30224.37,-628.11
TR005278,2024-12-04,GAS,T01,Long,1732,36.85,63829.9,963.91
TR005279,2024-12-04,GAS,T08,Short,1361,36.36,49485.33,2319.5
TR005280,2024-12-04,GAS,T04,Long,967,37.3,36067.69,170.37
TR005281,2024-12-04,PWR,T05,Long,211,89.41,18865.97,102.91
TR005282,2024-12-04,COAL,T06,Long,505,109.32,55205.13,456.52
TR005283,2024-12-04,PWR,T01,Short,997,81.29,81043.26,1626.95
TR005284,2024-12-04,PWR,T08,Short,1827,91.65,167447.17,-587.84
TR005285,2024-12-04,CO2,T05,Short,1268,67.73,85877.61,1066.48
TR005286,2024-12-04,GAS,T01,Long,1895,36.67,69497.83,-973.38
TR005287,2024-12-04,GAS,T01,Long,569,37.7,21452.05,-379.61
TR005288,2024-12-04,GAS,T03,Long,1398,36.07,50431.84,-58.6
TR005289,2024-12-04,GAS,T06,Long,647,35.43,22920.01,63.74
TR005290,2024-12-05,PWR,T06,Long,320,86.45,27662.73,175.8
TR005291,2024-12-05,GAS,T07,Long,1972,36.42,71811.28,1059.43
TR005292,2024-12-05,CO2,T06,Long,205,68.56,14054.52,9.48
TR005293,2024-12-05,GAS,T08,Long,774,33.37,25827.29,318.52
TR005294,2024-12-05,CO2,T08,Long,1771,64.57,114359.8,1110.3
TR005295,2024-12-05,COAL,T08,Long,386,116.43,44942.63,351.63
TR005296,2024-12-05,COAL,T04,Short,1023,118.52,121245.32,-3081.7
TR005297,2024-12-05,PWR,T07,Short,1990,87.1,173334.57,1409.54
TR005298,2024-12-05,CO2,T01,Long,1035,65.61,67911.16,-1176.08
TR005299,2024-12-05,PWR,T05,Long,1334,90.8,121127.58,-1098.84
TR005300,2024-12-05,CO2,T02,Short,90,67.38,6064.21,165.06
TR005301,2024-12-05,COAL,T07,Long,729,111.58,81343.95,-157.97
TR005302,2024-12-05,GAS,T03,Long,154,35.25,5429.1,87.53
TR005303,2024-12-05,PWR,T04,Long,1036,89.85,93084.19,-1574.36
TR005304,2024-12-05,PWR,T05,Short,1590,83.43,132650.98,728.7
TR005305,2024-12-05,PWR,T03,Long,1709,94.69,161819.34,-466.43
TR005306,2024-12-06,GAS,T03,Long,1520,35.81,54431.85,505.76
TR005307,2024-12-06,GAS,T06,Long,1178,36.21,42659.62,205.53
TR005308,2024-12-06,CO2,T05,Long,1653,69.86,115482.08,688.81
TR005309,2024-12-06,CO2,T03,Long,910,66.53,60543.46,-536.28
TR005310,2024-12-06,CO2,T02,Short,99,67.9,6722.24,-27.65
TR005311,2024-12-06,CO2,T06,Short,1074,69.62,74773.23,-1610.08
TR005312,2024-12-06,CO2,T04,Long,973,69.38,67510.16,-688.66
TR005313,2024-12-06,COAL,T08,Long,363,121.51,44107.17,-1442.6
TR005314,2024-12-06,CO2,T04,Long,1132,72.85,82466.98,1205.22
TR005315,2024-12-06,PWR,T06,Short,896,93.37,83660.57,982.19
TR005316,2024-12-06,CO2,T03,Long,1487,74.48,110752.87,363.36
TR005317,2024-12-06,PWR,T03,Short,812,79.46,64521.25,113.71
TR005318,2024-12-06,PWR,T02,Short,1618,96.41,155990.85,-1416.99
TR005319,2024-12-06,GAS,T07,Short,1127,38.93,43870.59,1373.79
TR005320,2024-12-06,CO2,T08,Long,669,70.51,47172.3,367.77
TR005321,2024-12-06,COAL,T04,Long,1417,111.58,158114.35,2909.08
TR005322,2024-12-06,COAL,T01,Short,1876,113.32,212594.02,-452.15
TR005323,2024-12-06,GAS,T06,Long,662,34.73,22990.05,-50.84
TR005324,2024-12-06,COAL,T07,Short,1323,112.27,148538.33,-927.06
TR005325,2024-12-06,CO2,T01,Long,1100,63.92,70314.57,-1059.6
TR005326,2024-12-06,GAS,T05,Long,1905,32.82,62515.05,38.93
TR005327,2024-12-06,GAS,T05,Long,787,34.12,26851.88,-97.55
TR005328,2024-12-06,GAS,T02,Short,1762,33.11,58343.98,-729.5
TR005329,2024-12-09,CO2,T04,Long,78,63.87,4981.74,3.48
TR005330,2024-12-09,CO2,T05,Short,1810,63.51,114954.27,2743.85
TR005331,2024-12-09,GAS,T08,Short,164,35.12,5759.86,138.92
TR005332,2024-12-09,COAL,T04,Long,1441,110.28,158916.54,1538.21
TR005333,2024-12-09,COAL,T02,Long,791,108.14,85537.94,1407.74
TR005334,2024-12-09,GAS,T08,Long,1855,36.81,68277.11,155.53
TR005335,2024-12-09,COAL,T05,Short,1909,116.98,223310.03,3314.46
TR005336,2024-12-09,PWR,T07,Short,1975,91.29,180293.66,-2834.37
TR005337,2024-12-09,COAL,T04,Short,1869,112.76,210749.39,-343.77
TR005338,2024-12-09,GAS,T08,Short,525,33.18,17420.23,479.0
TR005339,2024-12-09,PWR,T06,Long,277,94.51,26178.5,-111.55
TR005340,2024-12-09,PWR,T08,Short,483,82.98,40077.31,496.2
TR005341,2024-12-09,PWR,T03,Long,1990,92.35,183782.72,1816.55
TR005342,2024-12-09,CO2,T03,Short,1169,62.76,73361.98,-2633.39
TR005343,2024-12-09,CO2,T04,Long,1255,64.35,80752.98,1555.32
TR005344,2024-12-09,PWR,T03,Short,1180,93.8,110678.79,-276.47
TR005345,2024-12-09,PWR,T04,Long,421,87.63,36890.6,246.84
TR005346,2024-12-10,CO2,T05,Long,541,67.0,36246.64,-226.21
TR005347,2024-12-10,COAL,T04,Short,1172,111.66,130869.7,-1203.54
TR005348,2024-12-10,CO2,T05,Long,1530,60.55,92635.35,-548.53
TR005349,2024-12-10,COAL,T07,Short,1988,118.48,235531.48,8577.69
TR005350,2024-12-10,PWR,T04,Short,1261,84.54,106607.18,-1360.02
TR005351,2024-12-10,CO2,T02,Short,412,75.04,30918.4,101.48
TR005352,2024-12-10,PWR,T01,Short,524,82.64,43303.67,-361.81
TR005353,2024-12-10,CO2,T02,Short,306,69.94,21402.59,245.78
TR005354,2024-12-10,COAL,T07,Long,383,110.56,42343.77,482.86
TR005355,2024-12-10,CO2,T04,Long,1913,65.55,125400.73,-1183.77
TR005356,2024-12-10,GAS,T01,Short,1212,35.69,43253.03,1095.57
TR005357,2024-12-10,CO2,T07,Long,1942,60.13,116769.48,845.01
TR005358,2024-12-10,GAS,T01,Long,1209,35.91,43418.01,799.12
TR005359,2024-12-10,GAS,T01,Short,443,38.16,16905.49,282.9
TR005360,2024-12-10,COAL,T02,Short,119,111.53,13272.47,-155.04
TR005361,2024-12-10,COAL,T05,Short,1145,111.18,127306.42,-2837.29
TR005362,2024-12-10,GAS,T08,Long,286,37.6,10754.95,-72.02
TR005363,2024-12-10,COAL,T01,Short,783,114.33,89517.08,2265.26
TR005364,2024-12-10,CO2,T08,Short,1129,71.9,81179.84,2993.51
TR005365,2024-12-10,GAS,T07,Short,656,36.34,23839.89,103.07
TR005366,2024-12-10,COAL,T03,Long,1177,107.9,127000.91,-1807.69
TR005367,2024-12-10,GAS,T03,Long,1638,35.19,57640.89,226.47
TR005368,2024-12-10,COAL,T06,Long,110,112.36,12359.32,104.93
TR005369,2024-12-10,CO2,T07,Long,1004,64.97,65228.72,-124.59
TR005370,2024-12-10,GAS,T05,Long,403,38.27,15421.86,-150.82
TR005371,2024-12-10,CO2,T08,Long,659,62.35,41085.74,231.97
TR005372,2024-12-11,GAS,T08,Short,270,36.15,9760.53,-0.59
TR005373,2024-12-11,COAL,T02,Short,483,114.53,55316.84,26.78
TR005374,2024-12-11,PWR,T05,Short,1004,88.5,88855.48,-1019.29
TR005375,2024-12-11,PWR,T05,Long,761,89.21,67891.92,2971.27
TR005376,2024-12-11,GAS,T01,Short,1931,36.62,70718.64,-118.85
TR005377,2024-12-11,PWR,T05,Long,1994,75.75,151049.66,-113.08
TR005378,2024-12-11,COAL,T07,Long,1451,119.58,173506.24,1503.63
TR005379,2024-12-11,COAL,T02,Long,1619,111.83,181050.55,2797.96
TR005380,2024-12-11,CO2,T03,Short,994,68.05,67638.96,466.77
TR005381,2024-12-11,GAS,T02,Short,126,35.58,4482.62,-49.41
TR005382,2024-12-11,COAL,T01,Short,370,113.27,41908.74,-468.03
TR005383,2024-12-11,CO2,T04,Long,1387,72.0,99861.48,-283.51
TR005384,2024-12-11,GAS,T02,Long,252,35.89,9043.87,2.82
TR005385,2024-12-11,CO2,T04,Short,1222,68.83,84109.39,999.57
TR005386,2024-12-11,PWR,T02,Long,197,98.18,19341.59,-404.33
TR005387,2024-12-11,PWR,T06,Long,1991,79.06,157411.71,1192.92
TR005388,2024-12-11,COAL,T07,Long,528,111.41,58823.92,-138.81
TR005389,2024-12-11,GAS,T02,Long,558,33.99,18964.14,-325.05
TR005390,2024-12-11,GAS,T06,Long,1348,34.38,46350.84,153.81
TR005391,2024-12-11,GAS,T08,Long,1312,35.06,45993.42,-223.31
TR005392,2024-12-11,COAL,T02,Short,297,112.88,33523.97,44.15
TR005393,2024-12-11,GAS,T04,Long,1090,38.1,41527.72,569.91
TR005394,2024-12-11,COAL,T08,Short,1613,115.75,186706.66,3856.09
TR005395,2024-12-11,PWR,T01,Long,971,92.8,90111.16,-1687.78
TR005396,2024-12-11,COAL,T06,Short,1372,113.1,155175.32,5229.6
TR005397,2024-12-11,COAL,T04,Long,444,113.44,50365.37,-623.5
TR005398,2024-12-12,GAS,T01,Short,1864,35.0,65233.33,472.64
TR005399,2024-12-12,PWR,T02,Long,939,87.18,81865.48,1466.15
TR005400,2024-12-12,CO2,T02,Short,1641,69.16,113493.21,950.92
TR005401,2024-12-12,GAS,T01,Short,578,36.51,21103.24,-172.58
TR005402,2024-12-12,COAL,T02,Long,1186,120.98,143482.61,-1282.72
TR005403,2024-12-12,CO2,T06,Short,839,70.67,59295.98,158.21
TR005404,2024-12-12,COAL,T02,Short,377,114.99,43350.66,-636.26
TR005405,2024-12-12,COAL,T04,Long,1489,110.47,164483.06,1536.4
TR005406,2024-12-12,CO2,T08,Short,1894,67.07,127038.54,241.63
TR005407,2024-12-12,PWR,T01,Short,958,82.91,79431.81,1049.19
TR005408,2024-12-12,GAS,T02,Long,1103,36.94,40741.82,423.42
TR005409,2024-12-12,CO2,T04,Short,1436,66.27,95156.57,572.03
TR005410,2024-12-12,PWR,T03,Long,1828,90.24,164953.08,-591.87
TR005411,2024-12-12,COAL,T01,Short,341,116.67,39785.68,-610.14
TR005412,2024-12-12,GAS,T02,Long,1850,35.27,65251.18,-221.74
TR005413,2024-12-12,CO2,T05,Long,924,71.43,66004.32,786.01
TR005414,2024-12-12,CO2,T07,Short,279,63.26,17648.6,0.78
TR005415,2024-12-12,PWR,T02,Short,870,91.24,79376.8,-1073.42
TR005416,2024-12-12,PWR,T03,Long,364,89.69,32647.57,118.41
TR005417,2024-12-13,CO2,T04,Long,1039,74.36,77256.92,1426.36
TR005418,2024-12-13,CO2,T04,Short,1240,65.87,81680.35,168.63
TR005419,2024-12-13,CO2,T08,Long,1817,68.95,125273.72,1117.92
TR005420,2024-12-13,PWR,T06,Long,1905,90.03,171506.17,2461.72
TR005421,2024-12-13,CO2,T07,Short,1919,62.44,119829.87,182.41
TR005422,2024-12-13,PWR,T01,Short,887,85.95,76236.73,535.71
TR005423,2024-12-13,GAS,T02,Long,1783,32.91,58680.6,523.69
TR005424,2024-12-13,GAS,T05,Long,1024,33.6,34402.32,273.67
TR005425,2024-12-13,PWR,T01,Short,1470,89.5,131565.6,-2202.86
TR005426,2024-12-13,COAL,T07,Long,1116,114.99,128330.42,-791.05
TR005427,2024-12-13,COAL,T05,Short,1837,109.22,200633.41,1520.14
TR005428,2024-12-13,GAS,T03,Long,1761,35.55,62598.29,-265.95
TR005429,2024-12-13,GAS,T08,Short,1716,35.07,60172.89,2048.22
TR005430,2024-12-13,COAL,T03,Short,707,116.47,82341.19,-502.6
TR005431,2024-12-13,GAS,T03,Short,297,35.37,10505.18,135.03
TR005432,2024-12-16,CO2,T08,Short,88,67.66,5954.0,-10.23
TR005433,2024-12-16,COAL,T08,Short,1323,116.33,153902.83,2032.12
TR005434,2024-12-16,COAL,T04,Short,1358,111.15,150943.51,4855.98
TR005435,2024-12-16,CO2,T02,Short,1202,75.9,91234.02,1323.38
TR005436,2024-12-16,COAL,T05,Short,1609,110.15,177224.99,6337.0
TR005437,2024-12-16,CO2,T03,Short,1592,70.2,111760.07,-117.68
TR005438,2024-12-16,CO2,T06,Long,1773,72.84,129136.75,1606.04
TR005439,2024-12-16,GAS,T07,Long,1306,35.64,46542.28,-124.72
TR005440,2024-12-16,PWR,T06,Short,1032,79.65,82195.5,-0.73
TR005441,2024-12-16,COAL,T02,Short,899,114.56,102989.87,-1382.61
TR005442,2024-12-16,CO2,T06,Long,1701,72.0,122472.64,1662.13
TR005443,2024-12-16,CO2,T04,Short,1688,62.83,106049.74,-922.81
TR005444,2024-12-16,PWR,T07,Short,1650,89.27,147301.41,2313.03
TR005445,2024-12-16,PWR,T07,Long,1547,70.37,108865.04,-746.36
TR005446,2024-12-16,GAS,T07,Long,775,36.05,27938.4,136.24
TR005447,2024-12-16,PWR,T07,Long,655,90.63,59361.61,84.96
TR005448,2024-12-16,COAL,T08,Long,1352,110.17,148947.97,1748.87
TR005449,2024-12-16,GAS,T02,Short,424,37.4,15857.46,215.9
TR005450,2024-12-17,CO2,T01,Short,273,69.82,19061.45,149.8
TR005451,2024-12-17,COAL,T01,Long,1856,110.16,204459.78,2141.04
TR005452,2024-12-17,PWR,T05,Short,1622,84.7,137379.48,1103.86
TR005453,2024-12-17,CO2,T05,Short,924,71.32,65900.72,-259.93
TR005454,2024-12-17,CO2,T01,Short,1019,71.36,72714.05,962.33
TR005455,2024-12-17,CO2,T05,Long,1922,72.93,140167.61,2791.29
TR005456,2024-12-17,PWR,T06,Short,127,85.85,10903.31,89.12
TR005457,2024-12-17,GAS,T02,Long,1942,34.26,66529.83,-2136.63
TR005458,2024-12-17,PWR,T03,Long,1722,92.93,160021.12,-2426.14
TR005459,2024-12-17,CO2,T03,Short,1498,69.65,104335.09,1076.55
TR005460,2024-12-17,CO2,T08,Long,419,64.33,26953.1,463.98
TR005461,2024-12-17,GAS,T07,Short,534,35.12,18752.66,-78.69
TR005462,2024-12-17,COAL,T05,Short,763,112.44,85794.32,-1434.46
TR005463,2024-12-17,GAS,T07,Long,570,34.81,19840.19,-339.65
TR005464,2024-12-17,COAL,T05,Long,1052,117.18,123275.63,-1933.33
TR005465,2024-12-17,COAL,T06,Long,1012,113.36,114722.4,1560.18
TR005466,2024-12-17,GAS,T05,Short,791,34.16,27023.92,121.83
TR005467,2024-12-17,CO2,T08,Long,1400,72.42,101393.29,2433.98
TR005468,2024-12-18,PWR,T02,Short,299,84.29,25203.4,-139.92
TR005469,2024-12-18,CO2,T06,Long,790,64.75,51153.76,34.61
TR005470,2024-12-18,CO2,T03,Short,64,73.54,4706.48,-15.31
TR005471,2024-12-18,PWR,T04,Short,769,82.12,63150.0,156.24
TR005472,2024-12-18,COAL,T02,Long,1002,119.92,120155.88,384.74
TR005473,2024-12-18,PWR,T07,Long,185,81.59,15095.04,-118.38
TR005474,2024-12-18,CO2,T07,Short,854,65.15,55637.34,-516.05
TR005475,2024-12-18,CO2,T08,Short,1799,64.92,116789.38,1811.41
TR005476,2024-12-18,COAL,T04,Long,1381,112.29,155075.44,-1580.93
TR005477,2024-12-18,CO2,T04,Long,477,66.06,31510.74,-252.9
TR005478,2024-12-18,COAL,T06,Short,1378,112.7,155297.99,-1603.82
TR005479,2024-12-18,GAS,T05,Short,949,36.91,35026.58,-228.81
TR005480,2024-12-18,GAS,T03,Short,1254,35.87,44978.34,373.16
TR005481,2024-12-18,COAL,T03,Long,1339,115.17,154212.89,157.96
TR005482,2024-12-18,CO2,T06,Long,1220,66.06,80590.57,2488.39
TR005483,2024-12-18,PWR,T07,Long,1568,88.25,138368.59,-3163.35
TR005484,2024-12-18,GAS,T02,Long,283,32.55,9211.15,184.45
TR005485,2024-12-18,COAL,T06,Long,803,108.74,87316.37,2350.76
TR005486,2024-12-18,COAL,T05,Short,329,106.84,35149.34,399.79
TR005487,2024-12-18,COAL,T07,Short,747,120.45,89976.92,3849.47
TR005488,2024-12-18,GAS,T05,Short,1313,39.35,51670.26,-1812.74
TR005489,2024-12-18,PWR,T01,Long,757,84.16,63707.22,-1113.0
TR005490,2024-12-18,PWR,T03,Long,1632,101.45,165569.4,3416.86
TR005491,2024-12-18,GAS,T05,Short,419,30.81,12908.64,126.87
TR005492,2024-12-18,CO2,T08,Long,282,73.67,20774.41,-145.26
TR005493,2024-12-19,GAS,T04,Long,1907,36.49,69595.1,-842.01
TR005494,2024-12-19,COAL,T04,Short,110,109.84,12082.27,172.61
TR005495,2024-12-19,PWR,T01,Short,1651,93.12,153743.68,1546.15
TR005496,2024-12-19,CO2,T06,Short,1257,66.99,84205.47,-850.14
TR005497,2024-12-19,COAL,T01,Long,658,111.34,73259.19,425.72
TR005498,2024-12-19,PWR,T03,Long,1568,79.03,123913.43,-1376.09
TR005499,2024-12-19,GAS,T04,Long,1990,36.14,71916.18,2521.76
TR005500,2024-12-19,COAL,T03,Short,417,115.54,48179.82,-440.28
TR005501,2024-12-19,COAL,T02,Long,391,109.41,42777.63,900.33
TR005502,2024-12-19,COAL,T04,Short,760,111.61,84826.18,-1037.98
TR005503,2024-12-19,COAL,T02,Long,1174,110.48,129705.87,-192.59
TR005504,2024-12-19,CO2,T07,Long,435,63.85,27773.23,132.62
TR005505,2024-12-19,CO2,T02,Short,1825,70.16,128041.2,-904.73
TR005506,2024-12-19,GAS,T03,Long,157,35.31,5543.37,-109.66
TR005507,2024-12-19,CO2,T04,Long,637,65.92,41988.86,-1265.02
TR005508,2024-12-19,CO2,T08,Short,454,67.83,30794.03,-328.76
TR005509,2024-12-19,GAS,T05,Short,1961,34.56,67776.67,-183.52
TR005510,2024-12-19,GAS,T07,Short,1548,35.79,55397.07,143.21
TR005511,2024-12-19,COAL,T01,Short,296,106.77,31605.3,583.89
TR005512,2024-12-19,PWR,T06,Short,918,92.86,85247.32,-320.59
TR005513,2024-12-19,CO2,T05,Long,204,69.18,14113.03,147.63
TR005514,2024-12-19,GAS,T05,Long,1880,34.96,65715.68,7.0
TR005515,2024-12-19,PWR,T08,Short,1800,85.35,153634.0,3441.34
TR005516,2024-12-19,CO2,T01,Short,866,66.55,57634.9,691.55
TR005517,2024-12-20,GAS,T05,Short,1281,37.05,47463.88,312.99
TR005518,2024-12-20,PWR,T08,Long,1818,93.68,170304.15,-2119.95
TR005519,2024-12-20,GAS,T01,Long,1122,33.68,37791.5,261.86
TR005520,2024-12-20,GAS,T07,Short,1422,33.53,47677.87,1055.46
TR005521,2024-12-20,CO2,T08,Long,343,64.71,22194.91,-331.34
TR005522,2024-12-20,GAS,T02,Short,658,34.52,22715.35,26.87
TR005523,2024-12-20,PWR,T02,Long,1488,79.36,118091.06,3294.95
TR005524,2024-12-20,CO2,T01,Short,400,67.94,27174.86,-3.44
TR005525,2024-12-20,GAS,T01,Long,1276,39.36,50227.21,-809.23
TR005526,2024-12-20,GAS,T08,Short,1109,37.42,41498.49,520.53
TR005527,2024-12-20,PWR,T02,Long,891,81.25,72392.7,475.57
TR005528,2024-12-20,PWR,T01,Short,414,92.75,38397.05,-275.96
TR005529,2024-12-20,CO2,T03,Long,1502,62.79,94306.43,835.11
TR005530,2024-12-20,CO2,T07,Short,327,68.27,22323.36,604.19
TR005531,2024-12-20,CO2,T03,Short,1252,71.76,89844.92,780.4
TR005532,2024-12-20,PWR,T04,Short,554,90.58,50182.32,-226.27
TR005533,2024-12-23,COAL,T05,Short,251,118.03,29625.88,-750.93
TR005534,2024-12-23,CO2,T05,Long,1107,69.26,76665.29,-41.64
TR005535,2024-12-23,CO2,T06,Long,1432,70.65,101172.41,-351.46
TR005536,2024-12-23,COAL,T08,Short,1569,112.44,176415.47,427.59
TR005537,2024-12-23,GAS,T07,Short,298,32.93,9812.09,-118.83
TR005538,2024-12-23,PWR,T03,Long,1341,88.88,119191.37,-477.38
TR005539,2024-12-23,PWR,T01,Short,756,89.98,68026.69,236.95
TR005540,2024-12-23,GAS,T03,Long,964,39.5,38078.22,-28.41
TR005541,2024-12-23,PWR,T03,Long,624,87.45,54569.91,726.22
TR005542,2024-12-23,CO2,T06,Long,433,70.79,30653.3,-170.3
TR005543,2024-12-23,GAS,T05,Long,519,33.85,17567.91,-213.87
TR005544,2024-12-23,PWR,T06,Long,1383,96.59,133581.1,1981.4
TR005545,2024-12-23,PWR,T05,Short,406,85.8,34836.66,701.88
TR005546,2024-12-23,COAL,T01,Long,622,110.51,68734.38,2538.78
TR005547,2024-12-23,GAS,T04,Long,1929,35.57,68613.1,-1625.24
TR005548,2024-12-23,GAS,T07,Short,1983,37.25,73874.0,809.12
TR005549,2024-12-23,GAS,T01,Short,1225,34.65,42443.44,342.44
TR005550,2024-12-23,GAS,T05,Long,1933,33.82,65372.8,-1237.1
TR005551,2024-12-23,GAS,T03,Short,1083,36.76,39807.48,54.59
TR005552,2024-12-23,COAL,T08,Long,745,114.59,85370.98,1421.08
TR005553,2024-12-23,CO2,T02,Short,1147,69.03,79182.66,692.4
TR005554,2024-12-23,GAS,T05,Short,1872,31.93,59767.22,-267.21
TR005555,2024-12-23,PWR,T02,Long,1713,78.1,133784.41,268.1
TR005556,2024-12-23,GAS,T01,Short,891,35.65,31763.88,-731.1
TR005557,2024-12-23,COAL,T02,Long,394,113.17,44588.86,988.1
TR005558,2024-12-24,PWR,T08,Short,200,88.51,17702.48,469.25
TR005559,2024-12-24,CO2,T04,Long,910,63.32,57619.76,645.78
TR005560,2024-12-24,PWR,T05,Short,1123,92.02,103343.51,-1667.28
TR005561,2024-12-24,GAS,T03,Long,204,36.02,7347.15,134.18
TR005562,2024-12-24,PWR,T01,Short,1194,91.61,109380.35,852.13
TR005563,2024-12-24,CO2,T01,Long,1275,68.49,87324.27,-3055.8
TR005564,2024-12-24,PWR,T05,Long,1126,96.65,108824.32,490.25
TR005565,2024-12-24,GAS,T06,Long,526,36.19,19036.12,-2.75
TR005566,2024-12-24,CO2,T07,Long,1482,71.04,105277.94,-337.7
TR005567,2024-12-24,PWR,T06,Long,1390,89.51,124415.37,-509.17
TR005568,2024-12-24,PWR,T04,Long,840,98.01,82329.19,-411.66
TR005569,2024-12-24,CO2,T06,Short,1079,65.04,70175.97,1083.83
TR005570,2024-12-24,PWR,T07,Short,456,91.34,41653.03,151.25
TR005571,2024-12-24,COAL,T01,Long,903,109.33,98723.61,-449.18
TR005572,2024-12-24,COAL,T07,Long,702,113.44,79634.32,-2075.14
TR005573,2024-12-24,GAS,T04,Short,1446,35.56,51418.43,-1392.97
TR005574,2024-12-24,CO2,T06,Long,1909,75.88,144854.57,-578.18
TR005575,2024-12-25,GAS,T08,Short,1826,36.84,67272.69,902.64
TR005576,2024-12-25,GAS,T03,Long,1603,36.07,57818.36,-508.33
TR005577,2024-12-25,COAL,T03,Long,872,109.36,95359.01,429.1
TR005578,2024-12-25,PWR,T08,Short,1669,87.91,146721.37,-1675.95
TR005579,2024-12-25,PWR,T03,Short,1664,83.37,138720.04,715.67
TR005580,2024-12-25,COAL,T04,Long,1917,105.12,201506.28,635.69
TR005581,2024-12-25,CO2,T08,Long,1378,65.83,90716.71,-173.45
TR005582,2024-12-25,PWR,T01,Long,591,84.35,49851.24,380.46
TR005583,2024-12-25,PWR,T08,Short,1547,87.66,135613.02,2438.31
TR005584,2024-12-25,COAL,T04,Short,231,118.21,27306.5,-856.99
TR005585,2024-12-25,CO2,T02,Long,452,75.08,33934.23,583.77
TR005586,2024-12-25,GAS,T08,Long,784,34.72,27222.22,-24.89
TR005587,2024-12-25,GAS,T03,Long,229,37.13,8503.28,-102.03
TR005588,2024-12-25,PWR,T02,Long,1802,87.08,156919.38,883.87
TR005589,2024-12-25,CO2,T01,Long,1440,73.13,105306.16,1086.05
TR005590,2024-12-25,COAL,T04,Short,652,120.12,78321.31,305.42
TR005591,2024-12-25,PWR,T06,Short,802,89.41,71705.74,-920.95
TR005592,2024-12-25,CO2,T08,Short,604,68.59,41426.59,-730.95
TR005593,2024-12-25,COAL,T03,Short,1763,112.91,199053.62,-3804.39
TR005594,2024-12-25,COAL,T04,Long,373,111.09,41435.42,-623.88
TR005595,2024-12-25,COAL,T05,Long,604,114.57,69202.7,-113.83
TR005596,2024-12-25,GAS,T02,Short,132,34.43,4544.94,81.22
TR005597,2024-12-25,GAS,T04,Long,1759,35.12,61768.09,646.19
TR005598,2024-12-25,PWR,T08,Long,697,90.46,63051.31,-1353.51
TR005599,2024-12-25,CO2,T08,Short,146,67.13,9801.64,-187.37
TR005600,2024-12-25,PWR,T07,Short,731,85.41,62432.09,-1472.34
TR005601,2024-12-26,GAS,T05,Long,941,36.45,34298.61,118.69
TR005602,2024-12-26,COAL,T03,Long,1048,108.3,113497.13,-1726.11
TR005603,2024-12-26,CO2,T05,Short,1428,68.72,98126.16,605.8
TR005604,2024-12-26,CO2,T05,Long,1227,67.42,82724.34,-715.37
TR005605,2024-12-26,PWR,T08,Short,896,89.47,80164.13,-2990.29
TR005606,2024-12-26,GAS,T05,Long,275,36.33,9989.9,5.76
TR005607,2024-12-26,CO2,T02,Short,1799,64.82,116604.19,-2277.86
TR005608,2024-12-26,CO2,T07,Long,329,76.4,25135.38,122.39
TR005609,2024-12-26,COAL,T01,Long,73,107.1,7818.66,43.91
TR005610,2024-12-26,CO2,T08,Short,335,74.59,24989.2,1007.48
TR005611,2024-12-26,GAS,T04,Short,1346,36.3,48866.05,-42.06
TR005612,2024-12-26,GAS,T05,Long,768,33.72,25895.56,499.47
TR005613,2024-12-26,COAL,T01,Long,357,111.61,39845.42,297.26
TR005614,2024-12-26,COAL,T07,Short,963,114.07,109854.17,838.98
TR005615,2024-12-26,CO2,T02,Long,1958,68.0,133141.65,-1332.75
TR005616,2024-12-26,PWR,T07,Short,1830,86.96,159138.38,1761.03
TR005617,2024-12-26,COAL,T06,Long,1039,117.99,122595.17,-364.23
TR005618,2024-12-26,GAS,T08,Long,289,37.02,10697.76,-275.95
TR005619,2024-12-26,COAL,T05,Short,295,114.71,33840.76,-86.8
TR005620,2024-12-26,PWR,T07,Short,598,80.28,48009.84,-320.96
TR005621,2024-12-26,CO2,T05,Long,1650,75.36,124336.75,2052.05
TR005622,2024-12-26,CO2,T04,Long,777,66.24,51471.58,959.8
TR005623,2024-12-26,PWR,T01,Long,1073,85.05,91260.96,-1396.09
TR005624,2024-12-26,CO2,T05,Short,978,66.71,65238.32,-389.7
TR005625,2024-12-26,COAL,T06,Long,399,110.98,44282.69,-639.16
TR005626,2024-12-27,PWR,T05,Long,1591,87.67,139484.56,-606.86
TR005627,2024-12-27,GAS,T05,Long,156,34.41,5367.83,79.66
TR005628,2024-12-27,GAS,T01,Long,974,35.57,34648.19,174.04
TR005629,2024-12-27,GAS,T06,Short,1134,37.49,42512.32,33.94
TR005630,2024-12-27,GAS,T08,Long,1606,36.39,58447.57,-540.27
TR005631,2024-12-27,GAS,T02,Short,1446,34.26,49538.15,1275.82
TR005632,2024-12-27,PWR,T07,Short,1239,86.45,107116.69,-1077.43
TR005633,2024-12-27,GAS,T06,Short,1912,33.7,64433.83,-1276.03
TR005634,2024-12-27,GAS,T03,Long,1010,37.83,38209.8,400.06
TR005635,2024-12-27,GAS,T02,Short,112,34.37,3849.39,-81.37
TR005636,2024-12-27,PWR,T06,Long,1906,90.9,173253.04,427.76
TR005637,2024-12-27,GAS,T08,Short,409,34.18,13980.15,-217.72
TR005638,2024-12-27,PWR,T07,Short,225,95.11,21399.37,68.13
TR005639,2024-12-27,PWR,T07,Long,998,94.98,94789.06,-150.4
TR005640,2024-12-27,GAS,T08,Long,1274,34.32,43726.86,-487.53
TR005641,2024-12-27,COAL,T05,Long,84,111.54,9369.72,-49.01
TR005642,2024-12-27,PWR,T06,Long,917,99.22,90986.13,861.76
TR005643,2024-12-27,CO2,T07,Long,454,70.35,31939.52,698.81
TR005644,2024-12-27,GAS,T01,Short,1275,37.07,47263.63,-717.16
TR005645,2024-12-27,PWR,T01,Long,676,99.38,67180.68,-1037.12
TR005646,2024-12-27,CO2,T04,Long,1229,70.93,87171.11,-222.83
TR005647,2024-12-30,CO2,T01,Short,1464,64.87,94972.51,437.52
TR005648,2024-12-30,COAL,T02,Long,1813,113.42,205628.77,-3209.55
TR005649,2024-12-30,PWR,T07,Long,1504,94.19,141663.12,994.26
TR005650,2024-12-30,PWR,T08,Short,1347,83.46,112420.5,-2067.27
TR005651,2024-12-30,GAS,T01,Short,874,37.7,32952.99,885.55
TR005652,2024-12-30,COAL,T04,Long,1901,113.89,216500.05,2535.95
TR005653,2024-12-30,CO2,T03,Short,1388,67.49,93672.91,-153.06
TR005654,2024-12-30,CO2,T06,Long,102,62.86,6412.01,114.24
TR005655,2024-12-30,GAS,T03,Long,615,32.15,19769.86,-273.34
TR005656,2024-12-30,GAS,T01,Long,1227,36.11,44313.08,-1236.63
TR005657,2024-12-30,PWR,T06,Short,363,75.8,27517.06,-231.88
TR005658,2024-12-30,COAL,T05,Long,1506,120.23,181064.47,86.55
TR005659,2024-12-30,PWR,T02,Long,868,86.52,75099.95,-1809.16
TR005660,2024-12-30,PWR,T06,Long,429,89.4,38352.98,493.82
TR005661,2024-12-30,GAS,T01,Long,630,36.5,22995.42,181.05
TR005662,2024-12-30,COAL,T07,Short,935,122.15,114211.39,2585.59
TR005663,2024-12-30,GAS,T07,Long,1009,36.75,37081.12,-696.01
TR005664,2024-12-30,GAS,T03,Long,1968,33.12,65184.4,328.1
TR005665,2024-12-30,CO2,T07,Long,696,65.8,45799.75,-225.42
TR005666,2024-12-30,CO2,T02,Long,1747,67.0,117046.51,198.56
TR005667,2024-12-31,COAL,T08,Short,718,115.78,83129.93,1186.18
TR005668,2024-12-31,CO2,T04,Short,1304,81.01,105632.46,-1245.55
TR005669,2024-12-31,COAL,T05,Long,1774,110.65,196295.5,1732.2
TR005670,2024-12-31,CO2,T01,Long,1961,70.72,138686.76,-5194.32
TR005671,2024-12-31,GAS,T05,Short,1092,32.93,35963.01,-7.78
TR005672,2024-12-31,PWR,T06,Long,1709,88.29,150894.04,4559.79
TR005673,2024-12-31,COAL,T06,Long,1691,110.36,186617.02,3530.81
TR005674,2024-12-31,GAS,T08,Short,933,37.25,34754.44,-894.71
TR005675,2024-12-31,GAS,T03,Short,1748,33.04,57746.47,908.59
TR005676,2024-12-31,GAS,T08,Long,1515,36.03,54590.54,853.48
TR005677,2024-12-31,PWR,T01,Long,1960,85.62,167815.63,-1649.76
TR005678,2024-12-31,CO2,T05,Short,1427,65.78,93868.41,-87.97
TR005679,2024-12-31,PWR,T07,Short,619,79.59,49266.05,-1135.58
TR005680,2024-12-31,CO2,T03,Short,1063,62.43,66360.01,-934.69
TR005681,2024-12-31,GAS,T03,Long,255,34.29,8744.44,36.08
TR005682,2024-12-31,PWR,T02,Long,749,89.12,66752.46,-472.75
TR005683,2024-12-31,CO2,T08,Long,1013,68.56,69448.02,1022.19
TR005684,2024-12-31,CO2,T07,Short,192,74.83,14368.19,-28.14
TR005685,2024-12-31,CO2,T08,Short,536,70.32,37693.96,72.98
TR005686,2024-12-31,CO2,T04,Short,331,69.95,23152.23,434.03
TR005687,2024-12-31,PWR,T05,Short,1528,86.89,132773.82,-2788.01
TR005688,2025-01-01,PWR,T02,Short,858,81.9,70269.29,255.52
TR005689,2025-01-01,GAS,T08,Long,1882,38.04,71597.53,-184.35
TR005690,2025-01-01,COAL,T04,Long,1941,103.07,200065.97,872.95
TR005691,2025-01-01,PWR,T01,Long,903,83.82,75691.95,-47.57
TR005692,2025-01-01,PWR,T06,Short,1658,102.27,169564.42,-3316.82
TR005693,2025-01-01,GAS,T06,Short,1061,35.88,38068.12,408.0
TR005694,2025-01-01,COAL,T07,Long,842,110.75,93255.49,-1188.3
TR005695,2025-01-01,PWR,T08,Long,1525,90.73,138364.5,3541.6
TR005696,2025-01-01,COAL,T01,Short,1945,115.97,225561.79,-5154.38
TR005697,2025-01-01,CO2,T06,Long,1451,73.13,106113.26,-3917.53
TR005698,2025-01-01,PWR,T06,Long,132,89.77,11850.05,-69.33
TR005699,2025-01-01,GAS,T02,Long,1976,36.53,72192.19,-2298.03
TR005700,2025-01-01,PWR,T07,Long,380,87.93,33412.52,536.54
TR005701,2025-01-01,CO2,T03,Long,1853,69.02,127900.83,1.08
TR005702,2025-01-01,COAL,T08,Short,189,107.08,20238.17,-218.54
TR005703,2025-01-02,COAL,T02,Long,705,110.56,77945.04,-180.67
TR005704,2025-01-02,COAL,T03,Long,1812,115.59,209442.78,4725.69
TR005705,2025-01-02,PWR,T02,Short,485,83.39,40445.26,-279.79
TR005706,2025-01-02,CO2,T03,Short,91,63.6,5787.97,247.32
TR005707,2025-01-02,PWR,T08,Long,245,83.56,20471.44,279.74
TR005708,2025-01-02,PWR,T07,Short,646,85.77,55404.71,297.61
TR005709,2025-01-02,PWR,T01,Long,703,89.96,63244.62,-4.61
TR005710,2025-01-02,CO2,T08,Long,1694,69.78,118203.01,1711.46
TR005711,2025-01-02,PWR,T01,Short,995,84.65,84228.45,774.99
TR005712,2025-01-02,PWR,T01,Long,1554,84.89,131917.02,-234.2
TR005713,2025-01-02,PWR,T08,Long,1094,98.32,107564.74,92.8
TR005714,2025-01-02,CO2,T01,Short,1149,72.4,83181.88,-257.21
TR005715,2025-01-02,CO2,T02,Long,1773,69.28,122824.97,1452.04
TR005716,2025-01-02,CO2,T08,Long,85,67.46,5734.42,-60.75
TR005717,2025-01-02,CO2,T04,Short,607,70.16,42587.61,1283.25
TR005718,2025-01-02,CO2,T01,Short,1409,68.41,96392.76,552.63
TR005719,2025-01-03,PWR,T04,Short,917,93.14,85405.94,1017.72
TR005720,2025-01-03,CO2,T02,Long,1492,68.08,101577.39,-188.16
TR005721,2025-01-03,CO2,T03,Long,1694,66.82,113195.33,1301.69
TR005722,2025-01-03,PWR,T01,Long,696,88.9,61877.29,-1539.77
TR005723,2025-01-03,GAS,T04,Short,1326,32.24,42747.94,378.42
TR005724,2025-01-03,COAL,T06,Short,1402,119.63,167726.3,-1649.72
TR005725,2025-01-03,PWR,T08,Long,1714,77.5,132832.68,-4626.06
TR005726,2025-01-03,CO2,T03,Short,804,75.54,60737.78,315.73
TR005727,2025-01-03,CO2,T06,Long,545,72.88,39718.26,484.85
TR005728,2025-01-03,CO2,T06,Short,565,71.46,40375.93,-166.17
TR005729,2025-01-03,GAS,T06,Long,1377,37.32,51396.43,444.09
TR005730,2025-01-03,COAL,T04,Long,1364,117.87,160776.2,2953.74
TR005731,2025-01-03,COAL,T04,Long,1102,111.08,122412.92,-19.87
TR005732,2025-01-03,GAS,T06,Long,349,35.2,12284.7,-56.87
TR005733,2025-01-03,CO2,T03,Long,267,68.43,18270.67,-222.47
TR005734,2025-01-03,CO2,T04,Long,1230,72.0,88557.73,-1762.38
TR005735,2025-01-03,CO2,T06,Short,1411,72.71,102595.3,-1652.6
TR005736,2025-01-03,PWR,T02,Short,1997,86.54,172826.98,-569.76
TR005737,2025-01-03,CO2,T02,Short,1989,71.92,143044.44,-3048.16
TR005738,2025-01-03,PWR,T01,Short,1923,90.55,174123.11,147.84
TR005739,2025-01-03,PWR,T01,Long,1443,96.37,139066.56,967.51
TR005740,2025-01-03,COAL,T03,Short,752,113.53,85375.61,-259.92
TR005741,2025-01-06,GAS,T02,Long,1997,36.09,72066.92,-806.13
TR005742,2025-01-06,GAS,T02,Long,1383,33.71,46623.66,685.02
TR005743,2025-01-06,GAS,T02,Short,1611,36.5,58794.44,1888.03
TR005744,2025-01-06,COAL,T07,Long,76,115.97,8813.64,35.63
TR005745,2025-01-06,COAL,T06,Short,660,113.3,74777.01,28.88
TR005746,2025-01-06,CO2,T02,Long,60,69.2,4152.19,12.08
TR005747,2025-01-06,CO2,T06,Long,1406,64.2,90268.94,1355.24
TR005748,2025-01-06,COAL,T04,Short,610,117.07,71415.74,-818.49
TR005749,2025-01-06,COAL,T05,Short,1908,107.27,204678.66,-1393.04
TR005750,2025-01-06,PWR,T08,Long,502,83.14,41735.01,527.07
TR005751,2025-01-06,CO2,T07,Short,803,75.12,60317.37,-598.88
TR005752,2025-01-06,CO2,T07,Long,1771,73.32,129856.81,-51.18
TR005753,2025-01-06,GAS,T03,Short,426,36.73,15646.27,-233.51
TR005754,2025-01-06,COAL,T02,Long,1674,111.31,186334.43,195.88
TR005755,2025-01-06,COAL,T06,Short,1461,122.06,178324.45,2809.49
TR005756,2025-01-06,GAS,T02,Long,1959,34.6,67780.34,-1173.72
TR005757,2025-01-06,COAL,T08,Long,587,116.06,68130.07,-1769.66
TR005758,2025-01-06,PWR,T04,Short,785,98.84,77588.78,254.87
TR005759,2025-01-06,GAS,T01,Short,1035,36.42,37695.63,-44.56
TR005760,2025-01-06,COAL,T04,Long,515,118.56,61060.19,347.53
TR005761,2025-01-06,CO2,T03,Short,468,77.16,36113.05,177.32
TR005762,2025-01-06,PWR,T08,Long,703,92.09,64742.45,329.55
TR005763,2025-01-06,PWR,T05,Long,1764,97.47,171928.95,-1394.97
TR005764,2025-01-06,COAL,T03,Short,1185,111.21,131784.02,-1180.58
TR005765,2025-01-06,PWR,T08,Short,582,89.03,51816.9,-1139.71
TR005766,2025-01-06,CO2,T08,Long,1357,68.36,92762.9,-146.05
TR005767,2025-01-06,CO2,T06,Short,1063,68.89,73226.98,-254.77
TR005768,2025-01-06,PWR,T03,Long,1845,91.08,168049.6,1135.24
TR005769,2025-01-06,PWR,T07,Short,1415,90.44,127971.17,-1230.71
TR005770,2025-01-07,COAL,T03,Short,209,106.29,22214.34,-530.55
TR005771,2025-01-07,PWR,T07,Long,195,80.42,15681.41,338.84
TR005772,2025-01-07,PWR,T02,Long,879,83.34,73258.97,-2041.67
TR005773,2025-01-07,GAS,T03,Short,1324,37.96,50263.64,-1155.08
TR005774,2025-01-07,PWR,T01,Short,725,85.96,62320.77,-103.84
TR005775,2025-01-07,CO2,T06,Long,499,73.57,36711.63,0.49
TR005776,2025-01-07,PWR,T07,Long,415,98.7,40962.57,-177.41
TR005777,2025-01-07,COAL,T01,Short,85,110.87,9423.66,138.31
TR005778,2025-01-07,COAL,T04,Short,408,112.94,46077.55,-62.6
TR005779,2025-01-07,CO2,T08,Short,600,75.03,45018.87,444.89
TR005780,2025-01-07,COAL,T03,Long,1792,116.24,208303.41,-3821.84
TR005781,2025-01-07,COAL,T03,Short,1767,116.71,206232.1,-1287.94
TR005782,2025-01-07,PWR,T02,Long,217,94.48,20502.25,-242.63
TR005783,2025-01-07,PWR,T03,Long,1669,87.09,145346.91,-2590.72
TR005784,2025-01-07,COAL,T04,Short,74,115.38,8538.05,-130.82
TR005785,2025-01-07,GAS,T08,Long,103,36.44,3753.45,2.11
TR005786,2025-01-07,COAL,T08,Short,774,116.66,90294.81,-721.02
TR005787,2025-01-07,PWR,T08,Long,341,82.58,28158.09,280.03
TR005788,2025-01-07,GAS,T05,Short,291,33.48,9742.8,-1.91
TR005789,2025-01-07,CO2,T08,Short,592,70.65,41822.86,-1562.75
TR005790,2025-01-07,COAL,T04,Short,430,121.29,52153.99,-417.55
TR005791,2025-01-07,CO2,T08,Short,178,71.63,12749.84,235.53
TR005792,2025-01-07,COAL,T07,Short,1210,111.27,134632.34,-2415.11
TR005793,2025-01-07,PWR,T02,Short,1552,75.95,117870.8,-3368.94
TR005794,2025-01-07,CO2,T08,Long,1649,69.51,114629.66,298.42
TR005795,2025-01-07,CO2,T03,Short,1607,70.13,112706.0,885.87
TR005796,2025-01-08,PWR,T02,Long,1932,84.33,162916.03,2863.93
TR005797,2025-01-08,PWR,T06,Long,396,97.08,38444.74,548.23
TR005798,2025-01-08,CO2,T04,Short,1435,68.7,98583.24,772.02
TR005799,2025-01-08,COAL,T02,Short,269,112.36,30224.69,451.95
TR005800,2025-01-08,GAS,T04,Long,1331,35.57,47347.08,717.16
TR005801,2025-01-08,CO2,T07,Long,1437,69.94,100505.31,-1337.84
TR005802,2025-01-08,COAL,T02,Long,795,112.32,89296.01,-282.66
TR005803,2025-01-08,PWR,T05,Short,1979,87.7,173565.81,6000.72
TR005804,2025-01-08,PWR,T05,Short,724,87.61,63430.53,458.14
TR005805,2025-01-08,COAL,T08,Short,1520,120.07,182498.92,3188.17
TR005806,2025-01-08,GAS,T02,Short,1487,36.74,54632.62,260.42
TR005807,2025-01-08,GAS,T03,Short,244,36.63,8938.06,56.14
TR005808,2025-01-08,GAS,T08,Long,580,35.55,20618.57,-290.4
TR005809,2025-01-08,GAS,T04,Short,1012,34.76,35173.93,-605.31
TR005810,2025-01-08,CO2,T02,Short,358,65.48,23440.31,-14.94
TR005811,2025-01-08,GAS,T05,Short,82,34.94,2865.16,-19.18
TR005812,2025-01-09,COAL,T04,Long,101,110.4,11150.06,-146.61
TR005813,2025-01-09,GAS,T02,Short,179,35.19,6299.13,86.43
TR005814,2025-01-09,CO2,T08,Long,368,72.41,26645.84,-587.11
TR005815,2025-01-09,GAS,T06,Long,251,34.77,8727.21,-26.41
TR005816,2025-01-09,COAL,T05,Long,574,118.44,67981.79,1432.78
TR005817,2025-01-09,CO2,T07,Long,1296,70.21,90993.72,-1434.57
TR005818,2025-01-09,COAL,T08,Long,425,111.02,47182.86,449.28
TR005819,2025-01-09,GAS,T02,Short,102,35.58,3629.66,15.33
TR005820,2025-01-09,COAL,T08,Long,383,118.1,45232.79,148.1
TR005821,2025-01-09,COAL,T07,Long,1017,118.48,120491.65,1186.9
TR005822,2025-01-09,GAS,T02,Short,321,35.7,11458.39,394.9
TR005823,2025-01-09,GAS,T02,Long,859,37.67,32357.53,82.98
TR005824,2025-01-09,COAL,T07,Long,1346,120.07,161611.97,-2139.68
TR005825,2025-01-09,GAS,T03,Long,726,34.81,25268.71,-70.46
TR005826,2025-01-09,COAL,T04,Short,1083,108.01,116975.59,-1752.18
TR005827,2025-01-09,GAS,T03,Long,376,37.96,14272.39,-100.12
TR005828,2025-01-09,COAL,T06,Long,687,106.47,73146.83,1084.31
TR005829,2025-01-09,COAL,T06,Long,1453,108.26,157304.17,-422.69
TR005830,2025-01-09,GAS,T05,Short,74,34.02,2517.24,-6.2
TR005831,2025-01-09,COAL,T04,Short,1087,111.68,121395.34,749.98
TR005832,2025-01-09,PWR,T06,Short,1839,76.46,140611.44,-1625.44
TR005833,2025-01-09,GAS,T02,Long,1415,35.5,50229.74,672.71
TR005834,2025-01-09,CO2,T05,Short,1223,65.22,79769.02,-511.63
TR005835,2025-01-09,PWR,T05,Long,256,100.62,25758.71,191.04
TR005836,2025-01-09,CO2,T04,Short,1517,69.06,104757.7,-491.71
TR005837,2025-01-09,PWR,T08,Long,1114,86.27,96101.43,3283.13
TR005838,2025-01-09,PWR,T06,Short,1118,93.56,104605.37,-2621.62
TR005839,2025-01-10,CO2,T06,Short,1597,72.22,115330.27,-1561.23
TR005840,2025-01-10,COAL,T07,Long,1530,112.14,171576.45,772.66
TR005841,2025-01-10,COAL,T03,Long,905,111.19,100624.77,-575.23
TR005842,2025-01-10,PWR,T01,Short,1211,96.37,116700.62,-352.74
TR005843,2025-01-10,CO2,T08,Long,1420,70.06,99478.48,1470.2
TR005844,2025-01-10,CO2,T07,Short,1260,71.1,89580.33,-1144.1
TR005845,2025-01-10,COAL,T01,Long,1753,115.79,202981.27,-2541.26
TR005846,2025-01-10,PWR,T08,Long,1336,93.24,124566.43,189.93
TR005847,2025-01-10,PWR,T03,Long,621,89.32,55466.85,-749.88
TR005848,2025-01-10,CO2,T04,Long,1514,75.4,114161.0,83.9
TR005849,2025-01-10,PWR,T04,Long,1376,95.22,131020.4,1815.48
TR005850,2025-01-10,COAL,T07,Short,309,113.54,35084.18,-198.28
TR005851,2025-01-10,PWR,T03,Long,287,80.56,23121.56,67.23
TR005852,2025-01-10,CO2,T08,Short,1770,69.66,123296.04,841.96
TR005853,2025-01-10,COAL,T01,Long,404,109.66,44302.69,-791.47
TR005854,2025-01-10,PWR,T05,Long,1322,86.91,114893.6,-1166.15
TR005855,2025-01-10,CO2,T01,Long,346,63.56,21991.39,12.12
TR005856,2025-01-10,CO2,T05,Long,410,68.02,27889.05,493.5
TR005857,2025-01-10,COAL,T05,Short,1879,113.03,212380.39,-883.4
TR005858,2025-01-10,PWR,T08,Long,1295,87.82,113727.22,1207.01
TR005859,2025-01-10,GAS,T08,Long,714,37.07,26468.36,-275.84
TR005860,2025-01-13,PWR,T07,Long,361,88.2,31839.3,-789.29
TR005861,2025-01-13,GAS,T07,Short,983,34.55,33963.21,293.09
TR005862,2025-01-13,PWR,T07,Long,557,90.36,50331.54,607.77
TR005863,2025-01-13,PWR,T08,Short,1683,87.75,147684.64,-2932.87
TR005864,2025-01-13,PWR,T01,Long,642,85.28,54747.12,-702.68
TR005865,2025-01-13,GAS,T07,Long,1835,35.7,65518.48,-874.36
TR005866,2025-01-13,CO2,T02,Short,259,68.76,17807.7,173.69
TR005867,2025-01-13,GAS,T03,Long,1015,34.96,35488.71,28.72
TR005868,2025-01-13,COAL,T05,Short,1365,114.93,156883.6,-589.58
TR005869,2025-01-13,COAL,T03,Long,471,110.52,52056.97,1004.48
TR005870,2025-01-13,COAL,T06,Long,1367,107.52,146985.55,410.66
TR005871,2025-01-13,PWR,T01,Long,557,101.93,56774.17,525.41
TR005872,2025-01-13,CO2,T07,Long,115,68.85,7917.57,112.04
TR005873,2025-01-13,PWR,T07,Short,1073,95.49,102455.47,2435.98
TR005874,2025-01-13,CO2,T06,Long,655,72.64,47579.51,-156.54
TR005875,2025-01-13,COAL,T04,Short,211,118.88,25084.71,220.46
TR005876,2025-01-14,GAS,T04,Long,750,37.9,28421.55,-505.08
TR005877,2025-01-14,GAS,T07,Short,605,34.85,21085.15,58.44
TR005878,2025-01-14,GAS,T07,Short,105,34.71,3644.1,85.54
TR005879,2025-01-14,CO2,T03,Long,335,66.73,22355.09,-28.88
TR005880,2025-01-14,CO2,T06,Long,497,64.49,32053.94,624.92
TR005881,2025-01-14,GAS,T07,Long,1994,35.35,70482.6,-740.6
TR005882,2025-01-14,COAL,T02,Long,298,120.49,35906.96,-653.59
TR005883,2025-01-14,COAL,T07,Short,1172,115.26,135088.24,1116.65
TR005884,2025-01-14,COAL,T04,Long,315,115.98,36534.32,-57.06
TR005885,2025-01-14,COAL,T02,Long,182,114.69,20873.68,-289.23
TR005886,2025-01-14,GAS,T01,Long,1498,34.1,51076.2,988.06
TR005887,2025-01-14,CO2,T03,Long,781,67.22,52497.01,-1488.43
TR005888,2025-01-14,COAL,T05,Long,1426,119.81,170851.4,-2328.62
TR005889,2025-01-14,PWR,T03,Long,845,87.07,73571.75,-923.16
TR005890,2025-01-14,PWR,T03,Short,1800,82.06,147715.09,-406.62
TR005891,2025-01-14,COAL,T05,Long,1904,104.84,199618.38,2184.99
TR005892,2025-01-14,PWR,T02,Short,600,84.85,50912.5,71.3
TR005893,2025-01-14,COAL,T02,Short,1957,118.69,232279.14,-5177.52
TR005894,2025-01-14,COAL,T03,Long,686,118.2,81083.1,-678.13
TR005895,2025-01-14,COAL,T02,Long,1280,117.75,150717.64,-39.73
TR005896,2025-01-14,PWR,T06,Short,1281,100.15,128296.71,4172.26
TR005897,2025-01-14,CO2,T01,Short,263,68.78,18088.81,51.34
TR005898,2025-01-14,GAS,T06,Short,1938,38.11,73862.0,1586.35
TR005899,2025-01-14,GAS,T05,Short,705,36.07,25431.2,797.2
TR005900,2025-01-15,COAL,T04,Short,1423,113.33,161275.6,-2382.78
TR005901,2025-01-15,CO2,T06,Short,346,71.85,24859.97,530.89
TR005902,2025-01-15,PWR,T02,Short,911,86.65,78939.16,-1498.28
TR005903,2025-01-15,GAS,T06,Short,1877,35.43,66510.38,159.69
TR005904,2025-01-15,CO2,T08,Long,1237,69.26,85673.79,873.21
TR005905,2025-01-15,GAS,T01,Long,1656,35.89,59430.13,97.62
TR005906,2025-01-15,GAS,T04,Long,1223,36.8,45010.81,-622.12
TR005907,2025-01-15,CO2,T03,Long,1405,69.32,97392.25,2538.0
TR005908,2025-01-15,PWR,T01,Short,1721,80.36,138302.95,18.63
TR005909,2025-01-15,COAL,T08,Short,1605,111.52,178985.77,-4223.71
TR005910,2025-01-15,GAS,T03,Long,1690,35.03,59193.15,277.75
TR005911,2025-01-15,PWR,T02,Long,558,80.1,44697.88,1109.58
TR005912,2025-01-15,GAS,T01,Short,1465,35.48,51976.78,11.58
TR005913,2025-01-15,GAS,T02,Long,132,32.61,4304.79,-30.72
TR005914,2025-01-15,PWR,T07,Long,1686,85.53,144209.59,598.74
TR005915,2025-01-15,PWR,T01,Long,1628,86.99,141617.92,2153.39
TR005916,2025-01-15,COAL,T08,Long,794,113.8,90356.98,-363.64
TR005917,2025-01-15,COAL,T01,Short,352,114.85,40427.09,-607.21
TR005918,2025-01-15,CO2,T05,Short,1121,67.2,75329.34,1223.5
TR005919,2025-01-15,CO2,T08,Short,1982,65.79,130402.9,455.87
TR005920,2025-01-15,GAS,T05,Short,1460,32.81,47899.1,-3.35
TR005921,2025-01-15,GAS,T06,Short,773,35.54,27470.75,-82.7
TR005922,2025-01-15,PWR,T03,Long,692,77.73,53788.84,1182.77
TR005923,2025-01-15,PWR,T03,Short,1042,79.22,82548.61,828.88
TR005924,2025-01-15,COAL,T05,Long,113,110.68,12507.27,108.95
TR005925,2025-01-15,COAL,T03,Long,1601,111.02,177736.4,4248.52
TR005926,2025-01-15,CO2,T03,Short,926,75.29,69722.84,-1644.65
TR005927,2025-01-15,GAS,T07,Long,852,35.97,30646.06,207.39
TR005928,2025-01-16,COAL,T07,Short,1936,115.1,222837.13,-1662.85
TR005929,2025-01-16,GAS,T07,Long,625,36.4,22749.58,532.16
TR005930,2025-01-16,PWR,T07,Long,1575,81.95,129065.4,-2108.9
TR005931,2025-01-16,GAS,T05,Short,975,36.26,35356.39,-104.49
TR005932,2025-01-16,PWR,T08,Long,1436,89.86,129032.13,4791.47
TR005933,2025-01-16,PWR,T02,Short,338,94.08,31798.78,-457.5
TR005934,2025-01-16,PWR,T03,Long,458,93.77,42945.77,805.43
TR005935,2025-01-16,PWR,T01,Short,1512,96.31,145622.89,3532.03
TR005936,2025-01-16,CO2,T04,Long,212,70.87,15023.84,159.03
TR005937,2025-01-16,GAS,T01,Long,867,35.85,31081.12,-413.99
TR005938,2025-01-16,PWR,T08,Short,352,91.61,32245.67,-97.91
TR005939,2025-01-16,CO2,T03,Long,1428,71.78,102504.07,-284.71
TR005940,2025-01-16,CO2,T07,Short,1665,73.29,122024.03,-332.85
TR005941,2025-01-16,CO2,T07,Long,557,71.93,40066.56,194.84
TR005942,2025-01-16,GAS,T05,Long,753,40.01,30131.22,-342.82
TR005943,2025-01-16,GAS,T01,Short,324,37.46,12135.62,169.62
TR005944,2025-01-16,CO2,T05,Short,501,62.2,31163.1,-444.24
TR005945,2025-01-16,GAS,T04,Short,1055,35.73,37697.02,755.77
TR005946,2025-01-16,PWR,T05,Long,885,85.66,75805.42,-53.15
TR005947,2025-01-16,COAL,T08,Long,1279,114.9,146954.4,-1813.32
TR005948,2025-01-16,PWR,T06,Short,954,86.25,82286.61,315.58
TR005949,2025-01-16,CO2,T05,Short,1737,76.37,132661.61,1666.94
TR005950,2025-01-16,GAS,T02,Short,212,34.23,7255.95,-133.79
TR005951,2025-01-16,COAL,T01,Short,1918,111.32,213519.62,-2893.18
TR005952,2025-01-16,GAS,T05,Long,499,36.19,18058.01,-259.65
TR005953,2025-01-16,CO2,T01,Long,491,68.72,33741.53,637.1
TR005954,2025-01-16,COAL,T08,Long,821,118.7,97451.82,1441.32
TR005955,2025-01-16,PWR,T04,Short,1641,101.47,166512.19,-1649.32
TR005956,2025-01-16,GAS,T03,Short,1057,35.89,37940.07,119.88
TR005957,2025-01-17,GAS,T02,Long,1424,34.58,49243.77,-62.32
TR005958,2025-01-17,CO2,T01,Long,488,76.2,37183.42,1233.07
TR005959,2025-01-17,COAL,T07,Long,322,112.43,36202.57,569.95
TR005960,2025-01-17,COAL,T03,Long,1890,118.72,224374.43,5007.27
TR005961,2025-01-17,GAS,T04,Long,1076,36.33,39087.82,28.51
TR005962,2025-01-17,CO2,T06,Long,617,73.56,45387.27,-754.46
TR005963,2025-01-17,COAL,T01,Short,1679,112.99,189716.67,-3217.44
TR005964,2025-01-17,COAL,T05,Short,673,117.83,79302.49,-1948.97
TR005965,2025-01-17,GAS,T02,Short,144,35.49,5111.11,116.71
TR005966,2025-01-17,COAL,T03,Long,1896,114.75,217564.22,153.07
TR005967,2025-01-17,GAS,T08,Long,1156,35.24,40732.3,110.81
TR005968,2025-01-17,GAS,T01,Long,474,36.33,17219.84,248.8
TR005969,2025-01-17,PWR,T07,Long,1050,90.9,95440.43,-2552.9
TR005970,2025-01-17,CO2,T06,Long,1993,67.46,134447.84,1552.69
TR005971,2025-01-17,GAS,T02,Long,321,35.7,11458.65,171.12
TR005972,2025-01-17,PWR,T01,Long,518,94.13,48758.53,-661.13
TR005973,2025-01-17,COAL,T08,Short,772,114.7,88548.59,1901.87
TR005974,2025-01-17,PWR,T01,Short,1336,92.1,123039.78,2769.06
TR005975,2025-01-17,PWR,T05,Short,1115,79.34,88466.39,-1120.4
TR005976,2025-01-20,COAL,T02,Short,1196,112.15,134129.11,-189.57
TR005977,2025-01-20,COAL,T06,Short,1709,118.58,202661.19,492.02
TR005978,2025-01-20,PWR,T02,Long,1894,96.76,183258.84,1307.33
TR005979,2025-01-20,PWR,T06,Long,1265,86.2,109049.05,-5125.63
TR005980,2025-01-20,PWR,T04,Long,595,90.78,54016.36,859.77
TR005981,2025-01-20,GAS,T02,Short,233,35.08,8173.68,-3.9
TR005982,2025-01-20,GAS,T01,Long,1055,38.0,40086.44,24.73
TR005983,2025-01-20,GAS,T02,Long,376,33.25,12501.58,-246.28
TR005984,2025-01-20,GAS,T06,Short,385,35.92,13827.42,79.86
TR005985,2025-01-20,PWR,T03,Short,1287,86.91,111859.37,1168.69
TR005986,2025-01-20,COAL,T03,Short,515,118.15,60846.38,1531.06
TR005987,2025-01-20,CO2,T07,Long,520,73.16,38043.4,469.01
TR005988,2025-01-20,COAL,T02,Long,793,119.52,94775.68,1129.12
TR005989,2025-01-20,PWR,T04,Long,1208,79.43,95957.44,-997.61
TR005990,2025-01-20,GAS,T08,Long,1193,35.24,42035.7,-114.98
TR005991,2025-01-20,PWR,T02,Short,1518,81.2,123264.45,89.26
TR005992,2025-01-20,COAL,T05,Short,1178,117.54,138456.49,-466.24
TR005993,2025-01-20,CO2,T08,Short,898,68.88,61855.94,388.67
TR005994,2025-01-20,GAS,T03,Long,375,34.58,12967.09,-42.78
TR005995,2025-01-20,COAL,T02,Short,1903,117.58,223760.57,-4099.49
TR005996,2025-01-20,GAS,T07,Short,1500,34.77,52160.81,-1426.64
TR005997,2025-01-20,CO2,T06,Long,1504,66.85,100543.25,626.07
TR005998,2025-01-20,COAL,T06,Long,552,114.6,63260.9,72.93
TR005999,2025-01-20,PWR,T03,Short,598,92.58,55364.87,762.16
TR006000,2025-01-20,COAL,T01,Long,208,115.39,24001.06,-553.58
TR006001,2025-01-20,COAL,T07,Long,561,111.13,62345.44,-689.33
TR006002,2025-01-20,COAL,T01,Long,1809,110.6,200079.39,-3130.48
TR006003,2025-01-20,COAL,T04,Long,162,115.27,18673.49,-250.33
TR006004,2025-01-20,CO2,T01,Short,1289,60.96,78578.24,-755.89
TR006005,2025-01-21,COAL,T05,Long,909,114.03,103652.56,-823.16
TR006006,2025-01-21,GAS,T01,Short,313,36.15,11314.1,-139.02
TR006007,2025-01-21,PWR,T07,Short,1162,95.38,110834.37,2045.7
TR006008,2025-01-21,GAS,T01,Long,768,35.23,27058.2,17.82
TR006009,2025-01-21,CO2,T01,Long,1036,67.3,69719.2,-1409.93
TR006010,2025-01-21,COAL,T03,Long,1647,111.72,184006.05,-1909.81
TR006011,2025-01-21,CO2,T04,Short,464,62.09,28811.77,813.2
TR006012,2025-01-21,PWR,T03,Short,1561,90.04,140552.87,-698.87
TR006013,2025-01-21,PWR,T03,Long,1850,88.57,163855.79,4663.85
TR006014,2025-01-21,GAS,T01,Long,1314,36.61,48110.92,543.95
TR006015,2025-01-21,GAS,T04,Short,733,35.94,26341.07,-726.72
TR006016,2025-01-21,COAL,T03,Long,1628,113.45,184689.22,4882.82
TR006017,2025-01-21,PWR,T07,Short,904,87.99,79545.99,-1812.47
TR006018,2025-01-21,GAS,T01,Short,1687,34.75,58631.52,-260.66
TR006019,2025-01-21,GAS,T05,Long,1989,34.25,68124.94,740.77
TR006020,2025-01-21,GAS,T02,Long,790,37.56,29675.58,-146.88
TR006021,2025-01-21,PWR,T02,Short,760,92.84,70555.03,-1150.05
TR006022,2025-01-21,GAS,T04,Short,1814,35.96,65235.43,561.67
TR006023,2025-01-21,CO2,T03,Long,952,64.58,61476.24,1021.29
TR006024,2025-01-21,PWR,T02,Short,396,87.9,34808.07,-548.15
TR006025,2025-01-21,GAS,T03,Short,51,35.72,1821.79,45.78
TR006026,2025-01-21,COAL,T08,Long,520,124.29,64631.87,187.85
TR006027,2025-01-22,COAL,T03,Short,917,116.48,106816.23,830.75
TR006028,2025-01-22,GAS,T05,Long,1477,34.88,51512.23,2013.42
TR006029,2025-01-22,CO2,T06,Long,605,63.83,38615.97,66.01
TR006030,2025-01-22,GAS,T03,Long,269,35.86,9647.44,-81.85
TR006031,2025-01-22,PWR,T07,Short,1144,88.91,101717.64,-52.62
TR006032,2025-01-22,CO2,T04,Short,805,70.55,56795.51,1767.17
TR006033,2025-01-22,COAL,T07,Short,1736,112.52,195337.05,-1814.56
TR006034,2025-01-22,COAL,T03,Long,520,116.6,60632.58,-121.62
TR006035,2025-01-22,CO2,T07,Long,738,69.68,51421.93,1245.22
TR006036,2025-01-22,PWR,T06,Short,482,99.02,47729.42,166.54
TR006037,2025-01-22,PWR,T06,Short,812,86.56,70290.66,537.52
TR006038,2025-01-22,PWR,T01,Short,1685,86.56,145847.45,2221.04
TR006039,2025-01-22,COAL,T05,Short,232,116.11,26938.13,-183.0
TR006040,2025-01-22,COAL,T02,Short,1381,114.27,157809.01,2546.1
TR006041,2025-01-22,CO2,T01,Long,1577,60.96,96130.1,300.24
TR006042,2025-01-22,PWR,T02,Short,1827,90.16,164717.92,2900.26
TR006043,2025-01-22,GAS,T05,Short,1142,37.28,42570.05,987.34
TR006044,2025-01-22,PWR,T05,Long,705,87.47,61668.96,-569.7
TR006045,2025-01-22,CO2,T08,Short,800,67.09,53672.12,589.0
TR006046,2025-01-23,PWR,T01,Short,1192,89.56,106749.96,1191.62
TR006047,2025-01-23,CO2,T07,Long,1128,73.73,83168.11,-983.06
TR006048,2025-01-23,GAS,T03,Short,1193,35.8,42711.99,-233.19
TR006049,2025-01-23,GAS,T02,Long,1173,38.1,44690.86,-1009.56
TR006050,2025-01-23,CO2,T02,Long,553,70.53,39000.39,163.19
TR006051,2025-01-23,COAL,T04,Long,391,119.57,46749.99,-781.31
TR006052,2025-01-23,COAL,T06,Short,1058,109.11,115438.42,-332.44
TR006053,2025-01-23,PWR,T01,Long,1196,85.67,102463.11,-237.28
TR006054,2025-01-23,COAL,T05,Long,672,113.83,76494.06,-1110.61
TR006055,2025-01-23,GAS,T05,Long,799,33.35,26647.3,-960.59
TR006056,2025-01-23,CO2,T04,Short,164,71.49,11724.43,-21.44
TR006057,2025-01-23,GAS,T02,Short,1980,37.15,73552.1,-2871.77
TR006058,2025-01-23,GAS,T01,Long,1391,34.95,48619.12,435.01
TR006059,2025-01-23,PWR,T08,Short,1027,85.76,88071.93,-963.51
TR006060,2025-01-23,CO2,T06,Long,1133,63.78,72258.38,395.94
TR006061,2025-01-23,PWR,T08,Long,1855,84.3,156381.68,-1247.55
TR006062,2025-01-23,GAS,T02,Long,413,35.4,14618.15,471.53
TR006063,2025-01-23,CO2,T01,Short,956,67.6,64625.59,-91.14
TR006064,2025-01-23,CO2,T08,Short,1239,72.9,90317.05,679.54
TR006065,2025-01-23,GAS,T04,Long,1020,35.04,35737.06,306.71
TR006066,2025-01-23,COAL,T06,Long,905,116.82,105723.83,-93.49
TR006067,2025-01-23,CO2,T08,Short,222,69.3,15383.88,-319.25
TR006068,2025-01-23,PWR,T08,Short,110,91.22,10033.82,11.35
TR006069,2025-01-23,GAS,T03,Short,875,35.65,31194.57,170.58
TR006070,2025-01-23,PWR,T06,Short,246,87.37,21493.37,-7.79
TR006071,2025-01-23,CO2,T08,Long,683,66.69,45545.88,283.95
TR006072,2025-01-23,COAL,T03,Long,1290,114.43,147609.36,-2186.46
TR006073,2025-01-23,GAS,T05,Short,1492,38.26,57091.15,615.9
TR006074,2025-01-23,COAL,T08,Long,188,113.94,21421.1,58.39
TR006075,2025-01-24,CO2,T06,Long,1339,67.07,89812.14,-264.11
TR006076,2025-01-24,PWR,T01,Short,323,83.78,27061.15,-143.79
TR006077,2025-01-24,GAS,T08,Short,1204,34.6,41655.16,-291.26
TR006078,2025-01-24,CO2,T07,Short,1871,68.53,128218.77,489.86
TR006079,2025-01-24,CO2,T01,Short,477,72.73,34690.61,336.72
TR006080,2025-01-24,GAS,T07,Long,1898,34.22,64955.38,635.84
TR006081,2025-01-24,GAS,T08,Short,714,36.18,25830.64,-73.9
TR006082,2025-01-24,CO2,T03,Short,840,68.08,57184.67,-1010.72
TR006083,2025-01-24,GAS,T05,Short,681,36.44,24814.33,22.87
TR006084,2025-01-24,COAL,T03,Long,323,106.85,34511.23,-622.01
TR006085,2025-01-24,PWR,T07,Long,855,88.5,75669.17,1143.69
TR006086,2025-01-24,PWR,T07,Long,1142,89.15,101809.27,1690.68
TR006087,2025-01-24,PWR,T07,Long,972,100.52,97708.52,91.76
TR006088,2025-01-24,GAS,T01,Long,1694,35.02,59330.53,1074.18
TR006089,2025-01-24,GAS,T01,Long,965,35.66,34411.01,-43.84
TR006090,2025-01-24,PWR,T08,Short,1394,87.08,121390.49,-973.56
TR006091,2025-01-24,CO2,T01,Long,1810,59.03,106840.66,-714.89
TR006092,2025-01-24,COAL,T01,Long,1248,107.5,134164.84,-852.79
TR006093,2025-01-24,PWR,T02,Long,1468,84.83,124530.95,1731.1
TR006094,2025-01-24,PWR,T04,Short,765,91.29,69835.4,-52.75
TR006095,2025-01-24,CO2,T05,Short,786,64.38,50603.18,-386.3
TR006096,2025-01-24,PWR,T03,Long,161,87.04,14013.8,-6.92
TR006097,2025-01-24,CO2,T06,Short,529,72.41,38305.25,-105.23
TR006098,2025-01-24,GAS,T08,Long,1980,35.5,70287.38,-1197.84
TR006099,2025-01-27,COAL,T03,Short,1156,111.02,128338.7,532.74
TR006100,2025-01-27,PWR,T01,Long,1553,97.43,151306.09,412.44
TR006101,2025-01-27,CO2,T07,Long,1185,70.56,83609.43,681.49
TR006102,2025-01-27,COAL,T04,Long,1967,111.41,219138.15,-2906.2
TR006103,2025-01-27,PWR,T02,Short,1104,91.15,100629.74,537.84
TR006104,2025-01-27,CO2,T08,Short,1371,68.12,93390.03,183.08
TR006105,2025-01-27,PWR,T03,Long,347,82.59,28658.11,-402.95
TR006106,2025-01-27,COAL,T02,Long,1526,118.85,181370.3,2847.2
TR006107,2025-01-27,PWR,T08,Long,1563,84.27,131714.41,187.53
TR006108,2025-01-27,GAS,T08,Short,1850,38.93,72026.75,530.6
TR006109,2025-01-27,COAL,T02,Long,471,119.88,56464.57,-108.03
TR006110,2025-01-27,CO2,T02,Long,893,61.83,55217.38,-669.25
TR006111,2025-01-27,COAL,T06,Long,1250,118.17,147711.0,-1428.45
TR006112,2025-01-27,COAL,T01,Long,1938,116.12,225042.12,-71.46
TR006113,2025-01-27,GAS,T08,Short,1453,38.84,56428.99,-61.49
TR006114,2025-01-27,PWR,T08,Long,939,86.22,80964.02,808.76
TR006115,2025-01-27,PWR,T02,Short,1081,88.24,95392.32,1081.45
TR006116,2025-01-27,CO2,T07,Long,195,73.42,14316.61,-281.71
TR006117,2025-01-27,CO2,T01,Long,104,74.04,7700.63,88.26
TR006118,2025-01-27,GAS,T03,Short,313,34.67,10852.09,-150.67
TR006119,2025-01-27,PWR,T08,Long,1869,83.8,156626.47,-120.39
TR006120,2025-01-27,CO2,T07,Long,860,70.74,60833.39,-1287.6
TR006121,2025-01-28,CO2,T02,Short,953,69.34,66085.36,474.63
TR006122,2025-01-28,PWR,T02,Long,429,79.75,34211.52,-904.5
TR006123,2025-01-28,CO2,T06,Short,813,68.45,55648.89,913.83
TR006124,2025-01-28,GAS,T02,Long,1651,33.57,55421.55,-1679.13
TR006125,2025-01-28,CO2,T01,Long,1929,63.29,122091.63,4510.18
TR006126,2025-01-28,CO2,T06,Short,156,76.13,11876.67,-373.44
TR006127,2025-01-28,CO2,T03,Long,965,71.49,68990.15,-1014.18
TR006128,2025-01-28,CO2,T06,Short,238,70.25,16718.36,-122.8
TR006129,2025-01-28,COAL,T05,Short,1474,113.54,167362.89,1069.37
TR006130,2025-01-28,COAL,T04,Short,505,109.8,55446.6,-472.86
TR006131,2025-01-28,GAS,T02,Long,756,33.72,25494.24,221.89
TR006132,2025-01-28,CO2,T03,Long,634,70.92,44963.61,-54.39
TR006133,2025-01-28,GAS,T06,Short,1726,35.94,62040.09,176.56
TR006134,2025-01-28,GAS,T02,Short,1010,35.56,35915.89,-369.17
TR006135,2025-01-28,GAS,T03,Long,1679,36.76,61716.86,212.0
TR006136,2025-01-28,PWR,T05,Long,1866,83.74,156260.98,2259.82
TR006137,2025-01-28,COAL,T05,Short,350,116.44,40752.47,120.32
TR006138,2025-01-28,COAL,T08,Short,760,118.98,90421.33,-3055.77
TR006139,2025-01-29,GAS,T07,Short,514,35.33,18157.49,-156.28
TR006140,2025-01-29,PWR,T08,Long,670,95.26,63822.44,568.32
TR006141,2025-01-29,GAS,T01,Long,393,38.38,15084.39,-137.66
TR006142,2025-01-29,GAS,T03,Long,550,35.34,19435.1,-264.73
TR006143,2025-01-29,CO2,T05,Long,1572,67.18,105611.09,2811.07
TR006144,2025-01-29,COAL,T02,Long,931,113.93,106067.52,43.32
TR006145,2025-01-29,CO2,T02,Long,1765,70.17,123849.32,345.81
TR006146,2025-01-29,PWR,T05,Short,1153,91.13,105078.56,-366.01
TR006147,2025-01-29,PWR,T01,Short,309,96.3,29756.3,497.83
TR006148,2025-01-29,PWR,T03,Long,943,89.87,84748.16,1841.13
TR006149,2025-01-29,GAS,T08,Short,511,37.99,19414.89,-385.61
TR006150,2025-01-29,COAL,T05,Short,1987,117.45,233376.32,2857.3
TR006151,2025-01-29,GAS,T05,Short,401,35.99,14433.43,-349.34
TR006152,2025-01-29,PWR,T07,Long,1115,96.11,107159.98,178.77
TR006153,2025-01-29,COAL,T06,Short,1101,118.31,130258.09,-1531.21
TR006154,2025-01-29,PWR,T01,Long,576,92.36,53198.38,928.38
TR006155,2025-01-29,GAS,T05,Long,1790,34.93,62527.7,780.52
TR006156,2025-01-29,CO2,T03,Long,1018,66.44,67633.63,975.46
TR006157,2025-01-29,GAS,T05,Short,1605,35.56,57076.5,-898.02
TR006158,2025-01-29,PWR,T07,Long,1008,92.35,93085.76,-469.07
TR006159,2025-01-29,PWR,T05,Long,1055,93.75,98905.6,-672.98
TR006160,2025-01-29,COAL,T03,Short,483,114.57,55338.67,2.09
TR006161,2025-01-29,CO2,T06,Long,1360,67.61,91950.88,-175.38
TR006162,2025-01-29,GAS,T05,Long,1074,38.16,40982.06,-491.58
TR006163,2025-01-29,COAL,T05,Short,137,114.04,15623.37,-144.47
TR006164,2025-01-29,PWR,T03,Long,1107,82.05,90833.72,2242.35
TR006165,2025-01-29,PWR,T06,Short,1225,91.49,112075.39,-1831.6
TR006166,2025-01-29,CO2,T06,Long,102,68.46,6983.39,120.69
TR006167,2025-01-29,CO2,T05,Long,1787,67.4,120445.19,-2594.11
TR006168,2025-01-30,GAS,T07,Long,1988,36.69,72938.27,-1641.86
TR006169,2025-01-30,CO2,T01,Long,1140,65.93,75156.36,261.06
TR006170,2025-01-30,COAL,T04,Short,742,107.18,79529.64,1916.84
TR006171,2025-01-30,GAS,T04,Long,83,33.95,2817.46,-42.66
TR006172,2025-01-30,COAL,T08,Long,118,117.37,13850.24,108.83
TR006173,2025-01-30,CO2,T08,Short,1115,65.18,72678.95,-412.69
TR006174,2025-01-30,PWR,T03,Long,824,95.48,78678.46,2966.84
TR006175,2025-01-30,CO2,T05,Long,255,76.19,19429.28,745.83
TR006176,2025-01-30,GAS,T03,Long,110,36.28,3990.35,-87.86
TR006177,2025-01-30,CO2,T03,Long,1654,74.68,123516.51,-70.37
TR006178,2025-01-30,CO2,T05,Long,1183,68.86,81463.13,63.97
TR006179,2025-01-30,CO2,T04,Long,1381,69.45,95915.22,1882.92
TR006180,2025-01-30,COAL,T03,Short,216,113.78,24576.95,167.31
TR006181,2025-01-30,CO2,T04,Long,1289,72.65,93650.37,250.76
TR006182,2025-01-30,COAL,T02,Long,1931,110.63,213631.07,-5906.14
TR006183,2025-01-30,PWR,T07,Short,417,90.72,37829.42,-189.62
TR006184,2025-01-30,GAS,T06,Short,686,38.1,26136.98,-360.57
TR006185,2025-01-30,PWR,T05,Long,55,81.74,4495.82,-7.8
TR006186,2025-01-30,GAS,T02,Short,555,36.75,20397.75,-152.45
TR006187,2025-01-30,CO2,T03,Long,1762,71.37,125747.54,1137.48
TR006188,2025-01-30,PWR,T02,Short,1676,86.87,145600.35,3585.07
TR006189,2025-01-30,PWR,T04,Long,1527,90.31,137897.96,1856.2
TR006190,2025-01-30,PWR,T01,Short,990,98.94,97948.85,-1889.66
TR006191,2025-01-31,CO2,T05,Long,1173,66.1,77540.26,862.16
TR006192,2025-01-31,PWR,T08,Long,549,94.84,52069.6,462.52
TR006193,2025-01-31,CO2,T01,Long,1882,58.95,110948.91,926.48
TR006194,2025-01-31,CO2,T05,Short,1348,67.28,90697.66,-712.22
TR006195,2025-01-31,PWR,T01,Short,877,85.94,75365.71,-1231.41
TR006196,2025-01-31,CO2,T03,Short,1067,63.06,67289.99,115.0
TR006197,2025-01-31,CO2,T02,Long,1744,72.97,127265.32,1170.34
TR006198,2025-01-31,COAL,T07,Short,1575,115.28,181560.05,-3938.51
TR006199,2025-01-31,GAS,T03,Short,1320,35.93,47431.4,166.02
TR006200,2025-01-31,PWR,T07,Long,1173,88.11,103358.78,-570.33
TR006201,2025-01-31,PWR,T03,Long,1090,84.51,92118.21,484.9
TR006202,2025-01-31,COAL,T08,Long,243,118.09,28695.09,144.76
TR006203,2025-01-31,GAS,T02,Long,240,37.47,8992.28,-213.18
TR006204,2025-01-31,GAS,T03,Short,1025,36.2,37107.52,535.41
TR006205,2025-01-31,GAS,T04,Long,973,38.05,37022.17,-319.32
TR006206,2025-01-31,COAL,T02,Short,1941,114.97,223165.07,-8091.59
TR006207,2025-02-03,CO2,T08,Short,256,67.97,17399.45,152.51
TR006208,2025-02-03,PWR,T02,Short,958,96.59,92536.94,-1201.84
TR006209,2025-02-03,PWR,T07,Long,1119,97.37,108959.3,1400.44
TR006210,2025-02-03,CO2,T02,Long,1738,68.08,118328.9,532.93
TR006211,2025-02-03,GAS,T04,Short,145,33.9,4916.2,36.52
TR006212,2025-02-03,CO2,T06,Short,1142,67.31,76863.94,-951.92
TR006213,2025-02-03,COAL,T02,Short,940,116.66,109657.32,-3826.47
TR006214,2025-02-03,PWR,T08,Long,1219,85.79,104578.68,868.49
TR006215,2025-02-03,GAS,T07,Long,961,34.44,33092.88,182.62
TR006216,2025-02-03,PWR,T04,Short,1387,87.78,121753.09,-1950.68
TR006217,2025-02-03,GAS,T07,Short,513,38.14,19566.15,172.99
TR006218,2025-02-03,CO2,T02,Short,1539,63.19,97255.87,1496.87
TR006219,2025-02-03,COAL,T08,Long,1189,118.55,140961.46,3943.78
TR006220,2025-02-03,GAS,T03,Short,625,34.88,21799.95,398.54
TR006221,2025-02-03,CO2,T08,Long,1440,66.63,95945.66,-1534.11
TR006222,2025-02-03,CO2,T05,Long,514,71.19,36594.22,-701.72
TR006223,2025-02-03,CO2,T08,Short,1615,64.67,104437.34,144.99
TR006224,2025-02-04,CO2,T02,Short,981,60.02,58876.53,-522.13
TR006225,2025-02-04,GAS,T08,Long,1633,33.94,55417.5,1198.04
TR006226,2025-02-04,COAL,T07,Short,453,113.89,51593.61,-967.56
TR006227,2025-02-04,GAS,T01,Long,538,36.34,19552.44,151.86
TR006228,2025-02-04,GAS,T07,Short,1829,35.85,65565.5,-1345.44
TR006229,2025-02-04,PWR,T08,Short,850,85.09,72329.8,549.96
TR006230,2025-02-04,GAS,T05,Short,846,32.32,27339.49,-407.5
TR006231,2025-02-04,GAS,T04,Short,1542,33.95,52345.53,9.2
TR006232,2025-02-04,COAL,T03,Long,212,120.07,25455.82,582.25
TR006233,2025-02-04,CO2,T02,Long,1733,73.82,127926.15,1688.21
TR006234,2025-02-04,COAL,T01,Long,1796,114.67,205951.99,-1527.54
TR006235,2025-02-04,CO2,T06,Long,472,68.85,32497.18,-342.94
TR006236,2025-02-04,PWR,T01,Long,785,94.87,74475.74,-980.71
TR006237,2025-02-04,GAS,T06,Short,1706,37.36,63730.12,-923.97
TR006238,2025-02-04,PWR,T02,Short,601,99.87,60023.52,1123.1
TR006239,2025-02-04,CO2,T03,Long,1996,61.82,123386.51,-2882.16
TR006240,2025-02-04,COAL,T02,Long,927,113.71,105408.11,179.82
TR006241,2025-02-04,GAS,T04,Short,112,35.47,3973.05,-20.71
TR006242,2025-02-04,PWR,T02,Long,983,95.58,93958.89,480.77
TR006243,2025-02-04,PWR,T01,Long,1691,90.9,153703.87,-4139.39
TR006244,2025-02-04,CO2,T02,Long,93,66.35,6170.61,91.62
TR006245,2025-02-04,COAL,T01,Long,279,112.31,31335.68,699.52
TR006246,2025-02-04,CO2,T08,Long,1735,64.52,111942.18,-1565.09
TR006247,2025-02-05,CO2,T01,Short,842,67.09,56485.79,-1237.97
TR006248,2025-02-05,CO2,T03,Short,611,69.04,42180.57,669.92
TR006249,2025-02-05,CO2,T07,Long,1038,65.6,68096.95,151.23
TR006250,2025-02-05,PWR,T02,Short,1041,93.72,97565.73,-818.77
TR006251,2025-02-05,COAL,T04,Long,378,114.4,43244.43,678.61
TR006252,2025-02-05,PWR,T03,Short,1881,70.98,133522.28,3435.2
TR006253,2025-02-05,PWR,T03,Long,1750,89.85,157232.1,3609.52
TR006254,2025-02-05,COAL,T03,Short,1508,108.15,163086.85,-1060.42
TR006255,2025-02-05,CO2,T05,Long,1339,73.77,98781.33,954.57
TR006256,2025-02-05,GAS,T06,Long,1197,36.39,43553.92,-1459.5
TR006257,2025-02-05,COAL,T03,Short,1780,113.55,202120.09,7263.15
TR006258,2025-02-05,COAL,T05,Long,865,122.12,105632.89,-2715.92
TR006259,2025-02-05,PWR,T01,Long,889,87.29,77598.22,1461.77
TR006260,2025-02-05,GAS,T04,Short,941,36.92,34740.06,1144.62
TR006261,2025-02-05,GAS,T07,Long,1736,36.85,63970.31,1195.29
TR006262,2025-02-05,PWR,T04,Long,538,87.38,47007.94,-439.69
TR006263,2025-02-05,PWR,T01,Long,740,94.39,69851.26,-1505.4
TR006264,2025-02-05,CO2,T05,Short,1950,77.72,151548.24,681.16
TR006265,2025-02-05,COAL,T07,Short,376,111.94,42088.59,289.6
TR006266,2025-02-05,COAL,T06,Short,1098,110.12,120910.38,1868.61
TR006267,2025-02-05,CO2,T08,Short,1698,71.98,122228.52,443.81
TR006268,2025-02-05,PWR,T04,Short,1666,83.04,138348.86,1096.93
TR006269,2025-02-05,CO2,T08,Short,741,77.42,57365.77,-32.17
TR006270,2025-02-06,COAL,T08,Long,114,122.18,13928.61,-57.1
TR006271,2025-02-06,PWR,T01,Short,102,96.93,9886.55,340.65
TR006272,2025-02-06,PWR,T05,Short,299,91.01,27211.01,-10.49
TR006273,2025-02-06,GAS,T06,Short,1735,38.78,67277.59,917.54
TR006274,2025-02-06,GAS,T07,Short,1362,34.81,47417.65,277.41
TR006275,2025-02-06,GAS,T07,Short,1102,34.81,38356.67,192.64
TR006276,2025-02-06,PWR,T04,Long,391,90.25,35287.47,-314.34
TR006277,2025-02-06,GAS,T03,Short,220,34.97,7693.06,-51.66
TR006278,2025-02-06,PWR,T06,Short,1301,93.79,122021.99,348.38
TR006279,2025-02-06,COAL,T06,Short,1773,113.65,201505.32,6765.11
TR006280,2025-02-06,COAL,T04,Long,1597,120.77,192866.77,1915.14
TR006281,2025-02-06,CO2,T03,Long,948,66.47,63015.6,709.26
TR006282,2025-02-06,PWR,T04,Long,1711,86.4,147824.14,3017.21
TR006283,2025-02-06,CO2,T07,Long,666,66.02,43967.64,-1316.97
TR006284,2025-02-06,CO2,T03,Short,1641,64.42,105707.15,403.15
TR006285,2025-02-06,GAS,T07,Short,1276,35.93,45846.44,-28.14
TR006286,2025-02-06,COAL,T08,Long,318,120.63,38359.27,1465.62
TR006287,2025-02-06,GAS,T03,Short,1675,34.8,58295.61,973.63
TR006288,2025-02-06,CO2,T01,Short,1684,62.11,104596.24,1144.33
TR006289,2025-02-06,GAS,T01,Short,1728,37.83,65369.79,-357.35
TR006290,2025-02-06,GAS,T05,Long,726,35.84,26016.74,-551.2
TR006291,2025-02-06,CO2,T06,Short,223,66.21,14764.86,-244.72
TR006292,2025-02-06,GAS,T08,Short,1976,36.83,72777.55,-394.51
TR006293,2025-02-06,COAL,T08,Short,1815,114.2,207264.73,-2431.08
TR006294,2025-02-06,CO2,T05,Short,1373,72.24,99190.05,-953.65
TR006295,2025-02-06,CO2,T04,Long,535,68.86,36841.9,145.38
TR006296,2025-02-06,GAS,T02,Long,816,35.36,28851.89,18.14
TR006297,2025-02-06,GAS,T01,Long,159,36.26,5765.66,105.75
TR006298,2025-02-07,GAS,T02,Short,1901,35.84,68125.95,-148.38
TR006299,2025-02-07,PWR,T05,Long,1945,83.56,162526.92,-2393.26
TR006300,2025-02-07,CO2,T04,Short,1163,70.9,82451.29,-1000.8
TR006301,2025-02-07,CO2,T06,Long,443,63.22,28005.07,-425.63
TR006302,2025-02-07,CO2,T07,Short,1946,64.58,125669.47,1832.65
TR006303,2025-02-07,CO2,T08,Long,403,73.3,29538.53,-157.41
TR006304,2025-02-07,COAL,T08,Long,1391,109.41,152189.74,-246.22
TR006305,2025-02-07,GAS,T07,Long,1032,35.35,36476.48,-328.04
TR006306,2025-02-07,CO2,T08,Short,304,63.68,19358.56,496.61
TR006307,2025-02-07,PWR,T08,Long,1071,88.71,95005.6,-1361.62
TR006308,2025-02-07,CO2,T05,Long,779,63.42,49403.09,-1268.76
TR006309,2025-02-07,CO2,T08,Short,1818,67.11,122001.58,3326.04
TR006310,2025-02-07,COAL,T02,Long,989,116.43,115145.4,886.44
TR006311,2025-02-07,COAL,T08,Long,322,112.08,36088.82,27.48
TR006312,2025-02-07,GAS,T06,Short,745,36.35,27083.2,234.14
TR006313,2025-02-10,CO2,T06,Short,426,79.39,33820.48,645.32
TR006314,2025-02-10,COAL,T04,Long,1111,111.03,123354.72,3114.16
TR006315,2025-02-10,CO2,T06,Short,1144,74.52,85254.16,-1563.15
TR006316,2025-02-10,COAL,T07,Long,888,114.25,101456.6,541.22
TR006317,2025-02-10,CO2,T04,Short,728,71.36,51950.94,-249.56
TR006318,2025-02-10,GAS,T03,Long,707,35.8,25310.27,-668.13
TR006319,2025-02-10,COAL,T05,Long,1454,116.84,169879.37,2234.02
TR006320,2025-02-10,GAS,T02,Long,705,38.92,27439.24,227.65
TR006321,2025-02-10,CO2,T01,Long,1967,69.3,136304.65,178.24
TR006322,2025-02-10,GAS,T01,Short,1794,37.16,66664.37,354.28
TR006323,2025-02-10,GAS,T07,Short,972,36.29,35272.49,-186.34
TR006324,2025-02-10,CO2,T06,Short,813,67.62,54971.62,-1197.77
TR006325,2025-02-10,COAL,T06,Short,1424,114.21,162638.44,-3967.64
TR006326,2025-02-10,COAL,T07,Long,1813,110.36,200091.1,-1122.64
TR006327,2025-02-10,COAL,T02,Long,1206,117.09,141213.11,108.98
TR006328,2025-02-10,COAL,T05,Short,1699,114.32,194235.97,3294.38
TR006329,2025-02-10,COAL,T01,Short,905,115.79,104785.99,674.15
TR006330,2025-02-10,COAL,T03,Short,916,113.33,103813.19,459.39
TR006331,2025-02-10,CO2,T02,Short,1990,64.01,127373.78,-2371.96
TR006332,2025-02-10,COAL,T02,Short,466,113.71,52990.82,88.07
TR006333,2025-02-10,GAS,T08,Short,1873,36.54,68439.33,292.44
TR006334,2025-02-10,PWR,T05,Short,1123,78.47,88117.85,1348.42
TR006335,2025-02-10,GAS,T03,Short,513,36.68,18818.24,-128.38
TR006336,2025-02-11,CO2,T04,Long,1483,62.78,93095.87,-1438.64
TR006337,2025-02-11,CO2,T04,Short,1518,65.78,99853.65,-1091.79
TR006338,2025-02-11,CO2,T02,Short,452,65.8,29743.16,-739.22
TR006339,2025-02-11,COAL,T06,Long,1890,114.27,215968.11,-4873.93
TR006340,2025-02-11,PWR,T01,Short,1436,91.76,131772.03,2413.12
TR006341,2025-02-11,GAS,T01,Long,1775,39.04,69290.29,1108.77
TR006342,2025-02-11,PWR,T03,Long,1985,96.23,191024.11,654.19
TR006343,2025-02-11,COAL,T08,Long,1793,112.28,201326.54,-2437.63
TR006344,2025-02-11,GAS,T05,Short,1361,37.53,51083.0,-248.17
TR006345,2025-02-11,CO2,T04,Short,1472,71.31,104973.62,966.16
TR006346,2025-02-11,CO2,T03,Long,621,60.42,37520.27,709.93
TR006347,2025-02-11,GAS,T05,Short,902,33.86,30540.07,-727.98
TR006348,2025-02-11,CO2,T08,Short,1365,65.67,89638.22,653.26
TR006349,2025-02-11,COAL,T01,Long,1178,118.88,140036.65,-1879.09
TR006350,2025-02-11,COAL,T05,Long,1980,110.55,218897.82,-2405.19
TR006351,2025-02-11,CO2,T01,Long,1061,66.81,70890.27,-530.84
TR006352,2025-02-12,COAL,T08,Short,881,116.38,102532.25,745.85
TR006353,2025-02-12,PWR,T02,Long,1971,83.88,165325.68,-2599.51
TR006354,2025-02-12,CO2,T07,Long,958,72.2,69171.88,-1438.17
TR006355,2025-02-12,PWR,T02,Long,541,83.68,45271.25,290.91
TR006356,2025-02-12,CO2,T04,Long,908,75.28,68351.37,709.7
TR006357,2025-02-12,GAS,T08,Long,944,36.05,34030.88,-389.25
TR006358,2025-02-12,PWR,T03,Short,1564,94.51,147817.92,1686.53
TR006359,2025-02-12,GAS,T07,Long,682,36.54,24922.98,-474.3
TR006360,2025-02-12,PWR,T05,Long,1128,88.52,99845.85,-1312.53
TR006361,2025-02-12,COAL,T08,Long,1032,119.77,123606.04,152.43
TR006362,2025-02-12,COAL,T04,Short,289,110.81,32023.54,-1020.25
TR006363,2025-02-12,COAL,T03,Long,1199,114.55,137340.32,-2450.08
TR006364,2025-02-12,PWR,T05,Short,681,91.06,62014.04,-1798.4
TR006365,2025-02-12,CO2,T07,Short,1004,72.97,73257.75,-891.09
TR006366,2025-02-12,CO2,T03,Short,1695,70.1,118819.42,-812.72
TR006367,2025-02-12,CO2,T07,Long,1780,60.22,107200.11,1915.54
TR006368,2025-02-12,PWR,T06,Short,1796,83.48,149936.28,-3022.56
TR006369,2025-02-12,COAL,T07,Long,445,112.81,50199.21,610.06
TR006370,2025-02-12,GAS,T01,Short,870,37.59,32703.12,651.31
TR006371,2025-02-12,GAS,T04,Short,481,34.76,16718.13,-105.42
TR006372,2025-02-12,GAS,T05,Long,918,38.05,34932.34,38.21
TR006373,2025-02-12,PWR,T02,Short,220,83.0,18259.27,37.14
TR006374,2025-02-12,COAL,T05,Long,1554,112.22,174394.28,-1092.13
TR006375,2025-02-12,COAL,T04,Long,1031,110.69,114117.75,147.03
TR006376,2025-02-12,PWR,T06,Long,1449,89.99,130399.77,-572.61
TR006377,2025-02-12,COAL,T04,Short,179,115.71,20712.25,83.76
TR006378,2025-02-12,PWR,T05,Short,847,84.15,71272.25,398.04
TR006379,2025-02-12,PWR,T07,Short,203,87.89,17840.75,-403.57
TR006380,2025-02-13,GAS,T07,Short,834,34.54,28805.4,-268.97
TR006381,2025-02-13,CO2,T03,Long,1958,71.05,139122.41,2468.07
TR006382,2025-02-13,GAS,T01,Long,1436,35.49,50958.94,882.77
TR006383,2025-02-13,CO2,T07,Long,1081,67.61,73086.22,37.09
TR006384,2025-02-13,COAL,T07,Short,818,111.88,91517.43,1148.53
TR006385,2025-02-13,PWR,T06,Long,152,83.41,12677.7,-106.73
TR006386,2025-02-13,PWR,T04,Short,1293,83.36,107790.35,-1592.54
TR006387,2025-02-13,COAL,T06,Short,339,109.96,37278.13,268.1
TR006388,2025-02-13,COAL,T04,Long,1150,121.23,139410.99,-1853.39
TR006389,2025-02-13,CO2,T02,Long,1419,67.79,96190.94,803.04
TR006390,2025-02-13,GAS,T01,Long,667,35.63,23763.36,-138.61
TR006391,2025-02-13,COAL,T05,Long,1811,111.61,202119.26,-302.34
TR006392,2025-02-13,PWR,T02,Short,1330,81.14,107913.86,1263.81
TR006393,2025-02-13,GAS,T03,Long,1613,36.44,58770.53,-881.35
TR006394,2025-02-13,CO2,T04,Long,1650,69.38,114473.35,-3508.68
TR006395,2025-02-13,PWR,T03,Long,305,84.91,25896.89,37.14
TR006396,2025-02-13,COAL,T03,Long,342,118.6,40559.65,-154.32
TR006397,2025-02-13,CO2,T01,Long,195,75.56,14733.45,44.07
TR006398,2025-02-13,CO2,T01,Long,152,67.49,10259.15,-2.16
TR006399,2025-02-13,CO2,T04,Long,392,66.68,26137.92,126.06
TR006400,2025-02-13,PWR,T02,Long,141,84.21,11873.8,-200.87
TR006401,2025-02-13,PWR,T02,Long,1355,97.15,131639.72,496.88
TR006402,2025-02-14,COAL,T04,Long,1004,107.22,107647.66,289.03
TR006403,2025-02-14,PWR,T06,Short,140,88.68,12414.83,-106.96
TR006404,2025-02-14,PWR,T05,Long,565,90.97,51400.59,-966.87
TR006405,2025-02-14,CO2,T06,Long,1053,70.79,74543.31,-390.4
TR006406,2025-02-14,CO2,T01,Short,1044,70.64,73751.81,1904.31
TR006407,2025-02-14,CO2,T05,Long,1944,70.42,136904.75,152.65
TR006408,2025-02-14,PWR,T08,Long,1809,88.54,160162.21,2621.09
TR006409,2025-02-14,COAL,T03,Short,567,111.23,63066.66,901.16
TR006410,2025-02-14,CO2,T02,Long,1581,66.9,105769.19,1635.12
TR006411,2025-02-14,COAL,T04,Long,745,109.51,81582.73,688.95
TR006412,2025-02-14,GAS,T06,Short,1077,36.8,39634.69,251.32
TR006413,2025-02-14,PWR,T04,Long,261,89.55,23372.31,424.3
TR006414,2025-02-14,PWR,T01,Short,1068,84.74,90501.28,4283.2
TR006415,2025-02-14,GAS,T05,Long,673,38.16,25678.92,510.26
TR006416,2025-02-14,COAL,T07,Short,1219,107.58,131140.31,740.09
TR006417,2025-02-14,CO2,T03,Long,1238,71.51,88529.81,-778.31
TR006418,2025-02-14,GAS,T08,Short,1764,36.96,65189.15,-1289.1
TR006419,2025-02-14,PWR,T03,Short,195,87.01,16966.22,-337.59
TR006420,2025-02-14,COAL,T04,Long,1501,112.12,168296.34,-2426.22
TR006421,2025-02-17,CO2,T01,Short,96,72.24,6934.61,47.79
TR006422,2025-02-17,GAS,T01,Short,800,36.87,29492.99,-316.27
TR006423,2025-02-17,COAL,T06,Short,74,122.35,9053.89,-146.31
TR006424,2025-02-17,CO2,T08,Short,1887,66.37,125241.64,-2079.97
TR006425,2025-02-17,GAS,T07,Long,64,34.16,2186.1,-25.8
TR006426,2025-02-17,COAL,T08,Short,240,123.33,29598.68,436.75
TR006427,2025-02-17,GAS,T06,Long,460,36.01,16563.56,311.64
TR006428,2025-02-17,GAS,T04,Long,1675,37.75,63234.2,-170.53
TR006429,2025-02-17,COAL,T05,Long,441,112.05,49414.58,-811.06
TR006430,2025-02-17,PWR,T02,Short,174,84.81,14757.58,43.06
TR006431,2025-02-17,PWR,T04,Long,1680,91.7,154062.06,-3492.87
TR006432,2025-02-17,CO2,T08,Short,1092,69.69,76103.23,3437.79
TR006433,2025-02-17,GAS,T06,Long,1406,37.34,52503.11,916.62
TR006434,2025-02-17,PWR,T04,Short,333,93.4,31102.14,754.75
TR006435,2025-02-17,COAL,T07,Short,931,112.09,104355.5,-2373.5
TR006436,2025-02-17,CO2,T02,Long,1796,68.86,123676.29,1439.79
TR006437,2025-02-17,GAS,T06,Short,273,36.16,9871.57,121.0
TR006438,2025-02-17,PWR,T04,Long,509,96.02,48876.09,414.42
TR006439,2025-02-17,COAL,T04,Long,106,118.53,12564.64,-310.91
TR006440,2025-02-17,CO2,T05,Short,1354,70.73,95774.04,-760.04
TR006441,2025-02-17,CO2,T03,Short,495,63.67,31517.04,-148.61
TR006442,2025-02-17,COAL,T07,Short,1118,111.21,124333.57,-3478.64
TR006443,2025-02-17,PWR,T04,Long,1732,86.22,149339.07,753.61
TR006444,2025-02-17,PWR,T07,Short,775,79.27,61434.22,889.75
TR006445,2025-02-18,COAL,T07,Short,136,110.28,14997.95,602.39
TR006446,2025-02-18,GAS,T03,Short,1644,36.27,59624.46,573.99
TR006447,2025-02-18,COAL,T07,Long,652,111.77,72872.58,49.37
TR006448,2025-02-18,GAS,T04,Long,1441,35.7,51438.25,1189.26
TR006449,2025-02-18,GAS,T02,Long,1688,36.49,61598.38,787.2
TR006450,2025-02-18,COAL,T01,Long,1247,120.36,150085.36,5573.38
TR006451,2025-02-18,CO2,T06,Long,307,65.06,19973.67,46.06
TR006452,2025-02-18,CO2,T06,Short,1767,67.4,119095.54,-645.69
TR006453,2025-02-18,PWR,T08,Short,753,93.25,70219.3,-961.49
TR006454,2025-02-18,CO2,T06,Short,665,75.7,50340.03,-46.8
TR006455,2025-02-18,PWR,T07,Short,486,85.02,41318.34,657.03
TR006456,2025-02-18,GAS,T07,Long,78,34.56,2696.05,82.6
TR006457,2025-02-18,GAS,T03,Short,1666,36.98,61603.77,155.71
TR006458,2025-02-18,CO2,T04,Short,1083,66.88,72430.16,336.45
TR006459,2025-02-18,COAL,T03,Long,344,110.49,38006.89,-126.43
TR006460,2025-02-18,COAL,T03,Long,1105,117.01,129297.6,250.65
TR006461,2025-02-18,GAS,T03,Long,122,33.57,4096.15,-36.99
TR006462,2025-02-18,CO2,T04,Long,1586,74.13,117571.11,1790.18
TR006463,2025-02-18,PWR,T07,Short,1742,94.28,164240.17,-4431.13
TR006464,2025-02-18,CO2,T08,Short,406,66.17,26866.25,372.83
TR006465,2025-02-18,CO2,T08,Short,578,73.13,42266.99,19.89
TR006466,2025-02-18,GAS,T01,Long,1274,38.29,48787.39,-224.93
TR006467,2025-02-18,PWR,T02,Long,460,87.32,40167.52,79.67
TR006468,2025-02-18,PWR,T06,Long,379,92.19,34939.58,98.14
TR006469,2025-02-18,GAS,T04,Short,1720,36.72,63154.19,81.63
TR006470,2025-02-18,GAS,T03,Long,1536,36.23,55649.67,783.6
TR006471,2025-02-18,GAS,T02,Long,1202,37.78,45406.49,-515.06
TR006472,2025-02-18,PWR,T05,Long,1737,89.12,154807.87,-209.42
TR006473,2025-02-18,COAL,T03,Short,128,119.4,15283.72,-139.09
TR006474,2025-02-19,COAL,T08,Short,1493,109.16,162973.6,-1020.68
TR006475,2025-02-19,COAL,T01,Long,743,112.8,83807.18,401.05
TR006476,2025-02-19,GAS,T08,Short,1984,34.14,67729.95,-611.78
TR006477,2025-02-19,PWR,T02,Short,1045,88.21,92174.47,1584.61
TR006478,2025-02-19,CO2,T07,Short,515,74.97,38608.18,-439.58
TR006479,2025-02-19,COAL,T05,Short,1991,117.85,234631.74,-9344.03
TR006480,2025-02-19,GAS,T05,Long,548,32.57,17848.74,-549.77
TR006481,2025-02-19,COAL,T01,Short,1178,116.3,136998.86,-1445.1
TR006482,2025-02-19,PWR,T07,Short,1449,102.71,148826.56,2632.13
TR006483,2025-02-19,PWR,T02,Short,243,84.97,20647.43,-323.45
TR006484,2025-02-19,CO2,T01,Long,577,72.33,41733.62,-92.01
TR006485,2025-02-19,PWR,T08,Short,169,79.93,13507.57,92.06
TR006486,2025-02-19,GAS,T07,Long,1971,37.18,73287.34,2036.03
TR006487,2025-02-19,COAL,T01,Short,1870,115.31,215630.73,-728.59
TR006488,2025-02-19,COAL,T02,Long,1967,112.03,220370.68,966.31
TR006489,2025-02-19,COAL,T05,Long,134,110.65,14826.68,168.54
TR006490,2025-02-19,CO2,T08,Short,1774,69.47,123246.95,89.0
TR006491,2025-02-19,COAL,T04,Short,1469,112.32,165003.33,-4005.7
TR006492,2025-02-19,PWR,T06,Long,1055,88.69,93566.76,1207.71
TR006493,2025-02-20,CO2,T05,Short,1405,65.9,92586.01,532.1
TR006494,2025-02-20,GAS,T01,Short,823,36.68,30186.85,-1074.39
TR006495,2025-02-20,GAS,T01,Long,1476,35.89,52974.59,539.95
TR006496,2025-02-20,GAS,T07,Short,1511,37.09,56038.98,-332.7
TR006497,2025-02-20,PWR,T03,Long,1171,83.43,97701.91,-1101.27
TR006498,2025-02-20,CO2,T05,Long,1518,71.29,108214.59,426.8
TR006499,2025-02-20,COAL,T08,Short,1010,114.46,115609.12,-3649.41
TR006500,2025-02-20,PWR,T08,Long,936,88.24,82592.54,-1046.74
TR006501,2025-02-20,COAL,T08,Long,377,117.82,44419.68,-729.41
TR006502,2025-02-20,GAS,T08,Long,847,36.98,31321.56,-490.73
TR006503,2025-02-20,PWR,T07,Long,1164,90.4,105221.61,1903.98
TR006504,2025-02-20,PWR,T06,Long,1780,98.89,176017.55,-271.31
TR006505,2025-02-20,GAS,T08,Short,209,36.41,7610.03,203.01
TR006506,2025-02-20,COAL,T04,Short,889,114.99,102227.03,-2767.29
TR006507,2025-02-20,CO2,T06,Short,1862,67.8,126242.47,-2856.18
TR006508,2025-02-20,CO2,T04,Short,1931,66.49,128383.48,-1294.08
TR006509,2025-02-20,GAS,T08,Long,1061,36.88,39129.2,-96.42
TR006510,2025-02-20,CO2,T01,Short,761,69.62,52981.7,1824.48
TR006511,2025-02-20,COAL,T04,Long,294,112.28,33010.86,502.35
TR006512,2025-02-20,PWR,T07,Short,586,93.25,54644.63,-414.89
TR006513,2025-02-20,CO2,T08,Short,878,67.5,59267.21,522.83
TR006514,2025-02-20,GAS,T03,Long,372,38.71,14400.97,-126.75
TR006515,2025-02-20,PWR,T08,Long,217,83.52,18124.77,336.69
TR006516,2025-02-20,COAL,T01,Short,1018,114.51,116568.98,-2188.47
TR006517,2025-02-20,CO2,T03,Long,206,69.35,14286.33,287.69
TR006518,2025-02-20,CO2,T06,Long,1987,65.05,129253.5,1548.42
TR006519,2025-02-20,GAS,T03,Long,669,33.35,22308.34,102.53
TR006520,2025-02-20,CO2,T06,Short,1714,65.36,112034.84,137.05
TR006521,2025-02-21,GAS,T07,Long,67,36.88,2470.94,-19.44
TR006522,2025-02-21,CO2,T05,Short,1818,76.47,139030.33,-31.84
TR006523,2025-02-21,COAL,T08,Long,1449,108.12,156670.31,-450.53
TR006524,2025-02-21,COAL,T01,Long,911,118.18,107659.97,-1602.61
TR006525,2025-02-21,PWR,T06,Short,1184,101.27,119905.58,-238.55
TR006526,2025-02-21,GAS,T08,Short,1369,34.16,46761.07,-1732.22
TR006527,2025-02-21,COAL,T03,Long,1536,114.72,176210.21,2549.77
TR006528,2025-02-21,COAL,T06,Short,1601,108.98,174480.61,2814.09
TR006529,2025-02-21,PWR,T04,Short,1559,71.72,111815.47,-890.74
TR006530,2025-02-21,PWR,T07,Long,358,96.0,34366.34,224.58
TR006531,2025-02-21,COAL,T02,Short,1913,112.37,214968.57,-4761.61
TR006532,2025-02-21,PWR,T02,Short,1100,95.17,104684.84,2632.7
TR006533,2025-02-21,CO2,T05,Long,404,68.12,27519.0,173.02
TR006534,2025-02-21,PWR,T04,Long,825,84.13,69405.42,-406.28
TR006535,2025-02-21,GAS,T02,Long,471,38.01,17904.38,24.36
TR006536,2025-02-21,CO2,T04,Long,524,74.29,38925.41,170.64
TR006537,2025-02-24,COAL,T02,Short,1430,107.36,153530.82,4356.94
TR006538,2025-02-24,GAS,T06,Long,1122,34.52,38736.05,-509.18
TR006539,2025-02-24,CO2,T07,Long,584,69.11,40359.29,-29.72
TR006540,2025-02-24,PWR,T06,Long,1909,91.52,174720.48,298.56
TR006541,2025-02-24,COAL,T06,Long,1795,114.35,205257.62,569.76
TR006542,2025-02-24,GAS,T07,Long,252,39.73,10012.87,132.13
TR006543,2025-02-24,GAS,T03,Long,1002,38.12,38195.59,-872.86
TR006544,2025-02-24,PWR,T08,Long,1965,86.6,170164.67,-4620.41
TR006545,2025-02-24,COAL,T07,Long,967,113.66,109911.3,185.83
TR006546,2025-02-24,CO2,T07,Long,1546,65.66,101508.72,-22.39
TR006547,2025-02-24,PWR,T03,Long,1556,97.29,151386.05,2854.09
TR006548,2025-02-24,COAL,T01,Long,1887,116.03,218948.75,-5604.64
TR006549,2025-02-24,PWR,T02,Long,520,92.55,48128.22,-863.43
TR006550,2025-02-24,COAL,T07,Long,1347,120.77,162676.31,1587.72
TR006551,2025-02-24,GAS,T08,Long,561,36.03,20210.39,-250.13
TR006552,2025-02-24,PWR,T06,Short,820,78.82,64636.28,-562.98
TR006553,2025-02-24,COAL,T07,Short,1322,112.74,149048.1,-1693.31
TR006554,2025-02-24,CO2,T08,Short,1878,71.78,134802.73,-2365.03
TR006555,2025-02-24,PWR,T03,Long,526,96.0,50494.87,1450.43
TR006556,2025-02-24,GAS,T08,Long,643,37.86,24341.02,100.19
TR006557,2025-02-24,PWR,T04,Short,516,81.43,42019.2,-780.27
TR006558,2025-02-24,GAS,T05,Short,1289,34.54,44516.7,305.62
TR006559,2025-02-24,GAS,T04,Short,476,34.7,16517.0,89.55
TR006560,2025-02-24,GAS,T03,Short,119,37.65,4480.82,-16.17
TR006561,2025-02-25,PWR,T04,Long,1389,90.83,126159.16,1775.21
TR006562,2025-02-25,GAS,T07,Long,662,35.49,23496.31,-273.47
TR006563,2025-02-25,CO2,T06,Long,833,71.8,59810.35,1303.62
TR006564,2025-02-25,GAS,T02,Short,706,36.93,26070.05,195.91
TR006565,2025-02-25,COAL,T06,Short,185,121.66,22507.69,871.72
TR006566,2025-02-25,CO2,T01,Short,1640,69.12,113350.52,-2457.96
TR006567,2025-02-25,COAL,T05,Short,1982,112.75,223468.87,168.99
TR006568,2025-02-25,GAS,T04,Long,522,35.93,18753.55,-250.51
TR006569,2025-02-25,PWR,T01,Long,375,87.6,32848.76,134.48
TR006570,2025-02-25,GAS,T01,Short,1019,34.0,34649.68,477.63
TR006571,2025-02-25,GAS,T03,Long,171,37.5,6411.8,82.39
TR006572,2025-02-25,GAS,T01,Long,777,36.29,28195.93,-579.83
TR006573,2025-02-25,COAL,T03,Short,957,107.15,102543.45,348.31
TR006574,2025-02-25,CO2,T06,Long,1516,62.64,94958.71,2368.05
TR006575,2025-02-25,PWR,T08,Long,1844,93.49,172393.01,1825.8
TR006576,2025-02-25,GAS,T04,Long,225,36.9,8303.61,65.85
TR006577,2025-02-25,CO2,T06,Long,1176,69.14,81306.45,-639.89
TR006578,2025-02-25,GAS,T01,Short,838,34.3,28740.39,270.91
TR006579,2025-02-25,CO2,T01,Short,1175,68.58,80584.87,967.08
TR006580,2025-02-26,COAL,T08,Short,1176,107.1,125951.16,2015.62
TR006581,2025-02-26,PWR,T05,Short,999,87.67,87582.26,-113.42
TR006582,2025-02-26,GAS,T08,Short,533,39.29,20941.89,703.72
TR006583,2025-02-26,GAS,T03,Long,1616,38.42,62079.97,-417.89
TR006584,2025-02-26,CO2,T08,Short,186,70.01,13022.2,-134.96
TR006585,2025-02-26,GAS,T01,Long,1241,33.78,41914.9,987.06
TR006586,2025-02-26,GAS,T04,Short,561,35.46,19891.96,-15.03
TR006587,2025-02-26,COAL,T07,Short,454,113.72,51629.1,-770.42
TR006588,2025-02-26,CO2,T03,Short,448,72.41,32440.26,-262.63
TR006589,2025-02-26,PWR,T03,Short,1356,87.4,118511.12,-1847.79
TR006590,2025-02-26,COAL,T08,Long,1209,115.2,139280.06,2042.35
TR006591,2025-02-26,GAS,T01,Long,980,33.46,32790.01,-573.81
TR006592,2025-02-26,CO2,T06,Short,263,71.08,18693.09,407.21
TR006593,2025-02-26,PWR,T06,Long,870,94.8,82479.15,-4.97
TR006594,2025-02-26,PWR,T03,Short,1486,91.87,136516.62,3864.53
TR006595,2025-02-26,CO2,T07,Long,1547,71.66,110862.89,1327.01
TR006596,2025-02-26,PWR,T07,Long,1588,89.72,142468.35,-683.6
TR006597,2025-02-27,PWR,T06,Long,303,94.0,28482.82,-442.42
TR006598,2025-02-27,COAL,T05,Long,220,113.11,24884.85,-387.57
TR006599,2025-02-27,CO2,T06,Long,1889,61.65,116449.66,1579.01
TR006600,2025-02-27,PWR,T05,Short,1365,89.13,121660.49,178.64
TR006601,2025-02-27,PWR,T03,Long,337,84.86,28596.93,-290.71
TR006602,2025-02-27,CO2,T04,Long,1263,76.54,96673.16,258.28
TR006603,2025-02-27,GAS,T06,Long,1643,34.68,56974.23,1132.18
TR006604,2025-02-27,GAS,T07,Short,438,35.3,15460.86,116.39
TR006605,2025-02-27,GAS,T06,Long,1498,37.7,56479.84,-799.65
TR006606,2025-02-27,GAS,T06,Short,1291,38.0,49060.17,-478.12
TR006607,2025-02-27,COAL,T08,Short,509,113.87,57962.36,1060.58
TR006608,2025-02-27,GAS,T03,Long,1119,36.94,41334.15,436.66
TR006609,2025-02-27,CO2,T06,Short,1544,75.53,116622.08,4127.28
TR006610,2025-02-27,PWR,T05,Long,1308,93.41,122177.39,-371.82
TR006611,2025-02-27,GAS,T06,Long,815,38.4,31295.62,-661.84
TR006612,2025-02-27,PWR,T05,Long,97,96.0,9312.4,1.84
TR006613,2025-02-27,CO2,T01,Long,1774,60.75,107777.35,1088.88
TR006614,2025-02-28,PWR,T03,Long,1017,91.05,92596.88,-791.98
TR006615,2025-02-28,PWR,T02,Long,1317,86.58,114019.94,-2725.63
TR006616,2025-02-28,CO2,T04,Long,1844,75.09,138461.44,-259.17
TR006617,2025-02-28,CO2,T02,Long,606,76.87,46584.6,634.07
TR006618,2025-02-28,CO2,T02,Long,889,69.48,61770.52,-314.43
TR006619,2025-02-28,COAL,T03,Long,1747,115.67,202076.26,-2732.23
TR006620,2025-02-28,PWR,T06,Long,1766,87.25,154081.95,1235.48
TR006621,2025-02-28,GAS,T08,Long,1622,34.94,56680.45,783.51
TR006622,2025-02-28,COAL,T05,Short,1592,112.1,178461.65,1279.31
TR006623,2025-02-28,GAS,T05,Short,437,37.91,16568.82,150.93
TR006624,2025-02-28,CO2,T05,Short,1411,73.57,103803.26,673.61
TR006625,2025-02-28,CO2,T08,Short,480,64.51,30966.44,-146.67
TR006626,2025-02-28,GAS,T06,Long,721,37.62,27126.11,845.25
TR006627,2025-02-28,GAS,T06,Short,1859,35.09,65224.88,-352.83
TR006628,2025-02-28,COAL,T04,Short,1613,113.72,183437.32,-447.86
TR006629,2025-02-28,GAS,T05,Short,1501,35.79,53718.54,-1703.18
TR006630,2025-02-28,COAL,T07,Long,340,115.24,39182.76,-386.67
TR006631,2025-02-28,PWR,T08,Long,1634,95.32,155753.3,-572.17
TR006632,2025-02-28,PWR,T02,Short,1380,85.05,117364.03,381.15
TR006633,2025-02-28,PWR,T01,Long,467,92.16,43038.54,396.21
TR006634,2025-02-28,CO2,T02,Long,816,69.89,57029.99,355.58
TR006635,2025-02-28,CO2,T02,Long,901,70.68,63680.43,1204.35
TR006636,2025-03-03,GAS,T03,Long,1604,38.56,61851.03,-859.06
TR006637,2025-03-03,PWR,T08,Short,1528,83.53,127635.93,1146.58
TR006638,2025-03-03,PWR,T06,Long,109,100.92,11000.43,-237.92
TR006639,2025-03-03,COAL,T01,Long,1800,115.6,208087.9,-2839.53
TR006640,2025-03-03,COAL,T04,Long,902,117.37,105872.11,-1115.17
TR006641,2025-03-03,CO2,T03,Long,1039,72.15,74968.24,-897.28
TR006642,2025-03-03,GAS,T08,Long,965,35.81,34557.15,41.25
TR006643,2025-03-03,GAS,T01,Long,910,40.52,36874.23,-233.43
TR006644,2025-03-03,CO2,T05,Long,511,68.05,34775.33,-293.96
TR006645,2025-03-03,GAS,T01,Short,1071,33.85,36254.21,-285.11
TR006646,2025-03-03,GAS,T07,Long,1262,35.86,45256.28,95.69
TR006647,2025-03-03,GAS,T03,Long,1137,32.09,36484.34,-667.4
TR006648,2025-03-03,COAL,T02,Long,1804,112.72,203341.7,4197.05
TR006649,2025-03-03,COAL,T02,Long,1199,110.99,133076.22,-1330.18
TR006650,2025-03-03,PWR,T07,Long,704,94.9,66808.68,1551.1
TR006651,2025-03-03,CO2,T08,Long,1222,64.59,78925.89,375.82
TR006652,2025-03-03,GAS,T08,Short,1149,36.71,42177.8,-949.43
TR006653,2025-03-04,PWR,T05,Long,780,81.79,63793.04,1542.21
TR006654,2025-03-04,CO2,T04,Long,552,70.19,38744.2,682.84
TR006655,2025-03-04,PWR,T08,Long,995,96.83,96342.79,-1121.59
TR006656,2025-03-04,GAS,T01,Long,1857,35.29,65532.47,-1220.61
TR006657,2025-03-04,CO2,T07,Long,370,68.77,25445.42,74.73
TR006658,2025-03-04,CO2,T05,Long,1233,71.58,88252.05,-1260.92
TR006659,2025-03-04,CO2,T06,Long,1769,69.34,122670.48,292.61
TR006660,2025-03-04,COAL,T05,Short,1254,109.78,137660.85,-623.69
TR006661,2025-03-04,GAS,T04,Long,1578,36.09,56942.96,-684.77
TR006662,2025-03-04,GAS,T01,Short,850,33.86,28784.59,463.7
TR006663,2025-03-04,PWR,T07,Short,1594,95.23,151794.97,-2339.11
TR006664,2025-03-04,GAS,T03,Short,1385,36.82,51002.26,-243.43
TR006665,2025-03-04,PWR,T02,Short,1934,84.56,163545.37,-1339.7
TR006666,2025-03-04,PWR,T05,Short,409,85.51,34973.61,457.17
TR006667,2025-03-04,PWR,T06,Short,1607,92.15,148087.42,-476.19
TR006668,2025-03-04,COAL,T02,Long,1387,115.57,160292.74,-943.84
TR006669,2025-03-05,GAS,T01,Long,669,35.37,23661.52,113.08
TR006670,2025-03-05,GAS,T04,Long,831,34.76,28886.36,-139.38
TR006671,2025-03-05,CO2,T08,Long,673,68.18,45887.34,603.64
TR006672,2025-03-05,CO2,T02,Long,360,67.88,24438.05,433.09
TR006673,2025-03-05,COAL,T08,Short,520,116.32,60486.25,1216.79
TR006674,2025-03-05,PWR,T03,Short,923,85.03,78480.46,5.59
TR006675,2025-03-05,GAS,T04,Long,257,36.96,9498.48,34.16
TR006676,2025-03-05,CO2,T04,Long,439,70.91,31131.24,34.75
TR006677,2025-03-05,COAL,T07,Short,1156,118.45,136929.14,-1030.47
TR006678,2025-03-05,PWR,T08,Short,1346,90.72,122112.6,1255.05
TR006679,2025-03-05,GAS,T08,Short,1765,35.39,62456.85,-520.03
TR006680,2025-03-05,PWR,T01,Long,1894,94.38,178746.37,76.6
TR006681,2025-03-05,PWR,T08,Short,1746,88.71,154880.64,4425.93
TR006682,2025-03-05,COAL,T07,Short,1840,103.74,190885.25,-1262.26
TR006683,2025-03-05,PWR,T08,Long,414,93.86,38858.75,564.83
TR006684,2025-03-05,CO2,T07,Short,1423,60.91,86678.55,-2880.22
TR006685,2025-03-05,GAS,T01,Long,781,38.16,29805.25,-22.04
TR006686,2025-03-05,PWR,T03,Short,747,95.77,71540.05,-344.08
TR006687,2025-03-06,COAL,T07,Long,1262,109.63,138347.21,2256.62
TR006688,2025-03-06,COAL,T04,Short,713,112.76,80401.08,1372.35
TR006689,2025-03-06,GAS,T04,Long,50,37.36,1868.15,-7.09
TR006690,2025-03-06,PWR,T01,Short,1656,79.6,131813.64,-3312.8
TR006691,2025-03-06,CO2,T07,Long,1528,75.14,114810.32,-2067.87
TR006692,2025-03-06,CO2,T04,Short,872,62.58,54568.85,-743.61
TR006693,2025-03-06,CO2,T08,Short,1061,69.46,73701.07,709.88
TR006694,2025-03-06,CO2,T01,Long,215,68.86,14805.16,-135.87
TR006695,2025-03-06,PWR,T03,Long,965,94.07,90781.03,-1889.63
TR006696,2025-03-06,GAS,T08,Long,523,38.85,20318.93,-112.8
TR006697,2025-03-06,PWR,T07,Long,1405,93.66,131591.47,-776.73
TR006698,2025-03-06,CO2,T06,Long,231,71.06,16415.53,270.8
TR006699,2025-03-06,COAL,T03,Short,280,118.39,33149.36,32.56
TR006700,2025-03-06,GAS,T03,Long,313,33.3,10422.76,-55.01
TR006701,2025-03-06,CO2,T03,Long,673,68.98,46424.09,-322.54
TR006702,2025-03-06,GAS,T06,Short,243,36.95,8979.98,26.8
TR006703,2025-03-06,GAS,T07,Long,1825,38.48,70217.96,108.01
TR006704,2025-03-06,PWR,T06,Short,1589,98.62,156710.57,2273.49
TR006705,2025-03-06,COAL,T05,Short,157,114.84,18030.17,304.75
TR006706,2025-03-06,PWR,T08,Long,1951,82.72,161396.33,-4442.85
TR006707,2025-03-06,GAS,T01,Long,592,38.26,22647.49,-224.19
TR006708,2025-03-06,GAS,T02,Short,139,34.06,4734.81,91.69
TR006709,2025-03-06,PWR,T04,Long,1051,88.41,92920.48,-177.88
TR006710,2025-03-06,COAL,T05,Long,915,116.75,106830.51,619.28
TR006711,2025-03-06,GAS,T08,Short,665,35.31,23482.03,548.81
TR006712,2025-03-07,CO2,T08,Long,302,74.22,22414.54,-313.38
TR006713,2025-03-07,CO2,T08,Long,1408,73.05,102856.67,-1771.94
TR006714,2025-03-07,CO2,T02,Short,971,63.56,61717.25,600.55
TR006715,2025-03-07,COAL,T08,Short,1802,106.79,192443.51,-3109.5
TR006716,2025-03-07,COAL,T01,Short,1116,116.39,129893.63,-4480.0
TR006717,2025-03-07,PWR,T03,Long,526,94.98,49956.85,-364.64
TR006718,2025-03-07,COAL,T06,Long,1331,108.76,144760.74,1220.94
TR006719,2025-03-07,COAL,T08,Long,195,117.51,22913.85,141.58
TR006720,2025-03-07,GAS,T02,Short,1737,36.91,64112.24,-800.59
TR006721,2025-03-07,GAS,T03,Short,1525,38.42,58594.05,-480.92
TR006722,2025-03-07,COAL,T08,Long,1317,111.75,147174.83,-1724.35
TR006723,2025-03-07,GAS,T07,Long,1736,38.17,66254.8,-1145.7
TR006724,2025-03-07,GAS,T07,Short,149,34.57,5150.32,44.95
TR006725,2025-03-07,GAS,T08,Long,468,31.26,14629.4,-170.77
TR006726,2025-03-07,COAL,T05,Short,430,116.78,50216.5,1023.03
TR006727,2025-03-07,CO2,T06,Long,899,73.4,65988.96,497.97
TR006728,2025-03-07,CO2,T06,Short,92,62.93,5789.16,-79.39
TR006729,2025-03-07,PWR,T07,Short,290,95.35,27651.33,-298.46
TR006730,2025-03-07,PWR,T08,Long,953,85.83,81798.9,-641.23
TR006731,2025-03-07,PWR,T05,Short,1483,83.04,123143.51,-2115.88
TR006732,2025-03-07,GAS,T03,Short,69,38.46,2653.84,-14.56
TR006733,2025-03-07,GAS,T07,Short,766,37.0,28343.52,-704.59
TR006734,2025-03-07,CO2,T03,Long,743,71.27,52955.0,916.53
TR006735,2025-03-07,CO2,T02,Long,1976,77.12,152397.3,-465.44
TR006736,2025-03-07,COAL,T04,Long,365,116.53,42533.67,366.28
TR006737,2025-03-10,CO2,T08,Long,1625,64.4,104646.03,-2057.12
TR006738,2025-03-10,CO2,T03,Long,1820,79.96,145525.24,111.02
TR006739,2025-03-10,COAL,T06,Short,1868,114.3,213521.73,79.97
TR006740,2025-03-10,PWR,T07,Long,1109,84.57,93785.8,3072.37
TR006741,2025-03-10,GAS,T03,Long,458,36.23,16592.22,-123.25
TR006742,2025-03-10,COAL,T02,Long,1893,119.39,226013.23,-1745.61
TR006743,2025-03-10,PWR,T05,Long,436,82.3,35882.38,-711.65
TR006744,2025-03-10,COAL,T08,Short,665,115.58,76858.55,-724.8
TR006745,2025-03-10,COAL,T03,Short,393,108.18,42515.99,760.88
TR006746,2025-03-10,GAS,T05,Short,671,37.37,25075.06,-19.14
TR006747,2025-03-10,PWR,T03,Long,597,85.58,51090.53,320.2
TR006748,2025-03-10,COAL,T01,Long,257,116.68,29985.93,-268.24
TR006749,2025-03-10,GAS,T06,Long,941,35.19,33110.46,7.44
TR006750,2025-03-10,PWR,T04,Long,1245,95.85,119336.4,2250.35
TR006751,2025-03-10,COAL,T02,Long,326,114.34,37274.68,-51.38
TR006752,2025-03-10,PWR,T08,Short,1635,83.9,137178.78,1780.9
TR006753,2025-03-10,CO2,T03,Short,510,74.31,37899.37,191.43
TR006754,2025-03-10,GAS,T06,Short,1881,34.41,64719.14,1100.84
TR006755,2025-03-10,GAS,T02,Short,998,38.95,38870.58,948.62
TR006756,2025-03-10,CO2,T04,Long,448,75.81,33962.31,334.39
TR006757,2025-03-10,CO2,T07,Long,1502,68.36,102679.27,1669.95
TR006758,2025-03-10,COAL,T08,Short,318,116.85,37158.42,98.18
TR006759,2025-03-10,GAS,T07,Long,665,37.82,25149.43,-179.15
TR006760,2025-03-10,PWR,T03,Short,466,91.38,42584.63,845.21
TR006761,2025-03-10,COAL,T08,Long,1373,111.22,152701.11,240.86
TR006762,2025-03-10,COAL,T05,Long,1028,117.02,120296.62,-790.43
TR006763,2025-03-11,PWR,T02,Long,1273,85.8,109220.19,1292.82
TR006764,2025-03-11,CO2,T08,Long,1525,66.38,101234.01,518.72
TR006765,2025-03-11,GAS,T04,Long,1701,37.29,63422.71,-766.88
TR006766,2025-03-11,COAL,T07,Short,1107,113.4,125537.64,-1375.01
TR006767,2025-03-11,COAL,T04,Long,803,114.92,92276.85,-143.89
TR006768,2025-03-11,COAL,T06,Long,335,118.23,39605.74,59.19
TR006769,2025-03-11,GAS,T05,Long,1904,34.98,66595.34,311.62
TR006770,2025-03-11,CO2,T05,Short,1795,70.91,127285.83,-864.72
TR006771,2025-03-11,CO2,T05,Long,1127,71.26,80310.45,-991.37
TR006772,2025-03-11,GAS,T08,Long,1568,35.76,56065.09,-234.34
TR006773,2025-03-11,COAL,T01,Long,468,106.97,50060.76,-771.76
TR006774,2025-03-11,CO2,T01,Short,1874,75.49,141470.55,-2262.8
TR006775,2025-03-11,COAL,T03,Long,933,115.77,108017.27,-147.16
TR006776,2025-03-11,COAL,T07,Long,1610,115.78,186411.04,1046.47
TR006777,2025-03-11,CO2,T02,Long,447,72.71,32500.3,648.88
TR006778,2025-03-11,COAL,T02,Long,1624,106.97,173724.91,1535.17
TR006779,2025-03-11,PWR,T02,Short,1225,89.88,110106.49,3136.62
TR006780,2025-03-11,CO2,T01,Long,497,68.43,34011.79,218.64
TR006781,2025-03-11,PWR,T04,Long,1131,90.21,102032.55,329.6
TR006782,2025-03-12,CO2,T05,Short,1848,67.54,124811.02,1046.53
TR006783,2025-03-12,COAL,T04,Long,1265,110.92,140317.74,1592.77
TR006784,2025-03-12,COAL,T02,Long,1981,116.84,231462.1,-2741.73
TR006785,2025-03-12,GAS,T05,Short,53,35.44,1878.36,-12.03
TR006786,2025-03-12,PWR,T05,Long,242,82.94,20070.58,24.37
TR006787,2025-03-12,CO2,T06,Long,1482,76.93,114015.3,-903.77
TR006788,2025-03-12,PWR,T05,Short,1338,87.33,116841.48,748.22
TR006789,2025-03-12,PWR,T05,Long,1581,84.86,134165.24,-190.53
TR006790,2025-03-12,GAS,T02,Short,1498,35.14,52635.29,-198.06
TR006791,2025-03-12,COAL,T02,Short,272,119.42,32483.31,149.21
TR006792,2025-03-12,CO2,T01,Long,1895,65.84,124760.59,-1831.59
TR006793,2025-03-12,PWR,T06,Long,620,88.28,54735.85,-844.49
TR006794,2025-03-12,CO2,T01,Long,879,70.48,61949.48,728.67
TR006795,2025-03-12,CO2,T02,Long,1348,68.21,91943.15,591.27
TR006796,2025-03-12,CO2,T04,Short,1366,72.97,99680.42,719.04
TR006797,2025-03-12,CO2,T01,Short,495,65.88,32611.54,541.57
TR006798,2025-03-12,COAL,T07,Long,742,113.77,84420.5,-848.36
TR006799,2025-03-12,GAS,T04,Short,1021,36.19,36951.19,192.85
TR006800,2025-03-12,GAS,T04,Long,1214,35.42,42995.55,-122.73
TR006801,2025-03-12,PWR,T02,Short,1443,90.14,130067.39,-136.08
TR006802,2025-03-12,COAL,T07,Long,79,114.27,9027.68,301.31
TR006803,2025-03-12,COAL,T02,Short,1665,119.86,199570.2,-2244.54
TR006804,2025-03-12,CO2,T01,Long,377,75.31,28390.64,749.08
TR006805,2025-03-13,GAS,T01,Long,840,35.06,29453.03,-89.63
TR006806,2025-03-13,GAS,T05,Long,246,34.87,8578.27,0.24
TR006807,2025-03-13,GAS,T07,Long,1461,37.74,55140.21,-1169.08
TR006808,2025-03-13,COAL,T02,Long,1188,116.61,138531.19,520.75
TR006809,2025-03-13,GAS,T08,Long,1735,35.1,60891.58,3.52
TR006810,2025-03-13,CO2,T08,Short,873,69.88,61007.43,1597.34
TR006811,2025-03-13,COAL,T03,Short,1767,118.81,209939.42,-77.91
TR006812,2025-03-13,COAL,T04,Long,971,110.84,107621.24,-1783.52
TR006813,2025-03-13,GAS,T03,Long,1721,36.25,62393.29,-1231.51
TR006814,2025-03-13,COAL,T01,Short,1436,117.3,168444.39,1539.37
TR006815,2025-03-13,CO2,T01,Short,1599,71.48,114302.7,1333.54
TR006816,2025-03-13,CO2,T07,Short,954,71.92,68613.87,-201.03
TR006817,2025-03-13,PWR,T08,Short,512,92.41,47314.07,862.55
TR006818,2025-03-13,CO2,T08,Long,1167,69.74,81390.87,392.65
TR006819,2025-03-13,PWR,T06,Long,773,85.88,66388.22,343.5
TR006820,2025-03-13,GAS,T05,Short,1551,33.58,52086.19,247.65
TR006821,2025-03-13,GAS,T05,Short,938,35.64,33427.73,-187.06
TR006822,2025-03-13,COAL,T07,Long,1045,122.52,128028.75,156.03
TR006823,2025-03-13,PWR,T06,Long,100,89.05,8904.89,-29.47
TR006824,2025-03-13,COAL,T05,Short,483,118.66,57310.58,459.67
TR006825,2025-03-13,PWR,T04,Long,788,89.07,70189.65,721.23
TR006826,2025-03-14,PWR,T02,Long,1977,94.37,186570.45,-3322.35
TR006827,2025-03-14,PWR,T03,Short,262,84.82,22223.19,221.11
TR006828,2025-03-14,PWR,T02,Long,461,83.28,38391.91,-716.71
TR006829,2025-03-14,CO2,T01,Short,1832,68.14,124836.69,-3452.77
TR006830,2025-03-14,COAL,T05,Long,293,115.96,33976.66,-359.13
TR006831,2025-03-14,GAS,T03,Long,1548,35.55,55024.51,145.59
TR006832,2025-03-14,COAL,T04,Short,1810,115.14,208403.85,-207.18
TR006833,2025-03-14,GAS,T06,Short,468,37.56,17576.66,-170.58
TR006834,2025-03-14,GAS,T08,Long,1741,36.12,62887.0,-259.22
TR006835,2025-03-14,COAL,T03,Long,1805,118.05,213083.25,-1615.39
TR006836,2025-03-14,GAS,T03,Long,811,34.14,27689.02,72.63
TR006837,2025-03-14,PWR,T03,Short,1112,80.8,89855.08,-2104.1
TR006838,2025-03-14,COAL,T02,Long,917,109.41,100326.6,2483.5
TR006839,2025-03-14,COAL,T08,Long,1377,109.42,150675.4,-1180.44
TR006840,2025-03-14,CO2,T05,Short,1124,74.39,83613.94,-2253.81
TR006841,2025-03-14,GAS,T06,Long,852,35.8,30500.16,509.62
TR006842,2025-03-14,PWR,T04,Long,641,86.63,55529.7,523.96
TR006843,2025-03-14,CO2,T03,Long,381,68.34,26037.55,-227.52
TR006844,2025-03-14,CO2,T04,Long,1980,68.24,135107.19,980.51
TR006845,2025-03-14,PWR,T03,Long,327,94.78,30991.94,-456.82
TR006846,2025-03-14,GAS,T02,Long,1277,32.06,40939.3,-781.77
TR006847,2025-03-14,COAL,T06,Long,170,116.4,19787.9,59.25
TR006848,2025-03-14,GAS,T07,Short,967,35.43,34260.53,117.16
TR006849,2025-03-14,CO2,T08,Long,203,66.04,13406.46,-108.65
TR006850,2025-03-14,GAS,T07,Long,347,38.18,13248.73,-264.78
TR006851,2025-03-14,CO2,T05,Long,1934,76.06,147103.89,-72.24
TR006852,2025-03-17,COAL,T08,Short,1760,112.65,198258.25,5479.62
TR006853,2025-03-17,GAS,T06,Long,1115,36.24,40409.12,-1207.22
TR006854,2025-03-17,COAL,T05,Long,1459,118.59,173023.65,3382.73
TR006855,2025-03-17,GAS,T08,Short,668,37.43,25000.47,299.95
TR006856,2025-03-17,GAS,T03,Long,909,34.38,31250.9,169.41
TR006857,2025-03-17,CO2,T06,Long,1833,62.86,115213.79,-1279.68
TR006858,2025-03-17,PWR,T05,Short,1460,87.71,128052.53,-1396.5
TR006859,2025-03-17,GAS,T02,Short,279,37.01,10325.1,301.45
TR006860,2025-03-17,PWR,T04,Long,1436,86.28,123902.11,1012.58
TR006861,2025-03-17,PWR,T08,Long,692,96.73,66938.16,274.94
TR006862,2025-03-17,PWR,T07,Short,1999,87.65,175215.85,3108.5
TR006863,2025-03-17,PWR,T04,Long,417,95.66,39888.58,484.3
TR006864,2025-03-17,CO2,T02,Short,569,65.83,37455.89,-351.67
TR006865,2025-03-17,GAS,T06,Short,899,37.18,33425.75,72.44
TR006866,2025-03-17,PWR,T08,Short,131,89.75,11757.32,170.55
TR006867,2025-03-17,GAS,T05,Long,1520,36.13,54920.43,-1370.74
TR006868,2025-03-17,COAL,T01,Long,247,118.19,29192.06,-554.19
TR006869,2025-03-17,CO2,T04,Long,270,63.18,17057.85,648.1
TR006870,2025-03-17,COAL,T03,Long,156,112.33,17523.99,14.37
TR006871,2025-03-17,PWR,T02,Long,1877,92.09,172857.93,-3882.11
TR006872,2025-03-17,GAS,T06,Long,1624,35.21,57187.84,392.94
TR006873,2025-03-17,PWR,T06,Long,1093,94.59,103384.3,1290.61
TR006874,2025-03-17,COAL,T06,Short,1422,110.35,156915.07,-2592.43
TR006875,2025-03-17,COAL,T05,Short,1317,120.47,158654.8,-755.98
TR006876,2025-03-17,PWR,T03,Long,191,85.41,16313.8,162.87
TR006877,2025-03-17,CO2,T07,Short,1962,68.61,134612.94,2629.53
TR006878,2025-03-17,CO2,T04,Short,159,70.96,11281.91,-145.63
TR006879,2025-03-18,GAS,T08,Short,921,36.95,34026.68,-437.15
TR006880,2025-03-18,PWR,T05,Short,1789,90.39,161709.88,-18.43
TR006881,2025-03-18,GAS,T08,Long,624,36.45,22744.97,423.05
TR006882,2025-03-18,COAL,T06,Short,1321,108.89,143846.51,816.37
TR006883,2025-03-18,COAL,T03,Long,1214,107.66,130696.39,321.14
TR006884,2025-03-18,COAL,T07,Short,1107,115.81,128201.33,3800.23
TR006885,2025-03-18,CO2,T08,Short,1682,67.87,114150.63,-949.02
TR006886,2025-03-18,PWR,T03,Long,1770,86.69,153438.54,2442.89
TR006887,2025-03-18,PWR,T06,Long,1772,84.62,149939.34,-1090.59
TR006888,2025-03-18,GAS,T05,Short,1700,38.86,66068.65,34.88
TR006889,2025-03-18,CO2,T05,Long,1214,70.27,85312.51,-1677.17
TR006890,2025-03-18,PWR,T02,Long,226,98.09,22169.43,-418.68
TR006891,2025-03-18,COAL,T08,Short,135,111.26,15019.86,274.4
TR006892,2025-03-18,GAS,T03,Short,951,36.75,34946.85,6.59
TR006893,2025-03-18,PWR,T05,Long,653,94.6,61774.26,672.59
TR006894,2025-03-18,GAS,T05,Long,1707,35.83,61166.34,-1979.27
TR006895,2025-03-18,COAL,T02,Short,1906,107.09,204114.98,1004.24
TR006896,2025-03-18,GAS,T02,Long,139,39.49,5489.38,-5.25
TR006897,2025-03-18,COAL,T04,Short,774,110.06,85184.96,-1962.85
TR006898,2025-03-18,GAS,T04,Short,68,37.72,2564.94,-42.71
TR006899,2025-03-18,GAS,T04,Long,905,37.03,33509.92,829.96
TR006900,2025-03-19,CO2,T05,Long,556,65.94,36661.96,149.72
TR006901,2025-03-19,PWR,T01,Long,295,93.29,27520.46,-107.52
TR006902,2025-03-19,CO2,T03,Long,931,75.66,70443.92,1917.77
TR006903,2025-03-19,GAS,T04,Long,963,38.43,37006.65,182.22
TR006904,2025-03-19,PWR,T04,Long,637,96.46,61443.61,1848.83
TR006905,2025-03-19,COAL,T07,Short,962,110.23,106043.77,2407.07
TR006906,2025-03-19,COAL,T01,Short,435,117.52,51120.64,-1074.05
TR006907,2025-03-19,CO2,T05,Short,1080,71.64,77369.41,-590.86
TR006908,2025-03-19,GAS,T03,Short,423,35.46,14998.16,-567.68
TR006909,2025-03-19,GAS,T05,Short,148,36.25,5365.27,74.12
TR006910,2025-03-19,COAL,T01,Long,657,121.39,79753.77,-447.72
TR006911,2025-03-19,GAS,T07,Short,1920,36.93,70903.14,-799.49
TR006912,2025-03-19,PWR,T03,Short,1757,95.33,167497.36,4383.52
TR006913,2025-03-19,COAL,T04,Long,802,117.29,94067.44,-1269.09
TR006914,2025-03-19,PWR,T02,Long,1676,88.96,149097.23,811.53
TR006915,2025-03-19,GAS,T07,Long,1847,36.15,66774.6,391.14
TR006916,2025-03-20,PWR,T08,Long,428,90.62,38784.56,387.26
TR006917,2025-03-20,CO2,T08,Short,1212,69.1,83753.94,211.61
TR006918,2025-03-20,PWR,T04,Long,1091,87.1,95028.11,-592.11
TR006919,2025-03-20,CO2,T06,Short,299,70.36,21037.96,-212.18
TR006920,2025-03-20,COAL,T05,Long,176,112.65,19826.7,-131.73
TR006921,2025-03-20,GAS,T05,Long,412,37.96,15640.54,-176.82
TR006922,2025-03-20,COAL,T06,Short,388,111.24,43162.77,87.36
TR006923,2025-03-20,PWR,T07,Long,188,81.68,15356.44,34.35
TR006924,2025-03-20,PWR,T01,Long,864,86.71,74921.5,665.37
TR006925,2025-03-20,COAL,T01,Long,831,114.18,94887.26,-1890.11
TR006926,2025-03-20,GAS,T05,Long,118,34.52,4073.3,70.53
TR006927,2025-03-20,GAS,T03,Short,696,37.42,26044.36,-60.18
TR006928,2025-03-20,CO2,T08,Long,585,68.15,39865.89,-463.19
TR006929,2025-03-20,GAS,T05,Long,475,34.28,16282.81,35.42
TR006930,2025-03-20,CO2,T06,Long,1220,72.17,88050.32,1627.45
TR006931,2025-03-20,CO2,T06,Long,899,73.5,66073.26,447.92
TR006932,2025-03-20,PWR,T04,Long,969,93.39,90497.76,-873.7
TR006933,2025-03-20,CO2,T03,Short,1193,69.38,82770.08,-181.32
TR006934,2025-03-20,PWR,T03,Long,197,81.46,16046.8,75.19
TR006935,2025-03-20,COAL,T06,Short,829,114.81,95179.59,-985.38
TR006936,2025-03-20,CO2,T05,Long,1164,67.57,78648.18,2334.07
TR006937,2025-03-20,PWR,T01,Short,1160,93.11,108005.92,-694.48
TR006938,2025-03-21,COAL,T03,Long,375,112.23,42085.62,-316.44
TR006939,2025-03-21,GAS,T02,Long,1360,37.39,50853.69,-520.87
TR006940,2025-03-21,PWR,T07,Long,338,83.31,28158.91,-420.7
TR006941,2025-03-21,PWR,T03,Short,1326,88.04,116736.83,1761.02
TR006942,2025-03-21,GAS,T06,Long,84,38.12,3201.97,-18.99
TR006943,2025-03-21,PWR,T07,Short,1101,95.75,105417.3,1753.69
TR006944,2025-03-21,PWR,T04,Short,1377,90.68,124869.5,-2083.24
TR006945,2025-03-21,COAL,T02,Long,1459,116.28,169653.11,-503.14
TR006946,2025-03-21,GAS,T05,Short,1970,36.2,71314.96,1742.12
TR006947,2025-03-21,COAL,T01,Long,997,117.76,117402.48,-2431.49
TR006948,2025-03-21,COAL,T02,Short,1981,110.72,219341.31,-997.32
TR006949,2025-03-21,COAL,T07,Short,806,110.82,89317.06,1824.93
TR006950,2025-03-21,PWR,T05,Long,1213,91.46,110940.74,725.91
TR006951,2025-03-21,COAL,T01,Short,290,123.08,35694.01,601.23
TR006952,2025-03-21,CO2,T07,Short,1852,72.37,134020.43,-1056.68
TR006953,2025-03-21,COAL,T07,Long,873,112.98,98631.27,546.54
TR006954,2025-03-21,GAS,T01,Long,323,37.31,12052.61,299.53
TR006955,2025-03-21,PWR,T06,Long,701,90.67,63560.97,1610.9
TR006956,2025-03-21,COAL,T01,Short,223,113.41,25291.32,365.83
TR006957,2025-03-21,GAS,T03,Long,369,35.06,12936.57,65.74
TR006958,2025-03-21,PWR,T03,Long,1478,87.32,129064.67,622.36
TR006959,2025-03-21,PWR,T07,Long,465,86.02,39999.58,-190.78
TR006960,2025-03-21,GAS,T01,Long,1312,37.78,49573.41,-1204.8
TR006961,2025-03-21,CO2,T02,Long,208,66.89,13912.92,13.16
TR006962,2025-03-21,GAS,T01,Long,1601,35.92,57513.22,-720.51
TR006963,2025-03-21,CO2,T03,Long,85,65.62,5578.01,35.35
TR006964,2025-03-24,GAS,T05,Short,781,35.55,27767.14,177.44
TR006965,2025-03-24,COAL,T03,Long,1708,114.73,195958.29,2479.78
TR006966,2025-03-24,COAL,T07,Short,963,120.67,116206.64,-1000.57
TR006967,2025-03-24,CO2,T03,Long,730,68.75,50183.99,-757.93
TR006968,2025-03-24,COAL,T04,Long,1132,111.22,125896.38,-1175.22
TR006969,2025-03-24,GAS,T07,Long,1585,36.15,57299.3,1394.08
TR006970,2025-03-24,PWR,T02,Short,1487,77.48,115219.65,-1527.22
TR006971,2025-03-24,GAS,T03,Short,1982,35.35,70071.73,43.24
TR006972,2025-03-24,PWR,T02,Short,594,90.64,53839.47,-13.19
TR006973,2025-03-24,CO2,T02,Long,707,69.4,49067.71,-286.32
TR006974,2025-03-24,PWR,T08,Short,1436,88.18,126629.84,-3433.34
TR006975,2025-03-24,PWR,T04,Long,661,85.29,56378.02,-385.78
TR006976,2025-03-24,COAL,T05,Long,354,116.7,41311.07,-1304.54
TR006977,2025-03-24,CO2,T08,Long,1482,65.17,96588.18,-699.36
TR006978,2025-03-24,GAS,T04,Short,340,35.66,12123.03,-128.0
TR006979,2025-03-24,COAL,T04,Short,651,112.4,73172.86,251.52
TR006980,2025-03-24,PWR,T04,Short,1488,87.5,130202.03,968.25
TR006981,2025-03-24,COAL,T08,Long,297,113.45,33693.76,-957.38
TR006982,2025-03-24,PWR,T06,Long,1590,84.49,134331.4,-627.36
TR006983,2025-03-24,CO2,T04,Short,1032,61.8,63775.33,1664.93
TR006984,2025-03-24,PWR,T07,Long,1447,87.7,126900.79,844.95
TR006985,2025-03-24,CO2,T04,Short,457,68.35,31236.88,219.18
TR006986,2025-03-24,PWR,T03,Long,1772,91.5,162130.5,-443.48
TR006987,2025-03-24,GAS,T02,Long,384,34.45,13227.14,105.99
TR006988,2025-03-24,COAL,T05,Short,1493,115.66,172686.44,-3051.29
TR006989,2025-03-24,COAL,T02,Long,379,118.3,44837.57,603.32
TR006990,2025-03-24,GAS,T08,Long,554,36.52,20230.99,140.12
TR006991,2025-03-24,GAS,T06,Short,235,36.38,8548.5,-216.38
TR006992,2025-03-25,COAL,T03,Long,1120,117.74,131863.84,-4900.4
TR006993,2025-03-25,GAS,T06,Long,1410,37.35,52659.84,-636.15
TR006994,2025-03-25,GAS,T07,Long,1148,37.73,43311.11,541.72
TR006995,2025-03-25,CO2,T01,Short,1828,64.11,117196.37,-660.9
TR006996,2025-03-25,PWR,T07,Short,487,88.27,42986.44,-781.51
TR006997,2025-03-25,CO2,T06,Long,1677,70.59,118372.53,-1099.4
TR006998,2025-03-25,GAS,T03,Short,864,36.43,31472.99,-562.99
TR006999,2025-03-25,GAS,T03,Short,1726,37.14,64100.95,1396.24
TR007000,2025-03-25,CO2,T06,Long,444,68.43,30384.86,-83.96
TR007001,2025-03-25,COAL,T07,Long,1419,111.73,158544.67,-281.72
TR007002,2025-03-25,PWR,T06,Short,776,87.33,67771.58,218.65
TR007003,2025-03-25,COAL,T03,Short,1588,116.07,184326.54,2137.4
TR007004,2025-03-25,GAS,T01,Long,371,41.2,15284.7,-353.32
TR007005,2025-03-25,GAS,T05,Long,1165,36.05,41999.97,571.8
TR007006,2025-03-25,PWR,T07,Long,714,85.79,61257.3,1142.89
TR007007,2025-03-25,COAL,T02,Short,1991,113.0,224978.41,-3822.58
TR007008,2025-03-25,COAL,T03,Long,1059,113.41,120096.24,1150.83
TR007009,2025-03-25,GAS,T04,Long,1149,37.52,43114.17,-46.95
TR007010,2025-03-25,COAL,T06,Short,639,109.89,70219.41,2400.6
TR007011,2025-03-26,GAS,T02,Short,1316,38.01,50016.52,98.73
TR007012,2025-03-26,GAS,T07,Short,522,38.87,20287.81,549.65
TR007013,2025-03-26,PWR,T01,Short,1208,82.63,99811.34,999.87
TR007014,2025-03-26,GAS,T07,Long,1040,36.79,38260.95,378.47
TR007015,2025-03-26,COAL,T01,Long,1158,108.81,125998.06,3536.0
TR007016,2025-03-26,GAS,T03,Short,748,34.61,25889.63,-161.19
TR007017,2025-03-26,PWR,T03,Short,1754,86.45,151635.25,-2326.54
TR007018,2025-03-26,GAS,T03,Long,1602,37.24,59651.37,-591.81
TR007019,2025-03-26,COAL,T03,Long,1756,113.39,199114.68,802.43
TR007020,2025-03-26,COAL,T06,Long,1118,111.51,124665.96,-2526.84
TR007021,2025-03-26,GAS,T03,Short,1547,38.84,60083.88,315.53
TR007022,2025-03-26,COAL,T03,Short,845,116.52,98457.99,270.78
TR007023,2025-03-26,COAL,T03,Long,1279,112.0,143241.65,-636.08
TR007024,2025-03-26,PWR,T05,Long,1163,86.81,100958.34,-677.54
TR007025,2025-03-26,CO2,T02,Short,158,68.34,10797.38,-85.3
TR007026,2025-03-26,PWR,T03,Long,1900,95.68,181800.45,-3909.81
TR007027,2025-03-26,PWR,T07,Long,1385,96.68,133896.99,-703.45
TR007028,2025-03-27,COAL,T01,Long,311,117.25,36465.49,432.83
TR007029,2025-03-27,PWR,T04,Long,1591,92.47,147122.14,220.82
TR007030,2025-03-27,CO2,T08,Short,562,65.38,36743.79,995.85
TR007031,2025-03-27,GAS,T08,Long,1515,35.53,53821.82,-909.4
TR007032,2025-03-27,GAS,T08,Long,1887,38.08,71859.21,1086.51
TR007033,2025-03-27,GAS,T06,Long,239,33.0,7885.83,60.05
TR007034,2025-03-27,GAS,T04,Short,1075,36.98,39754.9,-26.2
TR007035,2025-03-27,COAL,T04,Long,1807,117.74,212751.84,64.01
TR007036,2025-03-27,GAS,T01,Short,1708,35.42,60497.01,502.51
TR007037,2025-03-27,GAS,T08,Long,1605,34.93,56067.2,745.34
TR007038,2025-03-27,COAL,T06,Long,175,122.07,21363.06,-837.12
TR007039,2025-03-27,COAL,T03,Short,694,112.95,78387.95,859.42
TR007040,2025-03-27,COAL,T05,Long,1515,119.67,181297.79,2702.61
TR007041,2025-03-27,COAL,T04,Long,1214,110.83,134552.58,-1231.15
TR007042,2025-03-27,PWR,T03,Short,970,104.73,101583.66,727.07
TR007043,2025-03-27,PWR,T08,Short,271,85.06,23050.7,105.46
TR007044,2025-03-27,COAL,T02,Long,620,108.63,67353.39,-325.06
TR007045,2025-03-27,COAL,T08,Short,872,113.18,98692.34,749.03
TR007046,2025-03-28,CO2,T03,Long,548,67.16,36802.39,-388.76
TR007047,2025-03-28,GAS,T04,Long,1279,36.69,46927.87,-1003.13
TR007048,2025-03-28,COAL,T05,Short,252,114.38,28824.11,219.84
TR007049,2025-03-28,COAL,T02,Long,1347,114.66,154443.75,-1175.63
TR007050,2025-03-28,GAS,T08,Short,738,34.6,25536.25,51.27
TR007051,2025-03-28,CO2,T01,Short,837,67.98,56903.15,-466.54
TR007052,2025-03-28,COAL,T01,Long,1994,112.24,223802.78,-483.45
TR007053,2025-03-28,PWR,T02,Short,316,89.85,28394.11,-570.4
TR007054,2025-03-28,PWR,T03,Short,209,85.63,17896.5,378.41
TR007055,2025-03-28,CO2,T07,Long,277,69.92,19366.78,51.7
TR007056,2025-03-28,GAS,T04,Short,857,39.61,33949.92,25.06
TR007057,2025-03-28,COAL,T05,Long,357,111.48,39798.89,515.51
TR007058,2025-03-28,GAS,T06,Long,326,36.16,11789.45,83.92
TR007059,2025-03-28,COAL,T03,Long,1928,114.74,221217.77,2851.86
TR007060,2025-03-28,PWR,T07,Long,101,91.44,9235.22,-74.01
TR007061,2025-03-31,PWR,T01,Long,788,84.29,66420.56,-194.58
TR007062,2025-03-31,CO2,T05,Long,1414,72.16,102034.38,-82.36
TR007063,2025-03-31,COAL,T06,Long,1301,126.73,164881.03,-1886.86
TR007064,2025-03-31,GAS,T08,Long,361,38.1,13752.34,-141.68
TR007065,2025-03-31,CO2,T06,Long,1381,72.59,100246.19,-3382.39
TR007066,2025-03-31,PWR,T06,Long,932,84.59,78841.57,-29.81
TR007067,2025-03-31,GAS,T07,Short,98,37.87,3711.3,-5.25
TR007068,2025-03-31,COAL,T01,Long,1317,111.69,147089.39,534.6
TR007069,2025-03-31,GAS,T08,Short,723,35.09,25367.02,-593.64
TR007070,2025-03-31,PWR,T08,Short,1925,89.62,172522.08,2077.0
TR007071,2025-03-31,GAS,T03,Long,922,36.19,33367.25,979.86
TR007072,2025-03-31,GAS,T04,Long,1108,38.41,42553.01,893.33
TR007073,2025-03-31,COAL,T02,Long,1623,117.28,190348.35,1095.13
TR007074,2025-03-31,PWR,T02,Long,427,82.74,35328.95,-708.13
TR007075,2025-03-31,PWR,T08,Long,542,88.67,48059.29,-854.03
TR007076,2025-03-31,COAL,T07,Long,973,116.74,113591.19,-1700.56
TR007077,2025-03-31,PWR,T05,Long,189,91.03,17203.76,163.58
TR007078,2025-03-31,GAS,T07,Long,1934,36.98,71514.69,413.72
TR007079,2025-03-31,PWR,T08,Long,79,84.28,6657.86,61.9
TR007080,2025-03-31,GAS,T07,Long,684,35.06,23980.67,422.79
TR007081,2025-03-31,CO2,T07,Long,64,72.48,4638.89,13.67
TR007082,2025-04-01,GAS,T06,Long,1869,36.2,67659.3,145.83
TR007083,2025-04-01,GAS,T05,Long,81,36.34,2943.82,-13.39
TR007084,2025-04-01,CO2,T06,Long,1042,70.69,73655.09,967.41
TR007085,2025-04-01,COAL,T06,Long,1085,119.88,130071.93,1321.94
TR007086,2025-04-01,COAL,T05,Long,995,115.28,114702.47,-1029.05
TR007087,2025-04-01,GAS,T05,Long,1116,36.74,41006.94,681.05
TR007088,2025-04-01,COAL,T08,Short,1760,110.36,194228.84,-2389.95
TR007089,2025-04-01,COAL,T08,Short,882,111.52,98363.25,-385.88
TR007090,2025-04-01,CO2,T01,Long,514,72.2,37113.36,-622.05
TR007091,2025-04-01,GAS,T08,Short,1650,38.92,64215.09,155.64
TR007092,2025-04-01,CO2,T07,Long,1440,71.33,102716.69,-940.41
TR007093,2025-04-01,COAL,T08,Long,1850,118.16,218602.76,-2839.9
TR007094,2025-04-01,CO2,T05,Short,301,68.55,20633.99,46.4
TR007095,2025-04-01,GAS,T08,Short,406,35.26,14314.5,61.17
TR007096,2025-04-01,CO2,T07,Long,1043,76.42,79701.83,1933.81
TR007097,2025-04-01,CO2,T05,Long,440,71.5,31461.28,675.59
TR007098,2025-04-01,CO2,T03,Short,1961,71.07,139376.64,-1383.98
TR007099,2025-04-01,COAL,T05,Short,1854,112.8,209127.82,-5367.28
TR007100,2025-04-01,PWR,T04,Long,783,88.63,69398.46,-1443.45
TR007101,2025-04-02,CO2,T06,Long,912,71.54,65240.31,2492.51
TR007102,2025-04-02,GAS,T05,Short,1395,38.91,54274.6,634.51
TR007103,2025-04-02,GAS,T05,Long,1469,36.97,54302.01,417.17
TR007104,2025-04-02,COAL,T01,Short,58,117.15,6794.9,87.33
TR007105,2025-04-02,PWR,T04,Short,1337,90.46,120944.67,-741.16
TR007106,2025-04-02,GAS,T04,Long,1100,35.38,38918.52,169.66
TR007107,2025-04-02,PWR,T03,Long,1259,91.4,115074.49,285.93
TR007108,2025-04-02,GAS,T05,Long,1422,37.6,53471.22,868.5
TR007109,2025-04-02,COAL,T02,Long,864,116.95,101042.8,336.38
TR007110,2025-04-02,COAL,T04,Long,612,114.04,69793.86,3141.59
TR007111,2025-04-02,COAL,T07,Long,1979,118.3,234125.44,-3710.81
TR007112,2025-04-02,CO2,T01,Long,234,74.38,17404.46,-168.33
TR007113,2025-04-02,GAS,T06,Short,230,37.98,8734.56,155.27
TR007114,2025-04-02,PWR,T05,Long,858,98.59,84588.37,141.8
TR007115,2025-04-02,GAS,T02,Long,1168,37.41,43697.36,416.13
TR007116,2025-04-02,PWR,T01,Short,1058,91.74,97063.27,-591.73
TR007117,2025-04-03,COAL,T06,Long,433,112.11,48542.88,159.49
TR007118,2025-04-03,CO2,T07,Long,578,70.79,40915.91,-246.8
TR007119,2025-04-03,GAS,T03,Short,1421,38.87,55235.4,-884.53
TR007120,2025-04-03,COAL,T02,Long,687,112.34,77178.66,-1743.05
TR007121,2025-04-03,COAL,T04,Short,288,116.08,33430.55,36.78
TR007122,2025-04-03,CO2,T04,Long,158,72.62,11473.29,-93.75
TR007123,2025-04-03,COAL,T06,Short,321,113.97,36584.71,1682.06
TR007124,2025-04-03,GAS,T02,Long,1886,35.8,67526.47,1045.52
TR007125,2025-04-03,PWR,T03,Short,910,95.32,86740.96,-782.02
TR007126,2025-04-03,GAS,T02,Short,1621,37.5,60792.91,-1751.28
TR007127,2025-04-03,GAS,T03,Long,779,37.44,29164.68,-539.18
TR007128,2025-04-03,GAS,T05,Long,396,35.2,13938.27,-259.37
TR007129,2025-04-03,PWR,T05,Long,1996,80.66,160997.73,2561.9
TR007130,2025-04-03,GAS,T07,Long,129,35.67,4601.48,77.01
TR007131,2025-04-03,GAS,T03,Short,1507,37.85,57035.31,1012.84
TR007132,2025-04-03,GAS,T07,Short,714,38.45,27449.95,-64.25
TR007133,2025-04-04,PWR,T08,Short,205,94.55,19382.19,-663.27
TR007134,2025-04-04,PWR,T06,Long,1816,85.49,155254.04,3698.17
TR007135,2025-04-04,GAS,T06,Long,1784,33.27,59344.98,1182.89
TR007136,2025-04-04,PWR,T06,Short,651,92.68,60335.75,1228.89
TR007137,2025-04-04,GAS,T03,Short,742,34.28,25437.97,-518.15
TR007138,2025-04-04,PWR,T08,Short,1294,90.66,117317.63,-333.91
TR007139,2025-04-04,CO2,T05,Short,266,68.59,18246.21,-199.52
TR007140,2025-04-04,CO2,T06,Short,698,63.96,44645.19,671.13
TR007141,2025-04-04,CO2,T03,Short,1235,71.42,88198.48,-2036.61
TR007142,2025-04-04,CO2,T05,Short,1444,69.37,100169.23,2294.8
TR007143,2025-04-04,GAS,T08,Short,96,33.78,3243.03,-25.58
TR007144,2025-04-04,GAS,T02,Short,1431,36.4,52087.97,-575.99
TR007145,2025-04-04,CO2,T08,Long,776,71.69,55629.87,-171.49
TR007146,2025-04-04,PWR,T02,Long,1253,93.34,116951.88,-1056.36
TR007147,2025-04-04,CO2,T03,Long,404,68.12,27518.96,-139.63
TR007148,2025-04-04,PWR,T02,Short,1803,97.6,175965.67,5339.21
TR007149,2025-04-04,COAL,T04,Long,223,115.44,25743.37,-262.29
TR007150,2025-04-04,CO2,T06,Long,1523,61.79,94098.88,-626.36
TR007151,2025-04-04,GAS,T05,Long,870,40.99,35661.04,-211.29
TR007152,2025-04-04,GAS,T06,Long,1284,35.44,45506.22,-647.48
TR007153,2025-04-04,PWR,T04,Long,1258,90.93,114393.8,-979.56
TR007154,2025-04-04,GAS,T03,Long,661,35.67,23578.71,545.1
TR007155,2025-04-04,CO2,T01,Short,980,68.45,67082.71,547.71
TR007156,2025-04-07,GAS,T06,Short,1519,39.28,59661.49,1296.81
TR007157,2025-04-07,GAS,T06,Long,982,36.58,35925.54,190.5
TR007158,2025-04-07,COAL,T08,Long,1308,115.88,151568.1,-1122.84
TR007159,2025-04-07,PWR,T07,Long,1338,90.76,121441.61,-1098.41
TR007160,2025-04-07,GAS,T07,Short,841,36.02,30294.14,-924.36
TR007161,2025-04-07,PWR,T06,Long,408,91.28,37243.85,-219.94
TR007162,2025-04-07,GAS,T02,Long,1971,35.45,69878.91,2120.15
TR007163,2025-04-07,COAL,T02,Short,1529,112.79,172461.36,664.7
TR007164,2025-04-07,COAL,T05,Short,378,116.86,44171.55,508.92
TR007165,2025-04-07,GAS,T05,Short,1135,37.87,42986.86,-6.81
TR007166,2025-04-07,PWR,T06,Short,760,90.34,68656.37,783.34
TR007167,2025-04-07,CO2,T05,Long,857,71.22,61037.61,-1085.32
TR007168,2025-04-07,CO2,T07,Short,1485,71.09,105562.31,1042.43
TR007169,2025-04-07,PWR,T02,Short,1113,91.49,101832.5,2423.39
TR007170,2025-04-07,GAS,T04,Short,1348,39.41,53118.17,-52.24
TR007171,2025-04-07,GAS,T01,Short,94,36.43,3424.55,-15.3
TR007172,2025-04-07,COAL,T06,Long,1468,118.07,173323.96,-609.81
TR007173,2025-04-07,COAL,T03,Short,911,110.61,100766.82,-1621.43
TR007174,2025-04-07,GAS,T08,Long,1051,38.75,40729.06,-35.02
TR007175,2025-04-07,COAL,T07,Short,1958,121.16,237222.84,-7364.44
TR007176,2025-04-08,CO2,T08,Long,1171,69.9,81851.74,817.66
TR007177,2025-04-08,CO2,T07,Short,167,65.25,10896.01,6.61
TR007178,2025-04-08,CO2,T03,Short,1292,69.84,90232.53,-2494.32
TR007179,2025-04-08,COAL,T08,Short,1165,112.37,130905.29,2170.28
TR007180,2025-04-08,GAS,T01,Long,854,33.97,29012.95,0.86
TR007181,2025-04-08,GAS,T06,Long,1593,36.22,57705.49,-1078.47
TR007182,2025-04-08,COAL,T04,Short,688,115.71,79606.27,-1277.59
TR007183,2025-04-08,GAS,T05,Long,1190,36.71,43687.44,-559.6
TR007184,2025-04-08,COAL,T01,Long,833,115.67,96352.66,-3019.21
TR007185,2025-04-08,GAS,T03,Long,1746,37.47,65420.34,150.31
TR007186,2025-04-08,PWR,T07,Long,1943,96.46,187418.03,1076.83
TR007187,2025-04-08,GAS,T04,Long,1843,35.96,66270.23,15.05
TR007188,2025-04-08,PWR,T07,Long,1460,87.79,128176.1,828.49
TR007189,2025-04-08,GAS,T06,Long,477,33.76,16103.52,-156.4
TR007190,2025-04-08,PWR,T07,Short,231,77.31,17859.45,543.25
TR007191,2025-04-08,CO2,T03,Short,1614,70.49,113774.76,2470.03
TR007192,2025-04-08,GAS,T01,Long,170,35.75,6077.91,-3.32
TR007193,2025-04-08,COAL,T06,Long,1743,114.84,200158.36,-4032.54
TR007194,2025-04-08,GAS,T03,Long,592,39.46,23362.4,138.38
TR007195,2025-04-08,COAL,T03,Long,1125,113.57,127766.34,1470.37
TR007196,2025-04-08,COAL,T06,Short,649,116.23,75431.56,398.76
TR007197,2025-04-09,PWR,T01,Short,1762,96.59,170184.64,-1514.2
TR007198,2025-04-09,PWR,T01,Short,837,87.83,73512.54,1335.45
TR007199,2025-04-09,PWR,T08,Long,1654,92.23,152554.26,-3353.36
TR007200,2025-04-09,CO2,T07,Short,786,76.8,60362.82,559.26
TR007201,2025-04-09,CO2,T02,Short,1404,63.32,88898.26,1896.78
TR007202,2025-04-09,PWR,T01,Long,1792,96.93,173702.53,-306.43
TR007203,2025-04-09,CO2,T07,Short,663,71.1,47139.33,779.7
TR007204,2025-04-09,GAS,T07,Short,1199,34.62,41505.86,-7.88
TR007205,2025-04-09,PWR,T07,Short,1751,86.63,151686.28,-1456.13
TR007206,2025-04-09,GAS,T07,Long,967,34.74,33598.1,652.36
TR007207,2025-04-09,COAL,T02,Short,1052,110.82,116587.1,-2524.33
TR007208,2025-04-09,COAL,T02,Long,181,107.6,19476.45,-31.21
TR007209,2025-04-09,COAL,T05,Long,1369,114.44,156669.17,-173.4
TR007210,2025-04-09,COAL,T03,Long,1674,114.74,192078.82,-396.5
TR007211,2025-04-09,GAS,T07,Long,1713,34.74,59515.57,-1673.86
TR007212,2025-04-09,COAL,T07,Short,801,113.4,90832.86,2144.22
TR007213,2025-04-09,CO2,T08,Short,957,65.92,63082.42,1226.8
TR007214,2025-04-09,CO2,T06,Short,160,73.49,11758.44,177.56
TR007215,2025-04-09,COAL,T06,Short,1132,115.02,130206.58,-714.15
TR007216,2025-04-09,GAS,T04,Long,1448,35.37,51211.17,299.34
TR007217,2025-04-09,CO2,T04,Long,867,71.09,61638.89,-525.45
TR007218,2025-04-09,PWR,T02,Long,800,86.11,68889.17,489.39
TR007219,2025-04-09,GAS,T06,Long,1337,36.35,48604.98,-636.27
TR007220,2025-04-09,PWR,T03,Short,341,93.37,31837.74,-185.53
TR007221,2025-04-09,GAS,T02,Long,1177,35.86,42204.97,-765.91
TR007222,2025-04-09,COAL,T08,Short,538,116.23,62529.94,-335.2
TR007223,2025-04-09,COAL,T07,Short,1218,117.53,143147.88,-2057.67
TR007224,2025-04-09,GAS,T04,Long,1034,36.75,37994.49,-62.67
TR007225,2025-04-10,COAL,T01,Long,1418,114.81,162802.4,1058.35
TR007226,2025-04-10,GAS,T08,Short,1217,36.09,43919.81,1540.8
TR007227,2025-04-10,CO2,T05,Long,847,70.97,60109.37,394.65
TR007228,2025-04-10,CO2,T01,Short,1544,68.69,106062.65,561.74
TR007229,2025-04-10,PWR,T07,Long,1211,92.19,111643.94,622.39
TR007230,2025-04-10,COAL,T01,Long,1714,114.62,196456.87,-193.12
TR007231,2025-04-10,GAS,T08,Long,1970,35.32,69583.74,-928.91
TR007232,2025-04-10,PWR,T03,Long,1124,96.64,108627.94,410.81
TR007233,2025-04-10,PWR,T03,Short,888,87.33,77551.04,-372.94
TR007234,2025-04-10,COAL,T05,Long,1260,121.48,153064.95,5193.06
TR007235,2025-04-10,COAL,T02,Long,1718,111.64,191802.51,-1983.8
TR007236,2025-04-10,CO2,T04,Long,1889,68.28,128981.63,-1776.67
TR007237,2025-04-10,PWR,T06,Long,1308,88.21,115375.95,1175.6
TR007238,2025-04-10,CO2,T06,Long,1806,73.84,133362.53,-1443.04
TR007239,2025-04-10,CO2,T02,Short,1801,70.77,127450.45,1200.68
TR007240,2025-04-10,PWR,T03,Long,1526,98.14,149769.22,-328.78
TR007241,2025-04-10,GAS,T07,Short,1378,39.36,54241.45,-194.99
TR007242,2025-04-10,PWR,T06,Long,677,78.48,53132.63,404.76
TR007243,2025-04-10,PWR,T03,Short,459,83.22,38199.24,-924.13
TR007244,2025-04-10,CO2,T01,Long,157,71.54,11231.74,-187.09
TR007245,2025-04-11,COAL,T07,Long,981,111.21,109098.76,2163.23
TR007246,2025-04-11,GAS,T07,Long,399,38.02,15171.03,94.71
TR007247,2025-04-11,CO2,T02,Short,832,60.04,49949.7,18.57
TR007248,2025-04-11,CO2,T07,Long,1877,65.86,123617.2,1850.99
TR007249,2025-04-11,CO2,T08,Short,611,62.35,38097.32,-121.2
TR007250,2025-04-11,COAL,T03,Long,1092,113.74,124208.23,-3030.93
TR007251,2025-04-11,CO2,T03,Short,1406,68.09,95737.65,-1169.06
TR007252,2025-04-11,COAL,T08,Short,798,119.17,95097.24,1542.61
TR007253,2025-04-11,PWR,T04,Long,1298,85.5,110979.65,2376.37
TR007254,2025-04-11,COAL,T08,Short,1197,119.01,142454.2,-4773.13
TR007255,2025-04-11,GAS,T06,Long,310,39.1,12120.73,-346.94
TR007256,2025-04-11,CO2,T05,Short,550,75.58,41568.9,-91.48
TR007257,2025-04-11,GAS,T07,Long,1876,37.31,69993.33,-367.18
TR007258,2025-04-11,PWR,T03,Long,1476,103.13,152225.02,-631.72
TR007259,2025-04-11,CO2,T05,Short,1395,68.49,95548.38,-379.61
TR007260,2025-04-11,GAS,T03,Long,573,35.47,20322.09,-178.38
TR007261,2025-04-11,COAL,T04,Long,1925,106.04,204124.39,2795.69
TR007262,2025-04-11,COAL,T02,Short,1344,110.99,149166.6,410.21
TR007263,2025-04-11,COAL,T06,Long,1789,106.92,191274.86,2262.15
TR007264,2025-04-11,COAL,T07,Short,316,116.89,36938.3,-437.8
TR007265,2025-04-11,CO2,T06,Long,746,70.52,52609.81,831.82
TR007266,2025-04-11,PWR,T06,Short,1432,96.57,138292.95,1769.94
TR007267,2025-04-11,CO2,T06,Long,409,70.17,28700.45,-332.74
TR007268,2025-04-11,GAS,T01,Long,878,35.39,31069.23,321.83
TR007269,2025-04-11,GAS,T02,Long,1376,35.24,48495.33,-444.09
TR007270,2025-04-11,COAL,T01,Long,686,113.49,77857.47,-868.94
TR007271,2025-04-11,PWR,T02,Long,1788,100.66,179981.86,-2385.38
TR007272,2025-04-11,CO2,T08,Short,1054,66.09,69658.74,96.08
TR007273,2025-04-11,COAL,T07,Short,1039,110.83,115149.0,-2030.61
TR007274,2025-04-14,GAS,T04,Short,354,35.31,12500.76,125.48
TR007275,2025-04-14,CO2,T08,Long,1539,65.61,100979.16,930.44
TR007276,2025-04-14,CO2,T08,Long,773,67.33,52047.07,746.28
TR007277,2025-04-14,CO2,T07,Long,1242,67.96,84408.24,-964.28
TR007278,2025-04-14,GAS,T04,Short,480,37.47,17986.97,479.63
TR007279,2025-04-14,CO2,T05,Short,1678,66.83,112132.77,1189.86
TR007280,2025-04-14,GAS,T08,Long,1324,36.28,48032.26,-296.78
TR007281,2025-04-14,COAL,T08,Long,1187,115.01,136520.43,2801.55
TR007282,2025-04-14,PWR,T06,Short,295,87.53,25822.49,12.31
TR007283,2025-04-14,PWR,T08,Long,1484,87.19,129393.3,-230.34
TR007284,2025-04-14,PWR,T06,Long,1987,97.39,193516.48,-3380.23
TR007285,2025-04-14,CO2,T08,Long,1574,67.56,106346.67,-1014.19
TR007286,2025-04-14,PWR,T06,Short,1578,85.7,135237.33,-759.88
TR007287,2025-04-14,GAS,T03,Long,242,38.5,9316.43,-6.73
TR007288,2025-04-14,PWR,T03,Long,621,87.56,54375.64,-1891.78
TR007289,2025-04-14,CO2,T01,Long,1877,67.22,126174.94,-176.11
TR007290,2025-04-14,GAS,T01,Long,203,36.82,7474.81,-83.75
TR007291,2025-04-14,CO2,T08,Long,1725,70.72,121999.79,1237.78
TR007292,2025-04-14,PWR,T07,Short,1665,87.32,145383.76,3410.83
TR007293,2025-04-14,CO2,T08,Long,257,66.24,17022.44,-316.15
TR007294,2025-04-14,CO2,T03,Short,754,71.84,54164.88,227.13
TR007295,2025-04-14,GAS,T02,Long,1448,34.7,50246.24,1274.18
TR007296,2025-04-14,COAL,T01,Short,1284,115.49,148285.2,-1891.74
TR007297,2025-04-14,COAL,T06,Short,1301,120.86,157236.24,-1637.32
TR007298,2025-04-14,COAL,T08,Long,1576,112.43,177197.02,-2713.5
TR007299,2025-04-14,GAS,T03,Short,206,37.19,7661.65,145.47
TR007300,2025-04-14,COAL,T06,Short,892,120.69,107655.85,-688.16
TR007301,2025-04-14,COAL,T08,Short,1160,115.88,134421.95,545.02
TR007302,2025-04-15,GAS,T02,Short,1077,34.65,37312.83,848.26
TR007303,2025-04-15,CO2,T03,Short,250,74.64,18659.4,-55.29
TR007304,2025-04-15,GAS,T08,Long,466,35.18,16396.19,-301.04
TR007305,2025-04-15,COAL,T01,Long,142,115.01,16330.72,78.78
TR007306,2025-04-15,COAL,T08,Short,720,112.05,80673.74,93.6
TR007307,2025-04-15,CO2,T07,Long,105,69.22,7268.37,-171.98
TR007308,2025-04-15,CO2,T03,Long,108,67.03,7239.28,-85.91
TR007309,2025-04-15,PWR,T08,Short,929,88.29,82023.93,-697.02
TR007310,2025-04-15,CO2,T03,Long,393,73.82,29009.36,495.43
TR007311,2025-04-15,COAL,T01,Short,1832,113.65,208207.45,-4334.09
TR007312,2025-04-15,CO2,T07,Long,876,66.31,58089.75,287.53
TR007313,2025-04-15,COAL,T03,Long,273,108.05,29497.37,-234.08
TR007314,2025-04-15,CO2,T03,Long,1218,67.24,81902.72,-112.87
TR007315,2025-04-15,CO2,T02,Long,402,67.3,27054.71,-185.17
TR007316,2025-04-15,GAS,T04,Long,1101,35.79,39407.83,61.85
TR007317,2025-04-15,GAS,T01,Long,62,36.13,2239.81,-62.14
TR007318,2025-04-15,PWR,T07,Short,888,93.68,83187.09,-521.32
TR007319,2025-04-15,PWR,T03,Short,1425,90.48,128936.85,966.33
TR007320,2025-04-15,COAL,T07,Short,1370,111.34,152534.04,-2049.65
TR007321,2025-04-15,CO2,T02,Short,792,66.12,52366.6,563.09
TR007322,2025-04-15,CO2,T08,Short,1481,66.09,97885.16,-107.88
TR007323,2025-04-15,CO2,T05,Long,568,71.8,40783.46,-1020.57
TR007324,2025-04-15,GAS,T01,Short,1168,37.31,43578.77,-692.06
TR007325,2025-04-15,GAS,T04,Short,419,33.52,14044.24,64.28
TR007326,2025-04-16,PWR,T01,Long,290,99.06,28726.41,-624.89
TR007327,2025-04-16,PWR,T08,Short,1303,93.22,121465.5,-3614.55
TR007328,2025-04-16,CO2,T04,Long,1683,78.87,132743.21,1291.15
TR007329,2025-04-16,GAS,T06,Long,1060,37.27,39504.35,-490.75
TR007330,2025-04-16,GAS,T05,Short,1221,37.95,46338.43,70.82
TR007331,2025-04-16,CO2,T03,Short,128,73.61,9422.71,-90.93
TR007332,2025-04-16,CO2,T03,Short,1936,60.38,116896.64,-1177.17
TR007333,2025-04-16,CO2,T06,Long,1256,75.61,94971.97,448.49
TR007334,2025-04-16,GAS,T05,Long,775,37.63,29159.48,-401.79
TR007335,2025-04-16,GAS,T05,Short,532,36.29,19305.17,341.74
TR007336,2025-04-16,GAS,T08,Long,1422,37.68,53578.95,1328.38
TR007337,2025-04-16,PWR,T07,Short,64,94.2,6028.54,-193.1
TR007338,2025-04-16,PWR,T01,Long,1510,85.16,128596.97,-4075.42
TR007339,2025-04-16,COAL,T05,Long,593,116.35,68997.33,-12.11
TR007340,2025-04-16,GAS,T03,Long,1896,37.31,70741.67,434.49
TR007341,2025-04-16,CO2,T01,Long,1493,65.38,97606.21,-1322.57
TR007342,2025-04-16,PWR,T03,Long,379,84.2,31911.54,-302.7
TR007343,2025-04-16,CO2,T08,Long,564,73.14,41253.62,-163.98
TR007344,2025-04-16,COAL,T02,Short,764,119.86,91570.47,-1281.32
TR007345,2025-04-16,GAS,T01,Short,92,33.47,3079.32,-31.21
TR007346,2025-04-16,CO2,T02,Long,319,68.05,21709.01,-37.41
TR007347,2025-04-16,COAL,T04,Long,408,123.8,50511.32,-384.85
TR007348,2025-04-16,CO2,T05,Long,589,65.38,38510.49,-452.9
TR007349,2025-04-16,GAS,T05,Long,396,35.51,14061.76,19.54
TR007350,2025-04-16,GAS,T08,Long,558,37.13,20718.09,333.3
TR007351,2025-04-16,CO2,T08,Long,944,69.93,66011.41,-129.01
TR007352,2025-04-16,COAL,T05,Short,192,124.17,23840.53,-725.53
TR007353,2025-04-17,PWR,T02,Short,946,91.04,86119.33,-1228.59
TR007354,2025-04-17,PWR,T03,Short,1301,88.38,114977.07,6.48
TR007355,2025-04-17,CO2,T04,Short,424,70.58,29924.67,-830.04
TR007356,2025-04-17,CO2,T04,Short,1508,65.8,99221.01,-2496.76
TR007357,2025-04-17,PWR,T01,Long,1380,85.95,118608.79,-1463.05
TR007358,2025-04-17,GAS,T02,Short,1483,36.74,54484.82,141.71
TR007359,2025-04-17,CO2,T04,Short,592,68.91,40794.42,-47.44
TR007360,2025-04-17,PWR,T07,Short,1467,91.54,134282.89,-4322.72
TR007361,2025-04-17,GAS,T08,Long,653,35.17,22967.12,-89.99
TR007362,2025-04-17,CO2,T06,Short,694,66.82,46373.67,-1588.64
TR007363,2025-04-17,PWR,T05,Short,764,92.18,70427.98,409.25
TR007364,2025-04-17,PWR,T03,Short,1850,93.1,172225.82,-1545.82
TR007365,2025-04-17,CO2,T06,Long,1842,68.47,126117.06,781.49
TR007366,2025-04-17,PWR,T05,Long,585,93.23,54538.06,102.1
TR007367,2025-04-17,CO2,T01,Long,1170,72.91,85301.06,-1020.35
TR007368,2025-04-17,GAS,T06,Short,476,36.21,17234.52,-296.29
TR007369,2025-04-17,GAS,T03,Long,932,37.16,34635.29,-296.28
TR007370,2025-04-17,GAS,T08,Short,440,35.89,15793.61,-267.14
TR007371,2025-04-17,CO2,T01,Short,1242,75.2,93393.59,-872.02
TR007372,2025-04-18,CO2,T06,Short,681,69.31,47196.79,-323.28
TR007373,2025-04-18,COAL,T02,Long,609,107.67,65573.26,-832.01
TR007374,2025-04-18,COAL,T05,Short,255,105.94,27013.92,223.64
TR007375,2025-04-18,GAS,T04,Short,1432,34.85,49910.65,-1160.79
TR007376,2025-04-18,CO2,T02,Long,769,65.05,50025.41,-394.62
TR007377,2025-04-18,COAL,T01,Long,1956,118.02,230842.47,2310.52
TR007378,2025-04-18,COAL,T03,Short,1122,117.97,132363.61,803.68
TR007379,2025-04-18,CO2,T07,Long,1490,64.18,95634.03,-1034.8
TR007380,2025-04-18,COAL,T02,Long,1462,109.83,160578.15,-4779.14
TR007381,2025-04-18,GAS,T03,Short,1857,36.33,67463.31,-70.83
TR007382,2025-04-18,GAS,T06,Short,1787,32.71,58456.64,938.8
TR007383,2025-04-18,GAS,T01,Short,1642,36.36,59710.53,553.37
TR007384,2025-04-18,PWR,T06,Long,1076,82.95,89249.41,-579.09
TR007385,2025-04-18,GAS,T03,Short,1921,37.3,71646.74,147.69
TR007386,2025-04-18,CO2,T03,Long,369,64.41,23766.66,315.43
TR007387,2025-04-18,COAL,T07,Short,1573,106.67,167797.37,1006.48
TR007388,2025-04-21,GAS,T04,Long,724,36.79,26635.68,42.06
TR007389,2025-04-21,GAS,T08,Long,564,37.1,20923.02,271.85
TR007390,2025-04-21,COAL,T05,Long,315,109.48,34485.19,844.26
TR007391,2025-04-21,PWR,T07,Long,831,96.78,80420.5,2907.46
TR007392,2025-04-21,PWR,T02,Long,1678,88.93,149218.85,1463.01
TR007393,2025-04-21,GAS,T01,Long,273,36.32,9916.22,-9.98
TR007394,2025-04-21,CO2,T04,Long,813,66.66,54197.57,-595.35
TR007395,2025-04-21,PWR,T04,Long,336,83.92,28198.32,-174.1
TR007396,2025-04-21,GAS,T05,Short,1929,35.22,67946.15,784.03
TR007397,2025-04-21,PWR,T08,Short,270,87.89,23729.0,93.06
TR007398,2025-04-21,COAL,T01,Short,275,113.63,31246.89,-721.54
TR007399,2025-04-21,CO2,T06,Short,1207,69.37,83732.45,-56.86
TR007400,2025-04-21,GAS,T05,Long,1833,38.5,70578.38,2005.46
TR007401,2025-04-21,PWR,T05,Long,1588,97.39,154657.56,258.64
TR007402,2025-04-21,COAL,T08,Long,484,119.05,57621.62,1763.15
TR007403,2025-04-21,GAS,T08,Short,550,37.76,20770.37,-105.1
TR007404,2025-04-21,CO2,T02,Long,640,71.27,45613.3,-1258.41
TR007405,2025-04-21,GAS,T07,Long,759,35.41,26878.35,-24.94
TR007406,2025-04-21,PWR,T03,Short,429,94.71,40632.23,342.64
TR007407,2025-04-21,PWR,T08,Short,1317,87.08,114679.46,-3588.41
TR007408,2025-04-21,GAS,T05,Short,858,37.44,32119.51,-516.59
TR007409,2025-04-21,PWR,T03,Long,425,101.03,42939.85,-553.91
TR007410,2025-04-21,CO2,T02,Long,285,71.88,20485.79,123.66
TR007411,2025-04-22,PWR,T02,Long,1137,89.92,102241.95,188.45
TR007412,2025-04-22,GAS,T07,Long,1806,36.04,65093.24,1248.42
TR007413,2025-04-22,COAL,T01,Long,1473,119.75,176386.48,-101.56
TR007414,2025-04-22,GAS,T05,Long,821,35.99,29547.67,222.37
TR007415,2025-04-22,COAL,T05,Short,1354,115.65,156596.77,2365.52
TR007416,2025-04-22,GAS,T08,Long,1785,38.18,68159.44,759.48
TR007417,2025-04-22,COAL,T08,Long,1277,119.4,152469.49,-529.75
TR007418,2025-04-22,PWR,T05,Long,1998,88.57,176969.24,1085.44
TR007419,2025-04-22,GAS,T08,Long,1289,37.48,48306.96,984.34
TR007420,2025-04-22,COAL,T02,Short,1613,118.55,191214.2,-1086.07
TR007421,2025-04-22,PWR,T02,Short,761,93.17,70902.67,-814.98
TR007422,2025-04-22,COAL,T01,Long,500,112.11,56055.32,-5.8
TR007423,2025-04-22,GAS,T08,Long,1738,36.36,63198.67,1602.66
TR007424,2025-04-22,COAL,T06,Long,613,122.52,75105.57,27.14
TR007425,2025-04-22,CO2,T03,Long,1004,66.55,66812.44,-1191.71
TR007426,2025-04-22,CO2,T02,Short,1601,66.42,106337.04,-2233.21
TR007427,2025-04-22,CO2,T06,Short,726,69.18,50224.5,-724.77
TR007428,2025-04-22,GAS,T03,Short,1748,38.63,67521.41,1128.26
TR007429,2025-04-22,GAS,T06,Long,1642,35.7,58614.49,-967.34
TR007430,2025-04-22,CO2,T01,Short,287,71.56,20538.25,213.73
TR007431,2025-04-22,PWR,T02,Long,231,100.31,23170.47,-193.63
TR007432,2025-04-22,CO2,T01,Short,469,73.32,34388.61,-1128.67
TR007433,2025-04-22,PWR,T07,Short,681,96.03,65396.05,1689.17
TR007434,2025-04-22,COAL,T08,Short,401,113.81,45636.27,549.09
TR007435,2025-04-22,COAL,T08,Short,1965,117.54,230967.72,-2963.26
TR007436,2025-04-22,PWR,T07,Short,1303,85.12,110910.26,3009.69
TR007437,2025-04-23,COAL,T07,Short,254,115.98,29458.09,-257.29
TR007438,2025-04-23,PWR,T08,Long,784,84.83,66506.51,-394.05
TR007439,2025-04-23,GAS,T07,Short,1832,35.75,65500.15,-508.63
TR007440,2025-04-23,PWR,T01,Short,1317,94.91,125000.57,-1054.96
TR007441,2025-04-23,COAL,T03,Short,1146,111.96,128308.26,-1279.12
TR007442,2025-04-23,PWR,T06,Long,569,86.29,49099.43,-773.18
TR007443,2025-04-23,CO2,T07,Long,1801,72.57,130704.42,1482.78
TR007444,2025-04-23,PWR,T07,Short,1627,89.39,145444.14,1998.63
TR007445,2025-04-23,COAL,T07,Long,1909,113.22,216139.22,-111.01
TR007446,2025-04-23,GAS,T01,Short,311,34.82,10829.95,162.71
TR007447,2025-04-23,PWR,T08,Long,1977,82.11,162323.73,2006.0
TR007448,2025-04-23,CO2,T03,Long,1983,74.44,147611.62,-1474.29
TR007449,2025-04-23,PWR,T08,Long,699,96.94,67760.56,118.34
TR007450,2025-04-23,PWR,T05,Short,474,91.42,43334.95,898.24
TR007451,2025-04-23,GAS,T05,Long,1061,39.85,42285.75,-337.55
TR007452,2025-04-23,COAL,T04,Short,822,110.35,90710.83,12.17
TR007453,2025-04-23,GAS,T07,Short,200,35.61,7121.4,-123.56
TR007454,2025-04-23,PWR,T01,Long,589,88.82,52317.36,-301.91
TR007455,2025-04-23,GAS,T02,Long,63,37.98,2392.48,-8.0
TR007456,2025-04-23,COAL,T08,Long,1623,125.12,203062.89,3063.8
TR007457,2025-04-23,COAL,T07,Short,982,115.4,113324.16,-13.5
TR007458,2025-04-23,COAL,T06,Short,304,107.34,32632.49,237.15
TR007459,2025-04-23,COAL,T05,Short,362,120.98,43796.37,-1091.61
TR007460,2025-04-23,GAS,T08,Short,1417,37.15,52643.92,-973.11
TR007461,2025-04-24,PWR,T01,Short,634,99.78,63261.82,-635.92
TR007462,2025-04-24,COAL,T05,Long,1174,112.22,131750.98,-1233.36
TR007463,2025-04-24,GAS,T06,Long,292,37.17,10854.8,0.28
TR007464,2025-04-24,CO2,T03,Short,1081,67.47,72932.23,-1024.5
TR007465,2025-04-24,GAS,T08,Long,1107,36.28,40161.68,-515.8
TR007466,2025-04-24,GAS,T05,Short,1137,34.16,38841.01,304.88
TR007467,2025-04-24,CO2,T01,Long,1656,78.69,130306.68,3323.4
TR007468,2025-04-24,COAL,T04,Long,628,118.6,74481.77,-1161.44
TR007469,2025-04-24,COAL,T01,Short,190,111.83,21247.4,-83.85
TR007470,2025-04-24,PWR,T08,Long,1001,94.51,94608.81,1185.42
TR007471,2025-04-24,CO2,T08,Long,722,73.0,52708.42,-299.79
TR007472,2025-04-24,COAL,T01,Long,1605,118.87,190790.93,1580.81
TR007473,2025-04-24,CO2,T03,Short,1244,70.33,87487.46,-1752.46
TR007474,2025-04-24,PWR,T02,Long,1948,81.35,158466.65,-570.04
TR007475,2025-04-24,COAL,T03,Short,296,118.01,34932.06,-701.29
TR007476,2025-04-24,COAL,T08,Short,1474,110.7,163176.35,184.63
TR007477,2025-04-25,CO2,T07,Long,1033,74.76,77225.99,1037.17
TR007478,2025-04-25,GAS,T05,Short,1154,35.62,41109.3,-957.25
TR007479,2025-04-25,PWR,T05,Long,1803,74.29,133941.79,-29.61
TR007480,2025-04-25,PWR,T02,Short,581,88.78,51581.12,71.61
TR007481,2025-04-25,PWR,T04,Short,1474,83.13,122539.65,933.58
TR007482,2025-04-25,PWR,T05,Short,1709,88.15,150655.23,-277.54
TR007483,2025-04-25,CO2,T08,Long,1143,74.49,85146.59,1636.49
TR007484,2025-04-25,GAS,T03,Long,858,35.87,30775.99,-72.63
TR007485,2025-04-25,GAS,T08,Long,1239,33.86,41951.93,465.58
TR007486,2025-04-25,PWR,T02,Long,540,79.77,43075.9,1015.23
TR007487,2025-04-25,GAS,T06,Long,501,36.67,18372.02,-307.62
TR007488,2025-04-25,COAL,T05,Long,288,118.39,34096.58,170.75
TR007489,2025-04-25,CO2,T02,Short,631,74.11,46762.39,847.97
TR007490,2025-04-25,COAL,T03,Long,1613,115.75,186703.24,5491.69
TR007491,2025-04-25,CO2,T07,Short,1892,67.16,127063.58,447.13
TR007492,2025-04-25,COAL,T06,Short,273,115.22,31454.82,342.27
TR007493,2025-04-25,COAL,T06,Short,1541,110.01,169524.12,1923.34
TR007494,2025-04-25,PWR,T04,Long,1050,96.48,101308.71,166.54
TR007495,2025-04-25,PWR,T04,Long,1532,79.48,121760.47,-1153.7
TR007496,2025-04-25,CO2,T04,Long,196,68.79,13482.82,-281.68
TR007497,2025-04-25,PWR,T01,Short,858,94.08,80716.37,56.44
TR007498,2025-04-25,PWR,T07,Long,989,85.12,84186.07,1202.09
TR007499,2025-04-28,PWR,T02,Short,291,88.98,25893.96,-363.68
TR007500,2025-04-28,CO2,T05,Long,512,62.79,32148.0,-151.15
TR007501,2025-04-28,COAL,T02,Short,754,116.57,87896.73,-2404.48
TR007502,2025-04-28,COAL,T07,Long,1856,113.95,211484.37,-4660.61
TR007503,2025-04-28,PWR,T08,Short,347,88.37,30665.24,698.76
TR007504,2025-04-28,COAL,T06,Short,1148,109.01,125146.18,2106.81
TR007505,2025-04-28,CO2,T03,Long,577,78.52,45308.59,437.77
TR007506,2025-04-28,CO2,T02,Short,1102,66.91,73733.01,-1094.89
TR007507,2025-04-28,GAS,T04,Long,197,34.69,6834.79,25.24
TR007508,2025-04-28,CO2,T03,Long,1170,69.07,80812.93,495.63
TR007509,2025-04-28,CO2,T04,Short,375,73.2,27448.7,686.07
TR007510,2025-04-28,COAL,T08,Long,1165,117.36,136720.75,-4313.47
TR007511,2025-04-28,COAL,T01,Short,71,116.13,8245.0,46.05
TR007512,2025-04-28,GAS,T02,Long,1655,38.87,64330.5,-172.49
TR007513,2025-04-28,GAS,T03,Short,292,35.95,10498.67,86.3
TR007514,2025-04-28,GAS,T03,Short,784,35.14,27546.5,-513.41
TR007515,2025-04-29,CO2,T01,Short,1446,67.02,96913.23,-2244.44
TR007516,2025-04-29,CO2,T07,Long,230,69.04,15880.03,261.73
TR007517,2025-04-29,CO2,T05,Long,523,69.02,36095.54,311.82
TR007518,2025-04-29,COAL,T02,Long,654,114.46,74854.5,59.41
TR007519,2025-04-29,PWR,T07,Short,1735,84.42,146471.94,-195.06
TR007520,2025-04-29,CO2,T04,Short,1568,64.9,101769.81,-375.35
TR007521,2025-04-29,GAS,T02,Long,1520,37.03,56286.1,-208.31
TR007522,2025-04-29,CO2,T08,Long,429,74.54,31977.35,-879.69
TR007523,2025-04-29,GAS,T08,Short,1857,37.96,70492.05,-2782.9
TR007524,2025-04-29,COAL,T04,Long,1782,119.05,212148.59,-4912.45
TR007525,2025-04-29,GAS,T01,Short,1441,39.02,56224.64,2.51
TR007526,2025-04-29,COAL,T05,Long,987,112.85,111386.71,-5474.85
TR007527,2025-04-29,GAS,T05,Long,1753,37.22,65252.91,-802.74
TR007528,2025-04-29,PWR,T05,Long,493,78.06,38482.24,142.51
TR007529,2025-04-29,CO2,T04,Long,152,66.1,10047.13,-48.87
TR007530,2025-04-29,CO2,T03,Short,1955,70.13,137103.87,1352.79
TR007531,2025-04-29,COAL,T02,Long,1479,113.9,168460.59,-1462.24
TR007532,2025-04-29,COAL,T07,Short,1869,118.72,221895.0,2486.19
TR007533,2025-04-29,GAS,T08,Short,1157,39.25,45412.72,1607.32
TR007534,2025-04-29,COAL,T06,Long,852,108.19,92180.94,854.28
TR007535,2025-04-29,GAS,T01,Long,1709,34.35,58702.82,1144.4
TR007536,2025-04-29,GAS,T01,Long,424,36.43,15445.35,352.38
TR007537,2025-04-29,COAL,T08,Short,325,115.61,37573.6,277.49
TR007538,2025-04-29,GAS,T08,Short,921,37.64,34663.37,-217.9
TR007539,2025-04-29,COAL,T08,Short,922,117.79,108600.14,-545.37
TR007540,2025-04-29,GAS,T08,Short,433,37.94,16425.87,-311.25
TR007541,2025-04-29,GAS,T02,Long,886,37.07,32841.14,-190.91
TR007542,2025-04-29,PWR,T08,Long,1534,92.16,141365.99,440.08
TR007543,2025-04-29,PWR,T08,Long,888,91.77,81495.75,1917.18
TR007544,2025-04-30,CO2,T05,Short,1102,63.07,69498.43,-455.24
TR007545,2025-04-30,CO2,T08,Long,188,73.86,13885.3,170.67
TR007546,2025-04-30,CO2,T04,Short,1334,65.46,87326.29,2426.28
TR007547,2025-04-30,COAL,T08,Long,905,113.93,103108.03,-1344.94
TR007548,2025-04-30,COAL,T04,Long,51,115.65,5898.03,125.87
TR007549,2025-04-30,COAL,T03,Long,1821,114.98,209380.43,4012.53
TR007550,2025-04-30,COAL,T04,Long,428,112.18,48013.75,-1166.79
TR007551,2025-04-30,CO2,T01,Long,170,77.85,13234.49,83.32
TR007552,2025-04-30,PWR,T08,Short,1490,83.26,124059.73,-976.73
TR007553,2025-04-30,COAL,T08,Short,912,122.03,111291.59,3564.32
TR007554,2025-04-30,PWR,T03,Short,792,90.69,71827.79,-421.79
TR007555,2025-04-30,COAL,T02,Short,1731,108.23,187346.72,293.38
TR007556,2025-04-30,COAL,T05,Long,1719,111.93,192405.96,1707.75
TR007557,2025-04-30,COAL,T03,Long,64,115.56,7396.16,-132.19
TR007558,2025-04-30,PWR,T04,Long,1564,78.46,122718.36,1637.97
TR007559,2025-05-01,PWR,T03,Short,1359,83.0,112792.41,-242.28
TR007560,2025-05-01,PWR,T06,Short,1601,92.98,148860.29,-2585.48
TR007561,2025-05-01,CO2,T08,Long,123,73.42,9031.26,239.11
TR007562,2025-05-01,COAL,T06,Short,1140,112.05,127731.86,-353.9
TR007563,2025-05-01,PWR,T01,Short,867,89.15,77293.13,804.58
TR007564,2025-05-01,CO2,T04,Short,1312,67.5,88553.57,-1715.7
TR007565,2025-05-01,GAS,T03,Short,887,33.7,29887.55,609.76
TR007566,2025-05-01,CO2,T02,Short,1166,72.6,84656.23,-1824.74
TR007567,2025-05-01,GAS,T07,Short,1586,38.73,61422.59,-401.66
TR007568,2025-05-01,CO2,T04,Short,814,67.72,55123.79,-34.89
TR007569,2025-05-01,COAL,T02,Long,925,118.52,109629.21,45.51
TR007570,2025-05-01,PWR,T07,Long,868,95.43,82833.95,1006.02
TR007571,2025-05-01,PWR,T01,Short,352,88.85,31275.64,-165.54
TR007572,2025-05-01,PWR,T01,Short,254,95.95,24370.57,-430.43
TR007573,2025-05-01,PWR,T07,Short,297,95.22,28279.45,68.87
TR007574,2025-05-01,GAS,T05,Long,1458,39.53,57631.36,-466.28
TR007575,2025-05-01,COAL,T03,Long,99,119.1,11790.62,-114.07
TR007576,2025-05-01,PWR,T07,Long,765,84.12,64354.0,-591.35
TR007577,2025-05-01,GAS,T02,Short,811,39.16,31759.3,-173.3
TR007578,2025-05-01,CO2,T01,Short,125,70.77,8846.25,43.38
TR007579,2025-05-01,CO2,T06,Short,481,70.37,33847.22,358.35
TR007580,2025-05-01,PWR,T06,Long,1576,91.26,143832.38,-1981.85
TR007581,2025-05-01,CO2,T06,Long,1387,67.28,93312.69,769.65
TR007582,2025-05-01,CO2,T06,Long,1047,78.07,81737.04,-628.96
TR007583,2025-05-02,GAS,T01,Long,1317,33.5,44123.89,-613.25
TR007584,2025-05-02,PWR,T06,Long,326,87.23,28437.69,245.91
TR007585,2025-05-02,COAL,T08,Long,874,111.33,97303.41,-1088.03
TR007586,2025-05-02,COAL,T05,Long,1298,112.7,146290.09,753.6
TR007587,2025-05-02,CO2,T07,Short,1896,72.84,138107.44,2308.19
TR007588,2025-05-02,CO2,T04,Long,1365,68.29,93212.61,2669.52
TR007589,2025-05-02,GAS,T04,Short,804,40.39,32473.25,339.3
TR007590,2025-05-02,GAS,T08,Short,640,36.5,23357.86,253.1
TR007591,2025-05-02,COAL,T07,Short,739,112.76,83328.95,477.75
TR007592,2025-05-02,GAS,T06,Long,1460,34.35,50144.59,-241.93
TR007593,2025-05-02,COAL,T03,Short,1520,116.09,176451.11,1721.06
TR007594,2025-05-02,CO2,T04,Short,1271,62.0,78805.01,855.91
TR007595,2025-05-02,COAL,T06,Long,869,112.06,97382.52,3050.79
TR007596,2025-05-02,PWR,T05,Short,1910,89.52,170983.38,4671.39
TR007597,2025-05-02,GAS,T06,Short,1971,40.01,78856.98,-510.03
TR007598,2025-05-02,GAS,T03,Long,1443,37.12,53567.96,-1110.47
TR007599,2025-05-02,CO2,T03,Long,84,66.28,5567.64,50.44
TR007600,2025-05-02,GAS,T03,Long,537,36.72,19717.42,-15.14
TR007601,2025-05-02,CO2,T07,Long,452,75.51,34128.57,743.85
TR007602,2025-05-02,GAS,T07,Long,175,36.06,6311.11,-29.48
TR007603,2025-05-02,GAS,T04,Long,411,36.98,15200.5,50.12
TR007604,2025-05-02,GAS,T02,Long,1581,39.79,62914.19,458.72
TR007605,2025-05-02,PWR,T08,Long,1072,91.71,98318.42,580.3
TR007606,2025-05-02,COAL,T06,Long,681,115.5,78655.45,-1681.56
TR007607,2025-05-02,CO2,T02,Long,907,67.54,61258.75,-178.96
TR007608,2025-05-02,PWR,T03,Short,1503,97.5,146536.83,3984.78
TR007609,2025-05-05,GAS,T08,Long,1933,37.2,71903.16,2637.69
TR007610,2025-05-05,GAS,T07,Short,303,38.24,11585.24,199.28
TR007611,2025-05-05,CO2,T04,Long,511,70.72,36136.41,95.87
TR007612,2025-05-05,COAL,T05,Long,1324,114.71,151878.6,2489.5
TR007613,2025-05-05,GAS,T01,Long,404,35.88,14494.05,-284.39
TR007614,2025-05-05,PWR,T01,Long,148,94.68,14013.02,47.84
TR007615,2025-05-05,PWR,T01,Short,1940,87.05,168877.43,-2448.83
TR007616,2025-05-05,GAS,T03,Long,311,37.0,11505.86,-21.44
TR007617,2025-05-05,CO2,T05,Short,1590,75.48,120019.98,-3442.82
TR007618,2025-05-05,PWR,T04,Long,903,87.32,78849.53,54.77
TR007619,2025-05-05,GAS,T05,Short,1922,35.47,68171.99,1047.66
TR007620,2025-05-05,CO2,T01,Short,1025,68.31,70020.5,-1626.65
TR007621,2025-05-05,CO2,T06,Short,1595,68.3,108930.65,-1620.17
TR007622,2025-05-05,GAS,T06,Long,1357,39.16,53143.18,-2290.17
TR007623,2025-05-05,GAS,T07,Long,351,36.02,12644.62,280.48
TR007624,2025-05-05,COAL,T03,Short,566,112.66,63766.93,-1039.0
TR007625,2025-05-05,GAS,T03,Long,641,38.69,24803.2,-75.1
TR007626,2025-05-05,GAS,T01,Short,132,34.63,4571.41,63.59
TR007627,2025-05-05,GAS,T03,Short,1149,38.55,44296.44,85.63
TR007628,2025-05-05,GAS,T07,Long,835,36.91,30820.68,-268.31
TR007629,2025-05-05,GAS,T07,Long,1297,35.58,46153.22,672.76
TR007630,2025-05-05,CO2,T08,Long,1573,70.59,111035.24,2069.87
TR007631,2025-05-05,COAL,T04,Long,1536,114.36,175650.6,5103.95
TR007632,2025-05-05,COAL,T06,Short,1544,121.25,187203.51,-1661.31
TR007633,2025-05-05,PWR,T04,Short,385,85.89,33069.42,450.5
TR007634,2025-05-06,PWR,T08,Long,1750,82.74,144787.86,-755.17
TR007635,2025-05-06,PWR,T08,Long,835,86.2,71980.15,1478.92
TR007636,2025-05-06,CO2,T05,Short,190,67.95,12910.12,-165.89
TR007637,2025-05-06,GAS,T02,Short,129,34.25,4418.89,-37.53
TR007638,2025-05-06,GAS,T07,Short,462,37.97,17544.21,-287.48
TR007639,2025-05-06,COAL,T01,Short,1969,120.97,238181.31,-252.38
TR007640,2025-05-06,GAS,T07,Long,203,36.47,7403.85,-233.69
TR007641,2025-05-06,CO2,T07,Short,1814,68.41,124094.1,-798.6
TR007642,2025-05-06,COAL,T06,Short,887,117.37,104103.07,-3109.81
TR007643,2025-05-06,CO2,T04,Long,764,71.45,54585.6,1219.05
TR007644,2025-05-06,PWR,T02,Long,95,91.44,8686.65,252.69
TR007645,2025-05-06,CO2,T02,Short,1270,71.2,90426.4,399.36
TR007646,2025-05-06,CO2,T05,Long,1099,65.44,71914.41,777.36
TR007647,2025-05-06,PWR,T01,Long,1087,86.83,94382.09,-165.79
TR007648,2025-05-06,COAL,T07,Long,1232,111.57,137453.03,2569.89
TR007649,2025-05-06,PWR,T08,Long,1530,93.4,142906.55,-3916.65
TR007650,2025-05-07,PWR,T02,Long,420,79.65,33451.05,-299.96
TR007651,2025-05-07,COAL,T06,Long,221,119.29,26362.28,95.77
TR007652,2025-05-07,PWR,T02,Long,1519,88.15,133902.55,-184.65
TR007653,2025-05-07,CO2,T01,Long,335,72.52,24293.44,-263.78
TR007654,2025-05-07,PWR,T07,Long,597,96.77,57770.78,488.23
TR007655,2025-05-07,CO2,T06,Long,211,70.69,14916.12,-99.87
TR007656,2025-05-07,COAL,T08,Short,1138,114.91,130772.52,1741.49
TR007657,2025-05-07,CO2,T08,Long,1275,69.17,88196.58,-1156.46
TR007658,2025-05-07,CO2,T06,Long,186,77.11,14342.55,39.75
TR007659,2025-05-07,PWR,T04,Long,159,93.1,14802.41,117.52
TR007660,2025-05-07,COAL,T05,Long,1981,115.75,229298.59,2676.91
TR007661,2025-05-07,GAS,T08,Long,569,35.63,20273.22,218.65
TR007662,2025-05-07,PWR,T07,Short,1414,89.38,126379.11,1831.14
TR007663,2025-05-07,CO2,T03,Short,155,71.19,11034.0,-71.67
TR007664,2025-05-07,CO2,T06,Long,838,65.49,54881.56,452.93
TR007665,2025-05-07,PWR,T05,Long,1910,88.99,169975.25,-2473.3
TR007666,2025-05-07,CO2,T08,Long,1904,76.73,146103.09,-7068.41
TR007667,2025-05-07,PWR,T02,Short,1184,95.91,113560.68,2162.29
TR007668,2025-05-08,CO2,T08,Long,455,68.51,31170.3,386.96
TR007669,2025-05-08,PWR,T08,Short,744,86.37,64257.92,1662.75
TR007670,2025-05-08,GAS,T05,Short,1233,36.53,45043.51,-48.19
TR007671,2025-05-08,CO2,T06,Long,985,68.26,67231.46,-854.9
TR007672,2025-05-08,COAL,T06,Short,832,117.77,97985.02,-1167.68
TR007673,2025-05-08,PWR,T04,Long,1444,97.55,140866.45,792.52
TR007674,2025-05-08,CO2,T03,Short,772,65.68,50702.03,467.14
TR007675,2025-05-08,CO2,T07,Long,892,67.21,59949.18,2085.79
TR007676,2025-05-08,CO2,T06,Short,453,68.54,31047.78,-127.61
TR007677,2025-05-08,COAL,T04,Long,1972,113.21,223259.4,94.26
TR007678,2025-05-08,GAS,T07,Long,823,34.96,28772.78,-590.46
TR007679,2025-05-08,CO2,T05,Long,1703,75.29,128217.49,-245.05
TR007680,2025-05-08,PWR,T08,Long,163,94.5,15402.75,-452.69
TR007681,2025-05-08,CO2,T04,Long,1311,63.72,83536.77,2679.92
TR007682,2025-05-08,COAL,T08,Long,1532,106.93,163818.91,2027.27
TR007683,2025-05-08,PWR,T08,Short,1405,84.17,118257.51,-1182.62
TR007684,2025-05-08,COAL,T07,Short,863,111.79,96473.61,2042.32
TR007685,2025-05-08,GAS,T01,Long,294,36.68,10784.33,15.47
TR007686,2025-05-09,CO2,T07,Long,1702,65.87,112104.04,-1504.71
TR007687,2025-05-09,GAS,T01,Short,179,36.51,6535.25,-35.98
TR007688,2025-05-09,GAS,T06,Short,949,36.06,34222.39,760.98
TR007689,2025-05-09,CO2,T01,Short,1802,70.7,127406.34,-2097.66
TR007690,2025-05-09,COAL,T02,Long,598,120.46,72036.72,-1204.68
TR007691,2025-05-09,GAS,T04,Long,549,34.18,18766.49,232.65
TR007692,2025-05-09,PWR,T07,Long,90,94.77,8529.36,-20.86
TR007693,2025-05-09,COAL,T07,Short,231,109.47,25287.33,247.7
TR007694,2025-05-09,COAL,T02,Short,174,106.88,18596.39,-91.84
TR007695,2025-05-09,GAS,T02,Long,1462,35.57,51996.37,-72.57
TR007696,2025-05-09,PWR,T07,Long,1928,80.6,155394.83,-2643.63
TR007697,2025-05-09,PWR,T08,Short,1264,95.36,120531.25,-3726.9
TR007698,2025-05-09,CO2,T04,Long,100,64.49,6448.58,-103.11
TR007699,2025-05-09,CO2,T08,Long,1858,65.1,120946.53,3942.94
TR007700,2025-05-09,GAS,T03,Long,828,38.67,32017.44,-720.68
TR007701,2025-05-09,CO2,T06,Short,226,69.41,15685.62,128.53
TR007702,2025-05-09,COAL,T02,Long,151,119.18,17996.15,132.21
TR007703,2025-05-09,GAS,T04,Short,1576,36.94,58217.39,-931.01
TR007704,2025-05-09,CO2,T02,Long,75,78.35,5876.13,-41.69
TR007705,2025-05-12,PWR,T05,Long,430,82.93,35657.98,255.03
TR007706,2025-05-12,COAL,T04,Long,1975,114.82,226771.88,2239.95
TR007707,2025-05-12,PWR,T07,Long,1433,95.09,136265.36,-66.54
TR007708,2025-05-12,CO2,T03,Long,474,72.39,34314.05,154.33
TR007709,2025-05-12,COAL,T02,Long,654,116.36,76098.93,-361.86
TR007710,2025-05-12,PWR,T04,Short,417,87.52,36494.88,-416.7
TR007711,2025-05-12,PWR,T01,Short,1444,96.38,139178.47,-1241.99
TR007712,2025-05-12,CO2,T07,Long,1015,71.26,72332.58,-2241.74
TR007713,2025-05-12,COAL,T02,Long,284,110.23,31305.56,203.66
TR007714,2025-05-12,COAL,T06,Short,1612,119.93,193326.25,3265.59
TR007715,2025-05-12,COAL,T04,Long,663,118.08,78288.49,2494.66
TR007716,2025-05-12,COAL,T03,Long,1199,116.0,139078.54,1028.97
TR007717,2025-05-12,COAL,T01,Short,826,112.71,93098.26,-2331.24
TR007718,2025-05-12,COAL,T05,Short,1106,116.77,129150.73,5768.03
TR007719,2025-05-12,CO2,T08,Short,889,65.8,58499.61,1458.4
TR007720,2025-05-12,CO2,T02,Short,493,72.64,35812.51,650.53
TR007721,2025-05-12,GAS,T03,Long,1023,38.59,39473.27,-157.63
TR007722,2025-05-12,GAS,T02,Short,1472,36.93,54367.09,-129.44
TR007723,2025-05-12,COAL,T07,Short,527,118.3,62341.95,-484.45
TR007724,2025-05-12,PWR,T05,Long,140,93.13,13038.04,1.24
TR007725,2025-05-13,PWR,T07,Short,757,94.87,71814.89,531.61
TR007726,2025-05-13,CO2,T07,Long,602,69.07,41578.34,-425.74
TR007727,2025-05-13,PWR,T02,Short,1414,89.89,127103.23,3316.55
TR007728,2025-05-13,PWR,T07,Long,1570,99.66,156459.68,-1527.45
TR007729,2025-05-13,COAL,T05,Short,882,115.55,101918.32,1911.17
TR007730,2025-05-13,COAL,T08,Long,1261,119.8,151063.23,315.25
TR007731,2025-05-13,PWR,T01,Long,1155,91.15,105282.32,-2352.5
TR007732,2025-05-13,GAS,T08,Long,1336,39.44,52698.45,-363.7
TR007733,2025-05-13,PWR,T01,Short,1966,92.97,182781.8,1278.33
TR007734,2025-05-13,COAL,T08,Short,808,113.92,92049.11,513.17
TR007735,2025-05-13,CO2,T02,Long,1826,73.81,134776.15,-2830.51
TR007736,2025-05-13,GAS,T08,Short,1236,36.67,45326.31,869.17
TR007737,2025-05-13,CO2,T02,Long,1185,67.25,79685.97,-1554.99
TR007738,2025-05-13,COAL,T02,Short,68,119.89,8152.54,38.15
TR007739,2025-05-13,GAS,T07,Long,701,34.95,24500.22,-107.3
TR007740,2025-05-13,CO2,T07,Short,1682,66.26,111443.76,-184.02
TR007741,2025-05-13,PWR,T02,Short,862,90.97,78413.27,-1486.16
TR007742,2025-05-14,GAS,T07,Short,1145,35.58,40737.94,295.8
TR007743,2025-05-14,COAL,T06,Long,1372,110.05,150988.47,-12.98
TR007744,2025-05-14,GAS,T07,Long,178,36.48,6492.65,27.81
TR007745,2025-05-14,GAS,T02,Long,160,37.9,6064.11,-78.42
TR007746,2025-05-14,PWR,T06,Long,1630,77.5,126326.55,4039.67
TR007747,2025-05-14,COAL,T08,Long,1478,112.57,166381.27,6667.34
TR007748,2025-05-14,PWR,T03,Short,1388,95.02,131892.15,-630.04
TR007749,2025-05-14,CO2,T01,Short,1848,69.59,128593.94,-2930.39
TR007750,2025-05-14,COAL,T06,Short,732,117.42,85954.97,45.82
TR007751,2025-05-14,CO2,T03,Short,378,71.45,27008.48,616.09
TR007752,2025-05-14,COAL,T06,Long,720,113.54,81747.79,474.36
TR007753,2025-05-14,PWR,T02,Long,1271,94.1,119603.39,4019.72
TR007754,2025-05-14,COAL,T05,Long,918,119.45,109653.38,-1411.96
TR007755,2025-05-14,CO2,T04,Short,376,68.2,25643.53,360.67
TR007756,2025-05-14,CO2,T08,Long,498,63.95,31846.13,-715.22
TR007757,2025-05-14,COAL,T01,Long,1696,106.97,181423.84,-2460.35
TR007758,2025-05-14,COAL,T03,Short,67,112.15,7513.73,-81.51
TR007759,2025-05-14,PWR,T06,Long,1037,98.8,102456.82,-121.38
TR007760,2025-05-14,CO2,T06,Long,537,74.12,39803.28,-517.26
TR007761,2025-05-14,CO2,T03,Long,1665,69.42,115585.64,-2174.2
TR007762,2025-05-14,GAS,T04,Short,85,35.87,3049.03,-18.29
TR007763,2025-05-14,GAS,T02,Long,1882,39.1,73585.55,-330.63
TR007764,2025-05-14,COAL,T08,Long,1310,123.58,161887.4,769.62
TR007765,2025-05-14,COAL,T01,Long,597,110.8,66148.73,1275.3
TR007766,2025-05-14,PWR,T01,Short,1051,90.98,95616.93,-129.34
TR007767,2025-05-14,PWR,T06,Long,1569,85.48,134112.95,863.81
TR007768,2025-05-14,GAS,T01,Long,578,34.67,20038.3,-421.65
TR007769,2025-05-15,CO2,T08,Short,1941,67.84,131668.79,1239.98
TR007770,2025-05-15,PWR,T01,Long,1457,84.88,123675.02,-716.33
TR007771,2025-05-15,COAL,T01,Long,1031,108.17,111519.35,1307.93
TR007772,2025-05-15,CO2,T02,Long,471,69.2,32592.69,-241.99
TR007773,2025-05-15,GAS,T04,Long,791,36.71,29037.87,712.8
TR007774,2025-05-15,GAS,T03,Long,83,37.58,3118.99,-5.71
TR007775,2025-05-15,GAS,T04,Short,1328,38.16,50679.06,-588.03
TR007776,2025-05-15,COAL,T04,Short,590,117.59,69380.28,-1193.21
TR007777,2025-05-15,PWR,T08,Short,1102,82.92,91374.95,-892.65
TR007778,2025-05-15,PWR,T07,Short,407,94.57,38489.25,-142.85
TR007779,2025-05-15,CO2,T01,Short,1620,74.32,120398.42,232.46
TR007780,2025-05-15,COAL,T03,Long,1869,117.31,219259.66,-1567.43
TR007781,2025-05-15,PWR,T03,Long,619,96.11,59492.12,-296.98
TR007782,2025-05-15,GAS,T04,Short,295,38.87,11467.21,119.59
TR007783,2025-05-15,PWR,T06,Long,1784,90.6,161626.5,-1920.9
TR007784,2025-05-16,CO2,T03,Long,1611,70.74,113967.1,1964.41
TR007785,2025-05-16,COAL,T07,Long,1835,115.69,212292.74,149.92
TR007786,2025-05-16,CO2,T02,Long,1849,71.7,132570.7,1027.18
TR007787,2025-05-16,CO2,T02,Short,1275,73.74,94021.61,-1113.4
TR007788,2025-05-16,CO2,T02,Short,1921,67.18,129051.4,-377.66
TR007789,2025-05-16,GAS,T03,Short,605,37.25,22534.38,101.63
TR007790,2025-05-16,CO2,T08,Long,1347,71.67,96537.73,317.77
TR007791,2025-05-16,PWR,T08,Short,791,95.22,75319.06,1061.37
TR007792,2025-05-16,COAL,T01,Short,1782,118.49,211151.69,2783.95
TR007793,2025-05-16,PWR,T07,Long,1569,91.57,143671.71,4270.04
TR007794,2025-05-16,GAS,T03,Short,1474,39.76,58602.45,-476.04
TR007795,2025-05-16,COAL,T02,Long,426,110.26,46971.92,640.15
TR007796,2025-05-16,COAL,T05,Long,870,122.12,106242.29,1005.6
TR007797,2025-05-16,PWR,T07,Long,1994,91.1,181651.73,978.15
TR007798,2025-05-16,GAS,T06,Long,957,36.97,35377.87,131.8
TR007799,2025-05-16,PWR,T02,Long,1641,87.54,143653.38,2695.35
TR007800,2025-05-16,CO2,T04,Short,1649,68.16,112394.49,609.98
TR007801,2025-05-16,COAL,T01,Long,205,113.0,23164.37,-611.49
TR007802,2025-05-16,PWR,T08,Short,270,94.85,25609.38,857.11
TR007803,2025-05-16,PWR,T07,Long,1742,89.93,156665.16,742.93
TR007804,2025-05-16,GAS,T06,Short,1582,36.12,57140.7,-220.82
TR007805,2025-05-19,PWR,T08,Long,1342,85.44,114665.01,-945.89
TR007806,2025-05-19,GAS,T02,Short,458,33.0,15114.23,-300.33
TR007807,2025-05-19,GAS,T08,Short,206,36.32,7482.65,-14.08
TR007808,2025-05-19,CO2,T06,Long,561,62.55,35089.09,166.41
TR007809,2025-05-19,COAL,T05,Long,664,115.16,76465.56,-773.88
TR007810,2025-05-19,COAL,T04,Short,1084,116.07,125822.53,29.14
TR007811,2025-05-19,GAS,T02,Short,1763,40.52,71438.67,184.65
TR007812,2025-05-19,GAS,T04,Short,219,39.22,8588.21,-235.24
TR007813,2025-05-19,CO2,T01,Long,912,74.63,68058.3,-1797.64
TR007814,2025-05-19,COAL,T03,Short,1710,111.48,190629.91,5558.82
TR007815,2025-05-19,COAL,T04,Short,1151,118.88,136833.58,3231.73
TR007816,2025-05-19,GAS,T01,Long,1990,36.37,72367.22,756.58
TR007817,2025-05-19,PWR,T05,Short,243,89.47,21741.49,162.05
TR007818,2025-05-19,GAS,T07,Short,981,36.54,35848.21,-490.64
TR007819,2025-05-19,GAS,T01,Short,1542,36.45,56199.19,-1374.7
TR007820,2025-05-19,GAS,T02,Short,1378,36.32,50052.81,-19.62
TR007821,2025-05-19,COAL,T04,Short,995,117.93,117335.53,-1691.63
TR007822,2025-05-19,COAL,T08,Short,937,110.02,103091.24,2359.01
TR007823,2025-05-19,COAL,T03,Short,666,109.21,72735.15,1700.9
TR007824,2025-05-19,COAL,T05,Long,195,116.51,22719.9,389.52
TR007825,2025-05-19,CO2,T08,Long,636,71.79,45657.09,430.17
TR007826,2025-05-20,GAS,T06,Long,430,37.92,16307.59,94.68
TR007827,2025-05-20,PWR,T01,Short,558,96.82,54027.93,713.87
TR007828,2025-05-20,PWR,T02,Short,766,83.92,64284.7,712.9
TR007829,2025-05-20,PWR,T08,Short,1478,93.47,138153.84,-929.19
TR007830,2025-05-20,CO2,T04,Long,1532,63.07,96615.6,-1325.42
TR007831,2025-05-20,GAS,T03,Long,1388,35.84,49751.41,-500.58
TR007832,2025-05-20,PWR,T03,Short,1003,102.78,103091.4,1923.99
TR007833,2025-05-20,GAS,T06,Long,969,37.64,36476.76,-789.47
TR007834,2025-05-20,COAL,T01,Short,1516,107.08,162331.26,-1001.59
TR007835,2025-05-20,PWR,T01,Long,819,97.49,79840.38,460.04
TR007836,2025-05-20,CO2,T06,Long,859,68.87,59162.45,-1992.67
TR007837,2025-05-20,PWR,T06,Long,1510,91.72,138494.32,-3308.83
TR007838,2025-05-20,COAL,T04,Short,145,122.13,17708.25,-117.06
TR007839,2025-05-20,GAS,T02,Long,936,36.82,34467.01,-350.76
TR007840,2025-05-20,GAS,T06,Long,1398,39.01,54541.93,352.92
TR007841,2025-05-20,CO2,T07,Long,1109,76.5,84833.58,-957.83
TR007842,2025-05-21,COAL,T06,Long,1744,113.94,198711.71,-377.41
TR007843,2025-05-21,GAS,T08,Long,408,37.23,15187.91,191.85
TR007844,2025-05-21,PWR,T04,Short,652,93.38,60885.74,-145.88
TR007845,2025-05-21,CO2,T08,Long,534,69.77,37257.78,-548.7
TR007846,2025-05-21,CO2,T05,Long,1148,70.41,80830.78,56.98
TR007847,2025-05-21,COAL,T01,Long,1600,110.98,177575.68,-1441.02
TR007848,2025-05-21,PWR,T07,Long,1485,93.77,139248.79,1924.29
TR007849,2025-05-21,COAL,T04,Long,74,110.06,8144.77,173.21
TR007850,2025-05-21,COAL,T02,Short,370,114.29,42287.63,306.94
TR007851,2025-05-21,PWR,T01,Short,70,90.26,6318.04,110.08
TR007852,2025-05-21,CO2,T04,Long,837,66.68,55811.03,-277.09
TR007853,2025-05-21,GAS,T04,Short,1392,39.16,54508.77,-174.94
TR007854,2025-05-21,COAL,T08,Long,565,117.04,66128.47,1374.92
TR007855,2025-05-21,CO2,T03,Short,1690,69.1,116777.62,2527.5
TR007856,2025-05-21,COAL,T08,Short,1000,114.5,114502.36,-2781.47
TR007857,2025-05-21,CO2,T01,Long,221,68.71,15185.36,-53.54
TR007858,2025-05-21,CO2,T02,Long,1112,76.76,85359.22,-993.42
TR007859,2025-05-21,GAS,T03,Short,552,35.17,19413.53,-212.14
TR007860,2025-05-21,COAL,T02,Long,382,112.04,42800.67,-103.0
TR007861,2025-05-21,CO2,T01,Long,246,66.06,16250.7,-73.97
TR007862,2025-05-21,PWR,T08,Long,1350,93.74,126543.45,2463.0
TR007863,2025-05-21,GAS,T05,Long,1003,35.67,35781.13,-259.8
TR007864,2025-05-21,CO2,T02,Long,1299,70.62,91740.41,-1371.99
TR007865,2025-05-22,GAS,T01,Long,251,36.28,9107.42,3.06
TR007866,2025-05-22,CO2,T05,Short,332,66.42,22049.96,644.47
TR007867,2025-05-22,COAL,T01,Short,1336,118.11,157791.81,575.59
TR007868,2025-05-22,COAL,T02,Short,959,115.7,110951.79,203.93
TR007869,2025-05-22,CO2,T07,Long,1528,64.6,98709.13,-653.09
TR007870,2025-05-22,CO2,T07,Short,439,65.21,28627.32,-159.33
TR007871,2025-05-22,COAL,T03,Long,224,113.8,25491.14,268.81
TR007872,2025-05-22,GAS,T03,Long,310,38.56,11953.78,-157.11
TR007873,2025-05-22,GAS,T02,Long,1309,36.91,48318.06,-399.81
TR007874,2025-05-22,COAL,T01,Short,1972,113.29,223416.91,-2844.6
TR007875,2025-05-22,COAL,T07,Long,1204,117.8,141832.36,1463.27
TR007876,2025-05-22,PWR,T06,Short,1777,94.72,168309.84,-506.13
TR007877,2025-05-22,GAS,T08,Short,884,38.23,33797.77,-466.19
TR007878,2025-05-22,CO2,T02,Short,842,75.64,63684.77,931.52
TR007879,2025-05-22,GAS,T03,Short,1143,38.09,43536.77,-178.9
TR007880,2025-05-22,GAS,T08,Short,513,37.22,19093.42,-179.6
TR007881,2025-05-22,CO2,T04,Short,1457,80.19,116830.91,859.82
TR007882,2025-05-22,CO2,T02,Short,623,63.63,39638.44,172.09
TR007883,2025-05-22,GAS,T01,Long,1249,37.54,46881.81,417.05
TR007884,2025-05-22,PWR,T04,Long,1153,89.41,103091.84,2261.11
TR007885,2025-05-22,PWR,T01,Short,1843,92.79,171004.63,4346.06
TR007886,2025-05-22,CO2,T04,Long,877,69.14,60633.99,936.89
TR007887,2025-05-22,PWR,T03,Short,239,97.43,23284.68,42.09
TR007888,2025-05-22,GAS,T01,Short,140,37.38,5233.46,-42.63
TR007889,2025-05-22,PWR,T01,Long,709,86.33,61211.07,-1056.71
TR007890,2025-05-22,GAS,T03,Short,1157,38.28,44287.79,744.04
TR007891,2025-05-22,GAS,T05,Short,632,33.97,21467.75,107.37
TR007892,2025-05-23,PWR,T03,Long,943,94.05,88691.22,2020.57
TR007893,2025-05-23,GAS,T08,Long,534,35.87,19154.31,19.48
TR007894,2025-05-23,CO2,T05,Short,1034,60.95,63027.42,798.63
TR007895,2025-05-23,GAS,T06,Long,1573,34.76,54680.15,40.55
TR007896,2025-05-23,PWR,T02,Long,88,97.06,8541.61,-16.36
TR007897,2025-05-23,GAS,T07,Long,1090,41.15,44856.7,-1584.53
TR007898,2025-05-23,GAS,T02,Short,666,36.96,24616.57,352.53
TR007899,2025-05-23,PWR,T03,Long,833,87.26,72686.31,-578.51
TR007900,2025-05-23,COAL,T01,Short,706,118.38,83576.26,-155.94
TR007901,2025-05-23,GAS,T04,Short,1437,38.56,55413.03,-430.49
TR007902,2025-05-23,COAL,T05,Short,697,116.82,81423.62,1293.19
TR007903,2025-05-23,PWR,T08,Short,1008,98.07,98856.79,-799.59
TR007904,2025-05-23,GAS,T03,Short,953,38.13,36333.84,384.53
TR007905,2025-05-23,GAS,T01,Long,1006,37.97,38195.88,223.46
TR007906,2025-05-23,CO2,T06,Long,1234,69.06,85221.72,-1318.58
TR007907,2025-05-23,CO2,T05,Long,291,64.7,18827.23,-15.54
TR007908,2025-05-23,PWR,T04,Short,1873,91.27,170957.38,-4422.02
TR007909,2025-05-23,COAL,T04,Long,499,118.1,58932.16,-424.11
TR007910,2025-05-23,CO2,T04,Short,1245,67.45,83975.55,429.29
TR007911,2025-05-23,PWR,T08,Short,1097,83.77,91895.33,-2691.73
TR007912,2025-05-23,CO2,T04,Long,1686,74.58,125744.84,-1255.78
TR007913,2025-05-23,CO2,T02,Long,1135,72.11,81847.08,-1243.97
TR007914,2025-05-23,GAS,T06,Short,84,38.12,3201.91,-41.16
TR007915,2025-05-23,GAS,T04,Long,1853,36.18,67036.88,788.54
TR007916,2025-05-23,COAL,T05,Long,1515,114.21,173028.78,-4582.88
TR007917,2025-05-23,COAL,T05,Long,1168,114.88,134175.57,6376.51
TR007918,2025-05-23,PWR,T02,Long,1233,89.46,110298.29,-695.09
TR007919,2025-05-23,CO2,T03,Long,187,73.53,13750.41,68.8
TR007920,2025-05-23,GAS,T07,Long,714,35.52,25358.74,-716.39
TR007921,2025-05-26,PWR,T04,Long,469,77.02,36120.59,-281.14
TR007922,2025-05-26,COAL,T07,Short,1396,117.18,163578.84,-3167.69
TR007923,2025-05-26,COAL,T02,Long,1925,115.61,222552.44,-4170.72
TR007924,2025-05-26,PWR,T04,Short,996,85.01,84667.67,-1939.73
TR007925,2025-05-26,GAS,T04,Short,1798,34.41,61867.52,-757.64
TR007926,2025-05-26,PWR,T01,Short,1427,92.12,131456.67,1776.18
TR007927,2025-05-26,CO2,T04,Short,1502,74.77,112298.52,1965.32
TR007928,2025-05-26,CO2,T07,Long,1223,71.25,87143.02,-1880.75
TR007929,2025-05-26,CO2,T08,Long,486,68.35,33220.07,-621.01
TR007930,2025-05-26,PWR,T05,Short,518,73.24,37935.81,-1402.99
TR007931,2025-05-26,PWR,T03,Long,1326,94.32,125064.38,58.98
TR007932,2025-05-26,COAL,T04,Long,1056,113.18,119515.79,217.76
TR007933,2025-05-26,COAL,T06,Long,852,115.96,98795.14,1052.95
TR007934,2025-05-26,CO2,T05,Short,1487,71.75,106693.77,-530.0
TR007935,2025-05-26,COAL,T08,Short,1473,112.95,166369.88,-2911.76
TR007936,2025-05-26,CO2,T03,Long,1835,75.14,137880.77,-3333.84
TR007937,2025-05-26,COAL,T04,Short,1268,116.12,147243.15,4917.64
TR007938,2025-05-26,CO2,T01,Short,1766,65.54,115751.17,569.3
TR007939,2025-05-26,PWR,T08,Short,1128,91.21,102887.35,764.84
TR007940,2025-05-26,CO2,T01,Short,401,75.19,30152.6,-1214.13
TR007941,2025-05-26,COAL,T06,Short,812,118.65,96345.98,-1655.12
TR007942,2025-05-26,COAL,T07,Long,1671,120.47,201297.16,3386.48
TR007943,2025-05-26,CO2,T02,Short,187,74.14,13863.85,-525.65
TR007944,2025-05-26,GAS,T05,Short,1680,36.44,61222.16,1196.08
TR007945,2025-05-27,COAL,T02,Short,212,112.92,23939.99,549.36
TR007946,2025-05-27,COAL,T05,Long,909,120.4,109443.53,-655.53
TR007947,2025-05-27,COAL,T02,Long,1679,116.27,195211.09,-1974.32
TR007948,2025-05-27,COAL,T02,Long,1973,114.74,226387.59,-758.69
TR007949,2025-05-27,PWR,T02,Short,474,90.42,42858.79,-430.55
TR007950,2025-05-27,CO2,T02,Long,51,63.25,3225.65,-104.43
TR007951,2025-05-27,CO2,T05,Short,249,73.4,18277.82,-194.65
TR007952,2025-05-27,GAS,T08,Short,1029,40.78,41967.12,492.68
TR007953,2025-05-27,CO2,T06,Long,549,72.25,39664.74,-137.5
TR007954,2025-05-27,GAS,T08,Short,436,37.86,16508.05,32.75
TR007955,2025-05-27,GAS,T06,Short,1694,36.31,61503.0,-640.35
TR007956,2025-05-27,CO2,T03,Long,1386,70.79,98109.45,-588.61
TR007957,2025-05-27,PWR,T01,Long,491,84.19,41335.31,-481.96
TR007958,2025-05-27,GAS,T02,Short,1627,36.09,58711.14,2229.5
TR007959,2025-05-27,COAL,T02,Long,1686,111.99,188812.82,1094.77
TR007960,2025-05-27,PWR,T02,Short,1962,83.28,163401.04,358.53
TR007961,2025-05-27,CO2,T08,Long,532,73.58,39144.89,-572.13
TR007962,2025-05-27,PWR,T08,Long,553,97.23,53767.0,250.44
TR007963,2025-05-27,GAS,T06,Short,527,34.01,17922.65,132.42
TR007964,2025-05-27,GAS,T08,Long,1017,36.9,37529.12,-168.64
TR007965,2025-05-27,PWR,T05,Short,215,89.36,19213.3,386.22
TR007966,2025-05-27,GAS,T05,Long,1354,34.58,46827.52,-1192.39
TR007967,2025-05-27,CO2,T04,Long,1139,68.09,77551.16,-562.08
TR007968,2025-05-27,PWR,T05,Long,617,92.74,57219.82,252.22
TR007969,2025-05-27,PWR,T07,Long,1123,95.55,107297.28,3067.86
TR007970,2025-05-27,CO2,T08,Short,1845,69.98,129118.96,-5085.97
TR007971,2025-05-28,PWR,T01,Long,1498,100.62,150730.83,2361.96
TR007972,2025-05-28,COAL,T01,Long,791,108.73,86005.73,156.07
TR007973,2025-05-28,GAS,T07,Long,156,35.57,5549.53,-51.56
TR007974,2025-05-28,CO2,T05,Long,621,69.1,42911.91,255.65
TR007975,2025-05-28,PWR,T03,Long,1609,92.03,148072.9,4443.36
TR007976,2025-05-28,PWR,T04,Long,1356,86.62,117454.02,612.55
TR007977,2025-05-28,PWR,T08,Long,1687,84.4,142387.39,2619.47
TR007978,2025-05-28,COAL,T05,Short,1400,109.87,153823.84,2847.16
TR007979,2025-05-28,PWR,T08,Long,1908,83.54,159391.37,381.5
TR007980,2025-05-28,GAS,T04,Short,1829,35.44,64823.92,-429.77
TR007981,2025-05-28,COAL,T02,Short,210,119.75,25147.02,58.13
TR007982,2025-05-28,PWR,T07,Short,1501,90.23,135428.5,-1436.69
TR007983,2025-05-28,CO2,T03,Long,1074,68.78,73869.53,-1983.68
TR007984,2025-05-28,CO2,T06,Long,1338,71.54,95726.03,-1345.36
TR007985,2025-05-28,COAL,T03,Long,1389,117.71,163503.17,4276.42
TR007986,2025-05-28,PWR,T04,Long,1222,89.27,109087.67,-3731.37
TR007987,2025-05-28,CO2,T07,Long,307,68.08,20901.58,-299.2
TR007988,2025-05-28,COAL,T07,Short,1511,126.27,190791.53,-718.26
TR007989,2025-05-28,COAL,T03,Long,1872,112.23,210102.99,393.53
TR007990,2025-05-28,COAL,T03,Long,990,115.07,113919.92,-3723.93
TR007991,2025-05-28,GAS,T01,Long,1501,37.15,55763.69,-307.12
TR007992,2025-05-28,COAL,T01,Long,545,113.54,61878.0,1234.04
TR007993,2025-05-28,COAL,T02,Long,1649,112.4,185355.24,-386.42
TR007994,2025-05-28,COAL,T06,Short,1911,108.67,207671.91,-1181.89
TR007995,2025-05-29,COAL,T01,Long,1427,117.98,168360.29,-5218.19
TR007996,2025-05-29,COAL,T06,Long,1667,117.17,195323.17,500.32
TR007997,2025-05-29,CO2,T08,Short,1210,70.27,85022.56,-836.67
TR007998,2025-05-29,COAL,T08,Short,293,117.98,34567.37,-705.72
TR007999,2025-05-29,GAS,T01,Long,1915,37.99,72754.04,-1162.66
TR008000,2025-05-29,PWR,T05,Short,953,88.99,84808.88,-228.45
TR008001,2025-05-29,COAL,T02,Long,1225,120.4,147488.82,619.71
TR008002,2025-05-29,COAL,T08,Short,1821,110.82,201801.69,-2907.02
TR008003,2025-05-29,GAS,T05,Short,340,37.1,12615.46,-113.38
TR008004,2025-05-29,COAL,T05,Long,793,112.19,88969.3,-339.39
TR008005,2025-05-29,COAL,T06,Long,668,110.42,73760.24,-1501.02
TR008006,2025-05-29,PWR,T05,Long,1866,103.57,193256.94,-1651.73
TR008007,2025-05-29,CO2,T06,Long,1173,70.91,83171.9,393.37
TR008008,2025-05-29,PWR,T08,Short,1194,91.65,109424.54,743.19
TR008009,2025-05-29,GAS,T02,Long,1561,38.04,59376.24,82.69
TR008010,2025-05-29,COAL,T04,Long,1290,116.1,149774.55,41.73
TR008011,2025-05-29,PWR,T02,Long,317,79.12,25082.51,-503.39
TR008012,2025-05-29,GAS,T04,Long,1647,36.35,59871.9,-1527.19
TR008013,2025-05-29,COAL,T03,Long,1080,121.31,131010.34,2456.77
TR008014,2025-05-29,GAS,T08,Long,1296,36.34,47094.96,1693.33
TR008015,2025-05-29,GAS,T02,Long,826,36.72,30327.33,-325.85
TR008016,2025-05-29,COAL,T05,Long,785,109.65,86076.62,571.62
TR008017,2025-05-29,PWR,T05,Long,407,86.78,35317.71,-261.72
TR008018,2025-05-29,GAS,T01,Short,931,35.75,33278.85,-365.11
TR008019,2025-05-29,PWR,T04,Long,1275,90.31,115139.97,-1530.23
TR008020,2025-05-29,COAL,T04,Short,647,108.88,70444.31,-837.89
TR008021,2025-05-30,GAS,T03,Short,88,37.5,3299.6,4.89
TR008022,2025-05-30,CO2,T02,Long,380,68.3,25953.84,271.83
TR008023,2025-05-30,COAL,T02,Long,844,118.41,99939.99,-9.64
TR008024,2025-05-30,CO2,T07,Long,1691,66.59,112600.01,-64.56
TR008025,2025-05-30,GAS,T03,Short,1958,39.21,76763.58,-116.63
TR008026,2025-05-30,GAS,T06,Short,708,36.73,26003.3,-597.42
TR008027,2025-05-30,GAS,T08,Long,1173,37.6,44107.1,215.77
TR008028,2025-05-30,CO2,T01,Long,1971,62.82,123827.91,-3105.71
TR008029,2025-05-30,CO2,T04,Short,106,74.87,7935.81,-20.94
TR008030,2025-05-30,CO2,T06,Short,1732,69.67,120675.85,-3287.33
TR008031,2025-05-30,CO2,T06,Long,167,70.82,11826.93,108.05
TR008032,2025-05-30,PWR,T04,Long,659,99.0,65239.36,2298.65
TR008033,2025-05-30,GAS,T06,Short,874,38.77,33883.94,-122.32
TR008034,2025-05-30,COAL,T02,Long,1236,121.41,150068.76,-487.33
TR008035,2025-05-30,CO2,T07,Long,1734,75.17,130347.11,4412.39
TR008036,2025-05-30,COAL,T08,Long,981,120.39,118102.86,-670.33
TR008037,2025-06-02,COAL,T04,Short,1610,108.47,174632.54,3983.91
TR008038,2025-06-02,COAL,T08,Short,1194,117.82,140678.43,369.61
TR008039,2025-06-02,COAL,T05,Long,296,109.64,32454.87,-392.34
TR008040,2025-06-02,CO2,T05,Long,731,72.23,52798.46,-353.84
TR008041,2025-06-02,CO2,T08,Short,1138,75.91,86385.95,806.58
TR008042,2025-06-02,GAS,T04,Long,956,36.03,34448.54,-408.68
TR008043,2025-06-02,GAS,T08,Short,294,34.42,10120.9,10.06
TR008044,2025-06-02,COAL,T02,Short,1155,111.2,128433.91,1133.7
TR008045,2025-06-02,PWR,T05,Short,1068,77.96,83262.45,-1264.83
TR008046,2025-06-02,PWR,T05,Long,507,93.07,47186.81,-923.72
TR008047,2025-06-02,CO2,T04,Long,770,65.91,50752.59,-236.01
TR008048,2025-06-02,COAL,T02,Short,272,118.15,32136.8,370.92
TR008049,2025-06-02,CO2,T07,Long,574,68.58,39362.73,-541.02
TR008050,2025-06-02,CO2,T08,Long,1906,71.48,136238.02,1144.81
TR008051,2025-06-02,PWR,T04,Long,1221,88.02,107472.39,-194.22
TR008052,2025-06-02,COAL,T08,Short,1175,106.55,125200.81,638.83
TR008053,2025-06-02,PWR,T07,Short,1602,97.85,156749.98,-3868.08
TR008054,2025-06-02,PWR,T01,Long,1726,90.25,155771.58,-1502.58
TR008055,2025-06-02,PWR,T03,Long,1402,94.81,132926.75,-3016.82
TR008056,2025-06-02,COAL,T05,Long,1590,113.22,180025.59,3884.43
TR008057,2025-06-03,PWR,T04,Short,724,94.95,68740.65,789.03
TR008058,2025-06-03,GAS,T07,Short,1124,39.98,44941.74,-770.46
TR008059,2025-06-03,PWR,T05,Short,723,99.38,71848.31,-174.62
TR008060,2025-06-03,CO2,T04,Short,1072,71.96,77143.93,-1166.63
TR008061,2025-06-03,PWR,T04,Long,1871,86.86,162518.0,2991.36
TR008062,2025-06-03,CO2,T01,Short,1932,68.68,132686.63,-3288.92
TR008063,2025-06-03,PWR,T05,Long,1379,75.47,104066.64,1477.71
TR008064,2025-06-03,PWR,T06,Long,1345,93.64,125944.89,-1337.96
TR008065,2025-06-03,COAL,T03,Long,1554,107.5,167048.18,-1134.83
TR008066,2025-06-03,CO2,T02,Long,1156,70.88,81938.32,1248.72
TR008067,2025-06-03,PWR,T08,Long,972,83.2,80870.45,-138.61
TR008068,2025-06-03,COAL,T07,Short,646,110.96,71679.93,960.92
TR008069,2025-06-03,COAL,T06,Long,160,114.38,18300.54,150.09
TR008070,2025-06-03,GAS,T08,Long,96,39.07,3750.62,8.73
TR008071,2025-06-03,CO2,T08,Long,1035,68.15,70530.98,-608.21
TR008072,2025-06-03,PWR,T06,Long,1298,87.7,113839.9,856.89
TR008073,2025-06-03,CO2,T03,Short,1651,74.55,123081.48,-418.23
TR008074,2025-06-03,COAL,T02,Long,892,117.88,105148.31,-117.49
TR008075,2025-06-03,PWR,T01,Long,457,84.2,38478.62,-1179.34
TR008076,2025-06-04,PWR,T07,Long,1235,84.4,104236.01,1051.49
TR008077,2025-06-04,CO2,T03,Short,166,65.73,10911.76,9.14
TR008078,2025-06-04,PWR,T02,Long,1439,91.43,131561.02,2389.17
TR008079,2025-06-04,COAL,T01,Long,1338,116.23,155512.74,2226.66
TR008080,2025-06-04,COAL,T07,Long,509,112.04,57027.36,519.46
TR008081,2025-06-04,COAL,T05,Short,1836,120.02,220365.01,-696.2
TR008082,2025-06-04,CO2,T08,Long,832,61.85,51459.92,202.3
TR008083,2025-06-04,CO2,T04,Short,1455,70.52,102604.45,-487.66
TR008084,2025-06-04,COAL,T08,Short,1361,119.5,162644.2,713.58
TR008085,2025-06-04,CO2,T04,Short,910,65.22,59353.17,-1668.95
TR008086,2025-06-04,CO2,T04,Short,159,69.0,10971.62,260.13
TR008087,2025-06-04,GAS,T03,Short,1510,36.29,54795.67,547.54
TR008088,2025-06-04,COAL,T04,Long,310,111.96,34708.37,-720.86
TR008089,2025-06-04,COAL,T05,Short,1535,116.12,178237.57,911.57
TR008090,2025-06-04,COAL,T06,Long,307,111.17,34129.7,-772.85
TR008091,2025-06-04,PWR,T03,Long,1602,84.38,135183.19,-4732.6
TR008092,2025-06-04,GAS,T03,Long,71,36.2,2569.98,-30.01
TR008093,2025-06-04,GAS,T03,Long,1508,35.8,53981.17,-1389.0
TR008094,2025-06-04,PWR,T03,Short,69,88.92,6135.81,-51.56
TR008095,2025-06-04,COAL,T03,Long,1792,118.21,211839.89,-3668.27
TR008096,2025-06-04,COAL,T04,Long,423,119.55,50571.57,-1533.15
TR008097,2025-06-04,COAL,T04,Short,1529,113.5,173534.65,-1092.38
TR008098,2025-06-04,CO2,T07,Short,154,73.8,11364.44,26.64
TR008099,2025-06-04,COAL,T03,Long,1401,120.36,168617.46,-1262.91
TR008100,2025-06-04,PWR,T03,Long,983,83.97,82538.6,-2495.37
TR008101,2025-06-04,GAS,T07,Short,108,38.15,4120.63,17.73
TR008102,2025-06-05,COAL,T02,Short,62,117.93,7311.59,100.84
TR008103,2025-06-05,CO2,T02,Long,284,67.45,19156.74,-82.57
TR008104,2025-06-05,CO2,T08,Long,1338,72.73,97314.13,1079.18
TR008105,2025-06-05,PWR,T03,Long,1274,87.76,111811.6,-432.39
TR008106,2025-06-05,PWR,T05,Short,1325,96.12,127363.73,-352.79
TR008107,2025-06-05,COAL,T08,Long,910,115.06,104703.1,-2344.79
TR008108,2025-06-05,GAS,T01,Long,374,40.81,15262.43,-172.4
TR008109,2025-06-05,GAS,T02,Long,1810,33.91,61369.14,432.59
TR008110,2025-06-05,COAL,T05,Short,1922,116.16,223250.08,3972.27
TR008111,2025-06-05,PWR,T05,Short,296,93.73,27745.37,-160.11
TR008112,2025-06-05,PWR,T05,Short,266,90.61,24101.43,159.41
TR008113,2025-06-05,GAS,T07,Short,316,38.04,12021.04,-190.16
TR008114,2025-06-05,CO2,T03,Short,83,66.21,5495.71,-28.91
TR008115,2025-06-05,GAS,T01,Long,1120,38.18,42760.14,150.76
TR008116,2025-06-05,CO2,T08,Short,1331,68.53,91214.12,842.16
TR008117,2025-06-05,CO2,T04,Long,1097,72.3,79314.91,371.86
TR008118,2025-06-06,COAL,T08,Long,969,113.39,109875.84,415.35
TR008119,2025-06-06,GAS,T01,Long,80,36.83,2946.45,32.74
TR008120,2025-06-06,GAS,T07,Long,1895,38.44,72840.6,-39.41
TR008121,2025-06-06,CO2,T03,Long,395,72.25,28540.43,-723.55
TR008122,2025-06-06,PWR,T08,Short,1453,94.7,137593.89,-1645.09
TR008123,2025-06-06,PWR,T05,Short,1757,94.38,165821.06,79.67
TR008124,2025-06-06,CO2,T03,Long,245,70.24,17209.34,234.48
TR008125,2025-06-06,CO2,T01,Short,1857,72.11,133915.26,3117.95
TR008126,2025-06-06,GAS,T05,Short,822,38.44,31596.98,-394.79
TR008127,2025-06-06,PWR,T01,Long,1921,80.3,154262.08,757.15
TR008128,2025-06-06,CO2,T06,Long,652,65.7,42838.07,-301.71
TR008129,2025-06-06,CO2,T02,Long,143,68.97,9863.15,536.04
TR008130,2025-06-06,PWR,T07,Short,1438,94.93,136506.66,-1281.34
TR008131,2025-06-06,GAS,T01,Short,1458,37.9,55260.41,794.35
TR008132,2025-06-06,GAS,T02,Short,257,32.63,8386.47,-238.52
TR008133,2025-06-06,COAL,T03,Long,1007,109.71,110475.43,-1890.54
TR008134,2025-06-09,GAS,T07,Long,821,36.66,30101.24,-78.81
TR008135,2025-06-09,COAL,T07,Long,78,110.16,8592.81,183.83
TR008136,2025-06-09,PWR,T07,Long,866,90.83,78656.81,-1155.54
TR008137,2025-06-09,COAL,T06,Long,1176,111.69,131349.95,-3119.29
TR008138,2025-06-09,PWR,T05,Short,1380,86.91,119939.61,3352.03
TR008139,2025-06-09,CO2,T04,Short,1882,71.01,133641.24,692.23
TR008140,2025-06-09,CO2,T01,Long,1468,66.16,97126.74,-2453.6
TR008141,2025-06-09,CO2,T02,Short,1249,63.33,79094.67,749.01
TR008142,2025-06-09,GAS,T03,Short,107,35.75,3825.54,-37.52
TR008143,2025-06-09,COAL,T06,Short,1050,112.83,118467.36,5323.15
TR008144,2025-06-09,PWR,T03,Long,1991,86.57,172358.93,-1117.22
TR008145,2025-06-09,CO2,T05,Long,668,69.97,46740.0,95.48
TR008146,2025-06-09,COAL,T03,Long,1642,118.23,194137.75,-4531.23
TR008147,2025-06-09,PWR,T04,Long,1342,96.26,129177.72,-901.29
TR008148,2025-06-09,COAL,T07,Long,1820,119.61,217681.15,-6152.63
TR008149,2025-06-09,PWR,T08,Long,1986,89.27,177281.94,97.93
TR008150,2025-06-09,COAL,T02,Short,709,114.88,81452.54,-5.34
TR008151,2025-06-09,CO2,T07,Long,657,67.06,44055.82,1.1
TR008152,2025-06-09,PWR,T06,Short,282,87.72,24737.07,900.43
TR008153,2025-06-09,CO2,T04,Short,1932,70.06,135358.33,-2140.02
TR008154,2025-06-09,GAS,T08,Long,364,35.07,12764.15,-114.09
TR008155,2025-06-09,CO2,T03,Long,1816,68.66,124684.6,-50.15
TR008156,2025-06-10,GAS,T08,Short,1649,38.95,64231.26,1358.21
TR008157,2025-06-10,GAS,T07,Long,1896,35.18,66696.04,1983.71
TR008158,2025-06-10,GAS,T07,Long,953,37.63,35857.96,74.52
TR008159,2025-06-10,COAL,T07,Long,132,113.4,14968.55,-2.53
TR008160,2025-06-10,COAL,T03,Long,1861,118.57,220652.86,-2527.01
TR008161,2025-06-10,PWR,T02,Short,1682,86.35,145244.03,446.19
TR008162,2025-06-10,PWR,T05,Long,854,85.04,72623.2,-413.98
TR008163,2025-06-10,GAS,T02,Long,707,34.71,24536.67,-66.76
TR008164,2025-06-10,GAS,T04,Short,739,37.5,27714.04,-818.78
TR008165,2025-06-10,GAS,T03,Long,1341,36.08,48386.2,333.57
TR008166,2025-06-10,GAS,T05,Long,1566,36.66,57412.09,-1168.26
TR008167,2025-06-10,COAL,T08,Short,1275,111.39,142019.2,-1455.74
TR008168,2025-06-10,CO2,T02,Long,1931,70.83,136774.08,213.79
TR008169,2025-06-10,GAS,T04,Long,584,40.08,23406.37,18.95
TR008170,2025-06-10,GAS,T08,Short,1001,36.78,36811.94,-346.7
TR008171,2025-06-10,COAL,T05,Long,446,121.41,54148.85,868.62
TR008172,2025-06-10,CO2,T05,Long,1461,67.86,99139.55,289.73
TR008173,2025-06-10,PWR,T02,Short,1330,94.78,126062.92,-1375.41
TR008174,2025-06-10,PWR,T05,Long,548,92.66,50778.29,354.76
TR008175,2025-06-11,COAL,T07,Long,1083,108.76,117789.81,866.93
TR008176,2025-06-11,PWR,T02,Short,499,97.23,48515.98,-1165.45
TR008177,2025-06-11,GAS,T08,Short,1842,37.37,68842.72,-90.51
TR008178,2025-06-11,GAS,T07,Short,1647,36.52,60144.02,-18.04
TR008179,2025-06-11,GAS,T01,Long,613,35.52,21771.64,-139.69
TR008180,2025-06-11,CO2,T03,Long,208,71.73,14919.36,-113.79
TR008181,2025-06-11,PWR,T05,Short,332,91.72,30451.89,1369.62
TR008182,2025-06-11,PWR,T05,Short,587,84.59,49655.97,-754.33
TR008183,2025-06-11,GAS,T04,Long,558,36.85,20564.81,257.94
TR008184,2025-06-11,PWR,T02,Short,806,86.43,69660.37,493.43
TR008185,2025-06-11,PWR,T06,Long,449,90.11,40460.18,1046.55
TR008186,2025-06-11,PWR,T05,Short,1671,90.22,150756.11,-2094.24
TR008187,2025-06-11,CO2,T07,Short,805,67.79,54573.27,919.88
TR008188,2025-06-11,CO2,T08,Long,1699,67.06,113938.75,-1638.01
TR008189,2025-06-11,CO2,T02,Short,1261,70.21,88532.78,2264.4
TR008190,2025-06-11,GAS,T01,Short,303,36.77,11141.23,84.33
TR008191,2025-06-11,PWR,T01,Short,1138,88.31,100500.76,-2319.78
TR008192,2025-06-11,GAS,T05,Long,311,36.22,11265.6,-67.49
TR008193,2025-06-11,COAL,T01,Short,626,122.37,76604.41,-739.87
TR008194,2025-06-11,PWR,T03,Long,1826,90.93,166036.27,4756.55
TR008195,2025-06-11,CO2,T08,Short,552,68.19,37639.29,510.86
TR008196,2025-06-11,COAL,T03,Short,1317,117.82,155162.91,-2731.48
TR008197,2025-06-12,CO2,T06,Long,537,68.57,36819.99,467.34
TR008198,2025-06-12,CO2,T01,Short,100,69.17,6917.06,-75.3
TR008199,2025-06-12,CO2,T08,Short,1212,72.13,87424.8,122.29
TR008200,2025-06-12,PWR,T07,Long,271,85.11,23064.53,-34.04
TR008201,2025-06-12,COAL,T08,Long,1115,119.0,132689.82,-1723.86
TR008202,2025-06-12,CO2,T03,Short,1676,72.66,121775.72,-3622.76
TR008203,2025-06-12,CO2,T08,Short,739,63.57,46979.01,-126.63
TR008204,2025-06-12,PWR,T07,Short,677,77.37,52379.72,654.44
TR008205,2025-06-12,PWR,T03,Long,660,92.73,61205.06,120.21
TR008206,2025-06-12,CO2,T01,Long,338,68.32,23091.25,-576.34
TR008207,2025-06-12,PWR,T04,Short,1414,79.5,112410.86,-17.07
TR008208,2025-06-12,GAS,T03,Long,1598,38.67,61796.55,-226.54
TR008209,2025-06-12,PWR,T07,Long,722,94.47,68206.8,216.79
TR008210,2025-06-12,CO2,T04,Short,1445,68.16,98495.75,846.9
TR008211,2025-06-12,GAS,T02,Long,1210,39.51,47806.39,156.94
TR008212,2025-06-12,CO2,T04,Short,1478,72.56,107242.6,889.89
TR008213,2025-06-12,COAL,T05,Short,1225,113.51,139047.05,-2917.11
TR008214,2025-06-12,CO2,T08,Short,678,65.14,44165.57,-193.88
TR008215,2025-06-12,CO2,T01,Long,1379,73.2,100941.07,-2247.36
TR008216,2025-06-12,COAL,T03,Short,1044,121.62,126973.6,-1163.25
TR008217,2025-06-12,COAL,T06,Short,1443,109.75,158373.89,-62.59
TR008218,2025-06-12,PWR,T08,Long,1653,94.16,155643.93,-2295.93
TR008219,2025-06-12,COAL,T06,Long,1110,104.96,116502.35,3825.43
TR008220,2025-06-12,GAS,T05,Long,1547,37.67,58271.98,-1055.85
TR008221,2025-06-12,PWR,T03,Short,617,93.67,57795.46,-171.04
TR008222,2025-06-12,CO2,T06,Short,142,67.61,9600.37,-57.94
TR008223,2025-06-12,GAS,T04,Short,1447,37.47,54223.17,-229.17
TR008224,2025-06-13,PWR,T01,Short,1881,96.49,181496.91,439.32
TR008225,2025-06-13,COAL,T06,Long,775,112.54,87214.94,1710.15
TR008226,2025-06-13,CO2,T01,Long,1947,67.61,131637.13,-68.19
TR008227,2025-06-13,CO2,T05,Long,579,69.25,40098.43,182.84
TR008228,2025-06-13,COAL,T08,Short,1011,119.05,120359.43,-884.92
TR008229,2025-06-13,PWR,T05,Long,1923,109.38,210328.37,-1266.51
TR008230,2025-06-13,GAS,T06,Long,371,37.7,13986.36,64.16
TR008231,2025-06-13,GAS,T01,Long,490,38.16,18696.72,212.99
TR008232,2025-06-13,PWR,T06,Long,1711,92.34,157988.99,2642.05
TR008233,2025-06-13,GAS,T07,Long,493,35.57,17534.0,-56.06
TR008234,2025-06-13,CO2,T07,Short,1863,71.69,133557.67,-710.29
TR008235,2025-06-13,GAS,T02,Short,1425,36.94,52642.04,408.07
TR008236,2025-06-13,COAL,T08,Short,759,112.86,85662.57,107.28
TR008237,2025-06-13,GAS,T02,Long,554,37.23,20626.85,273.51
TR008238,2025-06-13,COAL,T04,Long,121,112.74,13641.53,-125.32
TR008239,2025-06-13,GAS,T03,Long,901,39.01,35145.43,-152.29
TR008240,2025-06-13,PWR,T05,Long,368,96.91,35661.46,515.39
TR008241,2025-06-13,PWR,T01,Long,1866,87.98,164175.11,-2805.0
TR008242,2025-06-13,PWR,T06,Long,707,87.66,61975.69,-338.52
TR008243,2025-06-13,GAS,T03,Short,1202,35.33,42460.83,230.22
TR008244,2025-06-13,PWR,T02,Short,146,90.29,13181.65,-1.48
TR008245,2025-06-13,COAL,T07,Long,1355,107.49,145646.51,1243.01
TR008246,2025-06-13,GAS,T06,Long,100,36.13,3613.22,-1.8
TR008247,2025-06-13,CO2,T02,Long,1657,72.42,120002.83,-3160.9
TR008248,2025-06-13,CO2,T01,Long,1474,77.4,114082.46,-2608.87
TR008249,2025-06-13,COAL,T02,Long,1126,116.03,130651.55,1391.3
TR008250,2025-06-13,CO2,T02,Long,1463,64.37,94168.92,-610.0
TR008251,2025-06-13,GAS,T02,Short,799,38.11,30451.63,172.64
TR008252,2025-06-16,COAL,T02,Short,1454,116.91,169992.13,4006.15
TR008253,2025-06-16,GAS,T02,Long,1779,35.62,63366.81,-49.61
TR008254,2025-06-16,PWR,T01,Short,762,97.59,74361.14,-1059.07
TR008255,2025-06-16,PWR,T03,Short,1903,98.15,186779.39,-756.71
TR008256,2025-06-16,GAS,T06,Long,1907,36.36,69335.24,-379.03
TR008257,2025-06-16,COAL,T08,Short,620,116.62,72306.07,-474.2
TR008258,2025-06-16,CO2,T07,Short,193,69.08,13332.83,289.96
TR008259,2025-06-16,GAS,T07,Long,223,40.38,9004.2,-41.98
TR008260,2025-06-16,GAS,T02,Short,1969,38.04,74904.25,-2727.64
TR008261,2025-06-16,CO2,T07,Long,1762,75.3,132677.17,3760.51
TR008262,2025-06-16,COAL,T08,Long,1423,116.95,166415.34,-1340.58
TR008263,2025-06-16,PWR,T05,Short,447,95.69,42771.89,748.38
TR008264,2025-06-16,CO2,T03,Long,1644,67.96,111732.49,-2520.08
TR008265,2025-06-16,COAL,T04,Short,958,110.06,105438.11,2785.32
TR008266,2025-06-16,PWR,T06,Short,1886,85.4,161063.32,-2142.47
TR008267,2025-06-16,CO2,T02,Long,760,71.07,54015.86,-568.39
TR008268,2025-06-16,PWR,T03,Long,693,84.38,58476.19,-968.3
TR008269,2025-06-17,CO2,T08,Short,694,67.83,47076.27,508.99
TR008270,2025-06-17,COAL,T04,Long,279,112.18,31297.52,150.12
TR008271,2025-06-17,CO2,T01,Short,989,64.32,63609.66,282.53
TR008272,2025-06-17,CO2,T04,Short,1070,68.78,73598.18,128.79
TR008273,2025-06-17,COAL,T02,Long,455,120.33,54751.38,-636.23
TR008274,2025-06-17,GAS,T01,Long,721,36.95,26637.98,-373.36
TR008275,2025-06-17,CO2,T08,Long,683,74.17,50658.54,-404.46
TR008276,2025-06-17,COAL,T08,Short,1250,116.74,145926.6,-2264.33
TR008277,2025-06-17,GAS,T07,Short,1149,40.1,46073.77,49.84
TR008278,2025-06-17,COAL,T02,Short,1266,116.19,147097.92,-1164.77
TR008279,2025-06-17,COAL,T07,Short,1139,122.78,139843.4,-2215.61
TR008280,2025-06-17,GAS,T06,Long,182,36.68,6676.49,-124.76
TR008281,2025-06-17,PWR,T08,Short,886,90.01,79746.8,288.54
TR008282,2025-06-17,PWR,T01,Long,829,91.28,75668.92,305.22
TR008283,2025-06-17,CO2,T07,Long,542,69.49,37664.3,343.29
TR008284,2025-06-17,CO2,T06,Short,489,72.83,35615.69,-658.67
TR008285,2025-06-17,COAL,T04,Short,1924,116.42,223995.43,-1847.57
TR008286,2025-06-17,PWR,T01,Long,1747,93.5,163339.97,1384.21
TR008287,2025-06-17,COAL,T07,Short,1921,109.58,210507.32,2088.38
TR008288,2025-06-17,COAL,T04,Long,1081,114.83,124134.34,274.84
TR008289,2025-06-17,CO2,T06,Short,1630,67.61,110197.28,1351.33
TR008290,2025-06-17,CO2,T04,Long,249,68.91,17158.96,175.9
TR008291,2025-06-17,COAL,T04,Long,787,113.74,89509.86,-847.81
TR008292,2025-06-17,CO2,T07,Short,1299,66.05,85799.69,1691.12
TR008293,2025-06-18,GAS,T08,Short,243,36.73,8925.15,-205.47
TR008294,2025-06-18,CO2,T04,Long,446,73.95,32982.83,-118.02
TR008295,2025-06-18,PWR,T08,Long,1761,85.57,150685.62,1291.62
TR008296,2025-06-18,COAL,T03,Short,1362,117.85,160505.96,-1587.87
TR008297,2025-06-18,COAL,T05,Short,564,114.36,64498.71,-950.62
TR008298,2025-06-18,CO2,T05,Short,791,71.35,56435.22,-617.24
TR008299,2025-06-18,CO2,T01,Long,1445,65.92,95254.35,2316.16
TR008300,2025-06-18,CO2,T03,Long,1902,68.69,130641.55,1665.79
TR008301,2025-06-18,COAL,T03,Short,609,111.89,68139.34,742.19
TR008302,2025-06-18,CO2,T06,Long,633,71.94,45539.33,-156.2
TR008303,2025-06-18,COAL,T04,Short,64,114.6,7334.47,-77.93
TR008304,2025-06-18,COAL,T05,Short,1273,107.98,137459.14,2184.02
TR008305,2025-06-18,PWR,T05,Short,706,94.14,66464.86,-374.69
TR008306,2025-06-18,CO2,T05,Short,1563,71.81,112233.27,2143.94
TR008307,2025-06-18,PWR,T02,Long,204,87.94,17939.56,238.69
TR008308,2025-06-18,CO2,T08,Long,1172,73.19,85775.94,-36.5
TR008309,2025-06-18,GAS,T02,Long,1191,38.34,45657.96,575.99
TR008310,2025-06-18,GAS,T05,Long,403,35.82,14436.39,239.86
TR008311,2025-06-18,CO2,T03,Short,1970,75.24,148222.18,-542.91
TR008312,2025-06-18,PWR,T05,Long,1326,82.79,109779.92,1169.95
TR008313,2025-06-18,CO2,T08,Long,1967,71.04,139732.15,-3117.85
TR008314,2025-06-18,CO2,T05,Long,1941,72.43,140579.91,-1078.78
TR008315,2025-06-19,CO2,T04,Short,500,70.03,35013.48,594.78
TR008316,2025-06-19,GAS,T04,Long,1515,33.91,51379.46,-369.59
TR008317,2025-06-19,COAL,T02,Long,1469,114.59,168328.55,-2959.04
TR008318,2025-06-19,COAL,T06,Long,1275,109.16,139180.98,-970.17
TR008319,2025-06-19,PWR,T03,Short,178,92.71,16502.1,-266.1
TR008320,2025-06-19,GAS,T03,Long,588,36.48,21448.48,-87.09
TR008321,2025-06-19,GAS,T04,Long,687,37.43,25717.44,-266.68
TR008322,2025-06-19,GAS,T04,Short,1615,38.61,62356.99,-841.35
TR008323,2025-06-19,GAS,T01,Long,374,39.2,14660.51,-113.17
TR008324,2025-06-19,GAS,T07,Long,578,37.77,21828.49,75.27
TR008325,2025-06-19,PWR,T08,Short,1977,81.32,160762.55,240.69
TR008326,2025-06-19,CO2,T04,Long,1596,71.07,113423.88,3768.09
TR008327,2025-06-19,GAS,T02,Long,1339,40.24,53877.36,-310.59
TR008328,2025-06-19,COAL,T07,Short,1874,115.92,217234.07,-666.28
TR008329,2025-06-19,PWR,T04,Long,751,90.29,67807.25,1854.4
TR008330,2025-06-19,COAL,T04,Short,915,117.73,107725.17,863.61
TR008331,2025-06-19,CO2,T06,Short,1024,73.1,74857.04,235.24
TR008332,2025-06-19,GAS,T08,Short,241,37.49,9035.65,-72.19
TR008333,2025-06-19,CO2,T08,Short,651,72.03,46889.14,989.64
TR008334,2025-06-19,PWR,T08,Short,1864,96.21,179333.95,-2405.46
TR008335,2025-06-19,PWR,T07,Long,1180,86.24,101763.39,2373.55
TR008336,2025-06-19,PWR,T03,Short,300,86.66,25997.23,-38.79
TR008337,2025-06-19,PWR,T07,Short,101,83.79,8463.29,-60.44
TR008338,2025-06-19,GAS,T02,Short,1051,39.65,41670.31,156.29
TR008339,2025-06-19,PWR,T01,Short,308,101.31,31202.46,216.63
TR008340,2025-06-19,PWR,T03,Short,1645,86.85,142875.47,4499.97
TR008341,2025-06-19,GAS,T02,Long,1893,39.25,74301.66,502.22
TR008342,2025-06-19,PWR,T07,Long,1775,99.89,177303.07,2368.25
TR008343,2025-06-20,GAS,T06,Short,1000,37.94,37943.75,-706.43
TR008344,2025-06-20,PWR,T04,Long,1409,84.19,118619.83,1707.66
TR008345,2025-06-20,COAL,T04,Long,180,113.89,20500.49,279.92
TR008346,2025-06-20,GAS,T04,Long,443,37.12,16445.54,-119.45
TR008347,2025-06-20,COAL,T05,Long,1965,115.87,227692.0,1953.11
TR008348,2025-06-20,PWR,T07,Long,1507,101.04,152261.15,-163.82
TR008349,2025-06-20,PWR,T03,Long,1254,99.22,124415.97,1135.39
TR008350,2025-06-20,CO2,T03,Long,1651,75.0,123827.7,1041.48
TR008351,2025-06-20,CO2,T05,Long,50,74.84,3742.11,-6.07
TR008352,2025-06-20,CO2,T05,Long,1876,70.2,131702.52,680.1
TR008353,2025-06-20,GAS,T02,Long,912,39.2,35752.21,-285.14
TR008354,2025-06-20,PWR,T03,Short,1601,97.25,155705.23,-305.3
TR008355,2025-06-20,CO2,T08,Short,1641,73.12,119994.49,-376.7
TR008356,2025-06-20,PWR,T07,Short,837,91.9,76918.48,-1007.19
TR008357,2025-06-20,GAS,T05,Long,1614,33.22,53611.34,-91.32
TR008358,2025-06-20,CO2,T06,Short,600,68.47,41080.15,-31.2
TR008359,2025-06-20,PWR,T01,Short,914,88.2,80617.69,-354.62
TR008360,2025-06-20,GAS,T06,Long,985,33.65,33143.98,-22.18
TR008361,2025-06-20,COAL,T07,Short,923,114.16,105367.71,-161.95
TR008362,2025-06-20,GAS,T06,Long,389,35.62,13855.69,106.19
TR008363,2025-06-20,CO2,T05,Long,123,67.79,8338.24,66.06
TR008364,2025-06-20,PWR,T07,Short,1732,84.07,145606.51,-132.58
TR008365,2025-06-20,GAS,T03,Long,514,36.13,18572.6,62.11
TR008366,2025-06-20,GAS,T03,Long,1717,36.87,63309.34,1388.0
TR008367,2025-06-20,CO2,T01,Long,519,70.3,36486.57,23.1
TR008368,2025-06-23,CO2,T08,Short,989,67.93,67184.31,-23.77
TR008369,2025-06-23,COAL,T08,Short,911,117.6,107129.77,2474.67
TR008370,2025-06-23,GAS,T04,Long,154,38.61,5946.52,84.39
TR008371,2025-06-23,COAL,T07,Short,1838,112.97,207632.45,3642.36
TR008372,2025-06-23,CO2,T05,Long,733,69.59,51011.24,77.35
TR008373,2025-06-23,CO2,T08,Short,964,70.2,67669.73,1472.44
TR008374,2025-06-23,PWR,T08,Long,797,89.7,71491.61,-462.58
TR008375,2025-06-23,PWR,T02,Long,187,82.84,15491.07,226.32
TR008376,2025-06-23,CO2,T05,Short,593,69.39,41150.0,542.62
TR008377,2025-06-23,GAS,T06,Short,1127,36.58,41225.89,-60.55
TR008378,2025-06-23,CO2,T02,Short,373,64.46,24042.42,-75.14
TR008379,2025-06-23,PWR,T07,Short,1571,93.06,146203.48,1328.49
TR008380,2025-06-23,CO2,T02,Short,456,73.21,33381.71,772.28
TR008381,2025-06-23,CO2,T05,Short,1116,71.55,79855.25,-359.04
TR008382,2025-06-23,COAL,T05,Short,1728,112.61,194591.48,-1933.5
TR008383,2025-06-23,PWR,T07,Short,1705,94.32,160813.17,599.34
TR008384,2025-06-23,CO2,T06,Short,345,70.72,24397.0,346.93
TR008385,2025-06-23,CO2,T03,Short,157,74.97,11769.53,1.48
TR008386,2025-06-23,PWR,T07,Long,1203,92.84,111680.84,-2361.04
TR008387,2025-06-23,PWR,T06,Short,1476,86.53,127713.6,1436.2
TR008388,2025-06-23,GAS,T05,Short,1493,32.87,49069.85,392.09
TR008389,2025-06-24,CO2,T03,Short,1522,69.88,106364.66,-1847.57
TR008390,2025-06-24,PWR,T04,Long,640,95.36,61029.91,1523.22
TR008391,2025-06-24,COAL,T07,Long,1966,118.54,233056.22,3901.1
TR008392,2025-06-24,PWR,T08,Long,1991,91.77,182720.65,-4661.43
TR008393,2025-06-24,CO2,T08,Long,146,67.23,9815.89,-79.65
TR008394,2025-06-24,COAL,T02,Short,1414,115.55,163391.31,-399.94
TR008395,2025-06-24,COAL,T07,Long,546,120.69,65897.7,-47.39
TR008396,2025-06-24,PWR,T05,Short,1333,93.47,124601.01,-559.99
TR008397,2025-06-24,COAL,T07,Long,1299,114.85,149184.63,-2927.79
TR008398,2025-06-24,COAL,T05,Long,1393,119.51,166477.97,2442.77
TR008399,2025-06-24,CO2,T01,Long,323,69.08,22313.21,-342.61
TR008400,2025-06-24,PWR,T02,Short,1722,87.27,150278.52,-1044.14
TR008401,2025-06-24,GAS,T02,Long,1451,37.76,54789.62,-421.33
TR008402,2025-06-24,PWR,T06,Long,264,95.92,25322.77,472.98
TR008403,2025-06-24,PWR,T02,Long,1394,88.27,123045.84,873.8
TR008404,2025-06-24,COAL,T05,Short,243,115.87,28156.65,317.32
TR008405,2025-06-24,CO2,T08,Short,446,77.33,34487.15,-299.8
TR008406,2025-06-25,COAL,T06,Long,370,114.77,42465.22,395.83
TR008407,2025-06-25,CO2,T04,Short,908,73.81,67020.2,404.49
TR008408,2025-06-25,CO2,T03,Short,1888,74.33,140326.05,639.43
TR008409,2025-06-25,COAL,T07,Long,867,116.08,100638.6,-1545.95
TR008410,2025-06-25,GAS,T06,Short,115,39.96,4595.69,-65.91
TR008411,2025-06-25,COAL,T03,Long,417,116.49,48578.2,471.79
TR008412,2025-06-25,CO2,T03,Long,1240,67.21,83336.93,772.98
TR008413,2025-06-25,CO2,T08,Long,1982,67.61,133997.37,3047.57
TR008414,2025-06-25,CO2,T06,Long,897,67.24,60311.55,-422.15
TR008415,2025-06-25,PWR,T06,Long,931,90.46,84217.99,1538.46
TR008416,2025-06-25,COAL,T02,Short,738,112.99,83383.58,-1407.94
TR008417,2025-06-25,GAS,T01,Long,777,39.14,30410.82,552.2
TR008418,2025-06-25,CO2,T02,Short,1871,68.81,128750.37,-3526.21
TR008419,2025-06-25,CO2,T03,Long,1440,81.39,117199.82,3536.12
TR008420,2025-06-25,COAL,T04,Long,1816,117.52,213418.14,-5508.73
TR008421,2025-06-25,COAL,T01,Short,885,115.23,101975.46,-699.44
TR008422,2025-06-25,PWR,T04,Short,1441,97.8,140924.62,-771.01
TR008423,2025-06-25,COAL,T03,Long,1223,124.32,152039.71,-1541.83
TR008424,2025-06-25,PWR,T06,Long,412,80.13,33014.1,-525.07
TR008425,2025-06-25,CO2,T06,Short,1289,68.87,88773.8,1332.48
TR008426,2025-06-25,PWR,T01,Long,1137,94.84,107835.73,-1039.64
TR008427,2025-06-25,COAL,T06,Short,1299,114.83,149160.12,2075.96
TR008428,2025-06-25,COAL,T02,Short,1764,113.18,199656.62,1214.01
TR008429,2025-06-25,COAL,T05,Long,394,113.97,44904.37,-531.99
TR008430,2025-06-26,GAS,T07,Long,904,36.8,33265.99,-39.64
TR008431,2025-06-26,GAS,T05,Short,169,36.82,6222.06,-3.37
TR008432,2025-06-26,COAL,T08,Short,102,114.75,11704.73,-298.71
TR008433,2025-06-26,GAS,T01,Long,1887,38.85,73305.14,-1305.18
TR008434,2025-06-26,CO2,T02,Short,1440,71.11,102404.74,1447.73
TR008435,2025-06-26,COAL,T02,Short,294,118.57,34860.27,-325.85
TR008436,2025-06-26,CO2,T06,Long,1192,74.89,89266.8,-1221.6
TR008437,2025-06-26,GAS,T06,Short,1016,36.29,36871.55,-114.52
TR008438,2025-06-26,PWR,T01,Short,1521,86.71,131889.95,-2863.24
TR008439,2025-06-26,GAS,T07,Short,1894,35.53,67293.9,418.06
TR008440,2025-06-26,PWR,T04,Short,1827,85.52,156251.29,2095.37
TR008441,2025-06-26,COAL,T04,Long,1925,113.54,218571.03,-1423.56
TR008442,2025-06-26,COAL,T08,Long,1114,114.29,127323.57,974.51
TR008443,2025-06-26,CO2,T01,Short,1082,70.45,76221.72,1201.66
TR008444,2025-06-26,PWR,T04,Long,663,83.66,55464.48,894.05
TR008445,2025-06-26,CO2,T08,Long,77,66.5,5120.39,36.29
TR008446,2025-06-26,PWR,T06,Long,1574,102.64,161552.35,3184.23
TR008447,2025-06-26,CO2,T07,Short,1150,74.96,86207.95,763.43
TR008448,2025-06-26,PWR,T04,Long,1087,89.18,96941.18,-1749.14
TR008449,2025-06-26,CO2,T05,Long,1762,74.13,130618.9,-1000.15
TR008450,2025-06-26,COAL,T07,Short,950,113.99,108285.87,-674.82
TR008451,2025-06-26,COAL,T04,Long,970,113.42,110014.57,209.51
TR008452,2025-06-26,GAS,T08,Short,1475,37.62,55489.54,357.61
TR008453,2025-06-26,CO2,T02,Short,305,72.68,22168.37,276.91
TR008454,2025-06-26,COAL,T04,Short,215,116.08,24957.05,259.16
TR008455,2025-06-26,GAS,T04,Long,72,38.61,2779.65,102.86
TR008456,2025-06-26,COAL,T01,Short,1826,114.49,209056.15,-2861.88
TR008457,2025-06-27,GAS,T05,Long,202,38.61,7800.06,-63.34
TR008458,2025-06-27,COAL,T06,Long,198,121.07,23972.19,458.77
TR008459,2025-06-27,COAL,T05,Short,262,116.88,30622.19,-219.64
TR008460,2025-06-27,GAS,T05,Long,715,34.81,24890.73,-99.0
TR008461,2025-06-27,CO2,T06,Long,1361,68.22,92846.42,1083.27
TR008462,2025-06-27,PWR,T02,Long,1020,81.63,83263.49,-701.08
TR008463,2025-06-27,GAS,T03,Long,1874,39.16,73380.74,-109.02
TR008464,2025-06-27,CO2,T03,Short,1200,71.57,85884.19,110.26
TR008465,2025-06-27,COAL,T08,Short,1388,115.66,160539.59,862.26
TR008466,2025-06-27,GAS,T03,Long,525,36.62,19226.28,-14.11
TR008467,2025-06-27,CO2,T06,Short,662,72.94,48287.85,-371.55
TR008468,2025-06-27,GAS,T05,Long,1244,35.04,43594.83,264.88
TR008469,2025-06-27,GAS,T04,Long,1177,36.72,43218.7,-793.68
TR008470,2025-06-27,PWR,T05,Short,1101,86.89,95667.78,-1906.68
TR008471,2025-06-27,GAS,T04,Short,362,36.07,13058.68,-163.21
TR008472,2025-06-27,GAS,T07,Short,1267,37.58,47613.8,403.34
TR008473,2025-06-27,COAL,T01,Long,1071,116.15,124400.15,-704.2
TR008474,2025-06-27,CO2,T03,Short,1645,63.58,104591.57,2049.43
TR008475,2025-06-27,GAS,T02,Long,150,36.68,5501.87,-18.08
TR008476,2025-06-27,CO2,T04,Short,912,75.92,69237.78,730.58
TR008477,2025-06-27,COAL,T05,Long,1034,110.25,114000.66,3134.45
TR008478,2025-06-27,COAL,T01,Long,713,115.14,82097.09,-724.97
TR008479,2025-06-27,COAL,T01,Long,1696,116.87,198217.23,1816.29
TR008480,2025-06-27,PWR,T01,Short,1905,72.32,137770.06,-996.6
TR008481,2025-06-27,GAS,T04,Long,1481,39.51,58519.26,-746.15
TR008482,2025-06-27,PWR,T02,Short,324,85.16,27591.71,-67.92
TR008483,2025-06-27,GAS,T07,Short,1268,37.13,47083.83,1403.84
TR008484,2025-06-30,CO2,T01,Long,1611,71.77,115626.1,2165.68
TR008485,2025-06-30,CO2,T04,Long,1633,75.55,123372.71,2268.14
TR008486,2025-06-30,GAS,T08,Long,945,36.83,34804.94,967.56
TR008487,2025-06-30,COAL,T02,Long,1000,121.92,121918.94,911.08
TR008488,2025-06-30,GAS,T01,Short,673,36.55,24599.86,-142.99
TR008489,2025-06-30,PWR,T03,Short,1212,94.22,114192.32,-3750.08
TR008490,2025-06-30,GAS,T06,Long,657,37.78,24821.24,-203.78
TR008491,2025-06-30,PWR,T02,Long,1965,83.65,164362.95,4382.88
TR008492,2025-06-30,CO2,T06,Short,1887,71.45,134827.88,-478.42
TR008493,2025-06-30,CO2,T04,Short,1765,60.7,107142.59,-2856.53
TR008494,2025-06-30,COAL,T08,Long,521,116.88,60892.96,330.32
TR008495,2025-06-30,PWR,T02,Short,377,95.72,36085.67,-844.9
TR008496,2025-06-30,PWR,T01,Long,1169,88.64,103622.53,-1564.92
TR008497,2025-06-30,CO2,T02,Long,1711,70.64,120870.12,-1164.64
TR008498,2025-06-30,PWR,T07,Long,424,80.35,34069.95,-45.8
TR008499,2025-06-30,PWR,T03,Long,588,82.39,48447.11,-497.82
TR008500,2025-06-30,CO2,T05,Long,1351,68.9,93084.07,405.13
TR008501,2025-06-30,COAL,T02,Short,1131,114.35,129331.99,2797.93
TR008502,2025-06-30,CO2,T06,Long,1701,76.34,129857.05,4082.85
TR008503,2025-07-01,PWR,T08,Long,1069,84.92,90776.85,80.93
TR008504,2025-07-01,CO2,T02,Long,1691,69.71,117884.74,-4201.54
TR008505,2025-07-01,PWR,T06,Short,251,86.92,21817.11,371.46
TR008506,2025-07-01,CO2,T06,Short,1648,67.82,111759.88,-1705.78
TR008507,2025-07-01,CO2,T04,Short,1618,72.76,117719.64,1169.82
TR008508,2025-07-01,COAL,T08,Long,1790,114.9,205666.18,-5936.29
TR008509,2025-07-01,CO2,T06,Short,1379,72.58,100091.57,-753.1
TR008510,2025-07-01,GAS,T04,Long,1220,37.38,45599.3,-854.71
TR008511,2025-07-01,GAS,T05,Long,174,36.82,6407.39,-52.86
TR008512,2025-07-01,CO2,T01,Short,315,66.01,20792.52,97.97
TR008513,2025-07-01,CO2,T03,Short,1132,72.48,82048.67,-887.32
TR008514,2025-07-01,PWR,T02,Long,1646,85.57,140846.45,3164.9
TR008515,2025-07-01,GAS,T01,Short,803,37.38,30019.79,743.54
TR008516,2025-07-01,COAL,T01,Long,676,120.38,81376.19,1958.48
TR008517,2025-07-01,GAS,T03,Short,192,32.83,6303.39,-71.05
TR008518,2025-07-01,COAL,T05,Short,1555,128.81,200294.34,3181.01
TR008519,2025-07-01,COAL,T02,Short,1718,116.96,200932.14,-1505.43
TR008520,2025-07-01,CO2,T05,Short,1684,69.08,116327.3,-2120.28
TR008521,2025-07-01,GAS,T06,Short,792,39.77,31495.94,-365.37
TR008522,2025-07-01,COAL,T03,Short,1933,112.46,217389.42,-4259.44
TR008523,2025-07-01,CO2,T08,Long,427,77.75,33200.69,163.9
TR008524,2025-07-02,PWR,T06,Long,1873,85.06,159325.03,-1030.05
TR008525,2025-07-02,COAL,T05,Short,413,109.76,45332.71,-61.75
TR008526,2025-07-02,COAL,T07,Short,876,120.52,105578.57,-1866.68
TR008527,2025-07-02,COAL,T07,Long,537,116.52,62572.25,-89.07
TR008528,2025-07-02,COAL,T07,Short,1325,116.4,154226.3,4632.53
TR008529,2025-07-02,COAL,T03,Long,1284,113.52,145756.29,-470.24
TR008530,2025-07-02,GAS,T05,Long,821,35.46,29114.35,-422.13
TR008531,2025-07-02,PWR,T03,Long,214,93.81,20076.03,-89.61
TR008532,2025-07-02,COAL,T01,Long,1593,113.76,181217.92,-1924.04
TR008533,2025-07-02,CO2,T07,Long,1251,68.58,85794.28,-1993.73
TR008534,2025-07-02,CO2,T01,Long,62,69.95,4336.89,81.63
TR008535,2025-07-02,GAS,T03,Short,1441,36.87,53124.53,141.97
TR008536,2025-07-02,GAS,T07,Short,1202,33.99,40860.74,-264.54
TR008537,2025-07-02,GAS,T06,Long,1660,37.67,62525.4,1642.96
TR008538,2025-07-02,GAS,T06,Short,782,36.85,28820.27,161.07
TR008539,2025-07-02,CO2,T02,Short,1510,72.7,109769.62,-383.47
TR008540,2025-07-02,GAS,T04,Long,834,38.18,31841.05,-853.82
TR008541,2025-07-02,CO2,T02,Short,1917,62.76,120306.46,-1345.9
TR008542,2025-07-02,PWR,T05,Long,1038,83.73,86909.02,-2488.61
TR008543,2025-07-02,GAS,T02,Short,1302,38.71,50401.18,-254.92
TR008544,2025-07-02,CO2,T07,Long,1034,71.37,73796.22,1056.47
TR008545,2025-07-02,PWR,T07,Long,1843,85.32,157248.84,1981.13
TR008546,2025-07-03,GAS,T07,Long,353,37.55,13254.23,-56.96
TR008547,2025-07-03,GAS,T01,Long,1932,36.55,70605.85,-17.24
TR008548,2025-07-03,GAS,T02,Long,941,38.15,35901.87,-343.02
TR008549,2025-07-03,GAS,T08,Long,1458,37.21,54250.13,1034.32
TR008550,2025-07-03,PWR,T07,Long,858,90.21,77403.29,1612.22
TR008551,2025-07-03,GAS,T08,Long,1977,37.61,74353.19,-1999.27
TR008552,2025-07-03,COAL,T06,Long,1063,122.98,130732.3,-759.37
TR008553,2025-07-03,CO2,T03,Short,627,69.57,43618.07,-569.52
TR008554,2025-07-03,CO2,T02,Short,563,72.37,40743.42,-646.23
TR008555,2025-07-03,COAL,T06,Short,1099,116.38,127896.24,728.37
TR008556,2025-07-03,PWR,T05,Short,1728,87.82,151744.85,-2211.23
TR008557,2025-07-03,COAL,T06,Short,1894,119.57,226472.31,2385.26
TR008558,2025-07-03,GAS,T04,Short,738,37.0,27304.91,250.31
TR008559,2025-07-03,CO2,T05,Short,1985,62.97,124986.89,3230.91
TR008560,2025-07-03,COAL,T08,Long,1052,118.87,125055.41,-870.1
TR008561,2025-07-03,CO2,T03,Short,1934,73.95,143023.6,288.08
TR008562,2025-07-03,PWR,T01,Long,1413,103.48,146211.61,-1064.93
TR008563,2025-07-03,CO2,T07,Short,1763,76.21,134351.95,-1226.46
TR008564,2025-07-03,PWR,T06,Short,1348,94.19,126970.47,1370.88
TR008565,2025-07-03,COAL,T02,Short,822,115.21,94704.3,-1400.07
TR008566,2025-07-03,CO2,T03,Long,1677,69.81,117064.95,-4225.46
TR008567,2025-07-03,COAL,T02,Short,95,111.03,10547.53,127.18
TR008568,2025-07-04,PWR,T04,Long,700,94.25,65977.58,-84.32
TR008569,2025-07-04,GAS,T01,Short,1759,39.71,69845.73,1015.7
TR008570,2025-07-04,COAL,T07,Short,967,119.25,115314.88,-2515.95
TR008571,2025-07-04,PWR,T07,Short,1971,85.72,168949.44,1638.48
TR008572,2025-07-04,PWR,T05,Long,276,101.53,28022.87,115.09
TR008573,2025-07-04,CO2,T03,Long,719,76.71,55153.79,202.69
TR008574,2025-07-04,COAL,T02,Long,957,113.29,108415.34,1785.92
TR008575,2025-07-04,GAS,T06,Long,1818,37.75,68632.72,326.84
TR008576,2025-07-04,PWR,T08,Long,952,94.28,89758.53,543.62
TR008577,2025-07-04,COAL,T04,Long,983,110.03,108161.63,1355.08
TR008578,2025-07-04,CO2,T05,Long,645,72.54,46786.3,-331.53
TR008579,2025-07-04,CO2,T02,Long,1850,68.17,126105.47,-482.4
TR008580,2025-07-04,GAS,T08,Long,1449,35.18,50970.52,-165.28
TR008581,2025-07-04,GAS,T03,Long,1561,36.34,56719.53,-743.55
TR008582,2025-07-04,GAS,T07,Long,170,34.95,5941.58,189.12
TR008583,2025-07-04,COAL,T07,Short,540,118.91,64209.29,-454.82
TR008584,2025-07-04,COAL,T07,Short,1726,116.77,201548.18,-4133.66
TR008585,2025-07-04,CO2,T05,Long,176,70.72,12447.16,17.05
TR008586,2025-07-04,CO2,T07,Long,1781,66.44,118328.56,-1814.18
TR008587,2025-07-04,COAL,T08,Long,399,112.82,45015.48,465.35
TR008588,2025-07-04,PWR,T02,Long,1292,90.83,117347.13,-483.16
TR008589,2025-07-07,CO2,T08,Short,1462,72.5,105995.17,501.37
TR008590,2025-07-07,GAS,T05,Long,449,37.31,16752.16,-8.65
TR008591,2025-07-07,PWR,T04,Short,546,89.52,48878.65,-560.91
TR008592,2025-07-07,PWR,T02,Short,641,90.98,58317.68,-962.18
TR008593,2025-07-07,CO2,T02,Short,1414,72.6,102662.71,-1864.73
TR008594,2025-07-07,PWR,T06,Long,1953,97.89,191170.07,1533.49
TR008595,2025-07-07,GAS,T03,Long,1185,37.0,43842.63,-1474.61
TR008596,2025-07-07,CO2,T01,Short,79,71.12,5618.79,-47.14
TR008597,2025-07-07,GAS,T06,Long,351,34.21,12007.24,-21.54
TR008598,2025-07-07,PWR,T04,Short,1982,99.02,196260.54,762.86
TR008599,2025-07-07,PWR,T03,Short,659,90.66,59747.12,-387.58
TR008600,2025-07-07,COAL,T06,Short,1554,117.51,182605.86,599.24
TR008601,2025-07-07,CO2,T07,Long,737,74.05,54571.67,-80.61
TR008602,2025-07-07,COAL,T06,Long,676,113.59,76789.0,-814.62
TR008603,2025-07-07,CO2,T05,Long,408,69.7,28436.58,533.02
TR008604,2025-07-08,CO2,T03,Short,425,70.54,29980.27,273.4
TR008605,2025-07-08,CO2,T05,Short,101,72.39,7310.89,25.36
TR008606,2025-07-08,COAL,T05,Short,630,115.65,72857.39,-1843.43
TR008607,2025-07-08,COAL,T04,Short,242,111.86,27069.25,341.75
TR008608,2025-07-08,GAS,T07,Long,1821,37.59,68449.21,1881.16
TR008609,2025-07-08,COAL,T07,Long,1956,110.55,216232.5,3804.9
TR008610,2025-07-08,PWR,T03,Long,121,92.2,11156.11,-175.63
TR008611,2025-07-08,CO2,T07,Short,1774,70.62,125283.77,2230.04
TR008612,2025-07-08,GAS,T06,Long,1642,37.31,61267.22,458.22
TR008613,2025-07-08,CO2,T05,Long,927,69.38,64312.86,-1438.41
TR008614,2025-07-08,GAS,T07,Short,1131,39.31,44457.46,-355.22
TR008615,2025-07-08,COAL,T04,Short,1007,119.13,119959.33,-3097.61
TR008616,2025-07-08,CO2,T06,Long,707,69.89,49411.03,-857.71
TR008617,2025-07-08,PWR,T03,Short,635,89.38,56758.19,661.5
TR008618,2025-07-08,PWR,T05,Long,433,92.43,40023.29,380.74
TR008619,2025-07-09,CO2,T03,Short,1924,67.58,130024.54,-956.8
TR008620,2025-07-09,PWR,T02,Long,831,88.07,73189.83,1110.36
TR008621,2025-07-09,PWR,T06,Short,1104,94.16,103957.81,-1425.7
TR008622,2025-07-09,GAS,T03,Long,569,36.53,20782.87,304.09
TR008623,2025-07-09,GAS,T02,Short,111,37.26,4135.6,12.21
TR008624,2025-07-09,GAS,T04,Long,640,36.81,23558.5,230.92
TR008625,2025-07-09,PWR,T06,Long,882,86.65,76423.15,-738.07
TR008626,2025-07-09,PWR,T04,Short,1671,88.91,148570.72,1187.86
TR008627,2025-07-09,GAS,T03,Short,1499,37.94,56870.42,464.76
TR008628,2025-07-09,GAS,T05,Short,263,38.55,10139.69,144.82
TR008629,2025-07-09,GAS,T02,Short,624,35.51,22160.1,-455.99
TR008630,2025-07-09,PWR,T04,Long,1883,96.44,181597.52,-1503.4
TR008631,2025-07-09,PWR,T02,Short,873,84.57,73832.23,-942.57
TR008632,2025-07-09,PWR,T05,Long,1471,91.81,135051.21,550.87
TR008633,2025-07-09,GAS,T05,Short,1306,36.79,48049.89,-53.73
TR008634,2025-07-09,PWR,T02,Long,1810,100.65,182177.81,-6310.64
TR008635,2025-07-10,PWR,T04,Short,546,83.99,45857.12,-448.94
TR008636,2025-07-10,GAS,T03,Long,1555,34.91,54279.3,252.6
TR008637,2025-07-10,CO2,T08,Long,1111,70.91,78780.02,-576.96
TR008638,2025-07-10,GAS,T03,Short,496,39.49,19585.73,152.12
TR008639,2025-07-10,COAL,T01,Short,936,118.82,111218.5,-1429.96
TR008640,2025-07-10,PWR,T04,Short,1336,86.84,116012.33,-354.42
TR008641,2025-07-10,COAL,T07,Long,1162,110.7,128633.93,1890.78
TR008642,2025-07-10,GAS,T03,Long,1545,37.93,58607.58,1222.08
TR008643,2025-07-10,GAS,T04,Long,1597,38.68,61765.19,-1100.17
TR008644,2025-07-10,CO2,T04,Long,1530,77.25,118198.91,-563.68
TR008645,2025-07-10,CO2,T01,Long,1746,68.53,119652.76,3720.0
TR008646,2025-07-10,CO2,T06,Long,1584,68.85,109056.15,-182.82
TR008647,2025-07-10,CO2,T01,Short,1182,74.43,87981.82,528.03
TR008648,2025-07-10,PWR,T01,Long,758,87.8,66555.77,2077.37
TR008649,2025-07-10,COAL,T04,Short,1219,116.23,141681.57,-1112.7
TR008650,2025-07-10,CO2,T05,Long,360,64.91,23367.75,79.63
TR008651,2025-07-10,PWR,T02,Short,329,87.36,28740.45,125.59
TR008652,2025-07-10,COAL,T05,Short,1458,118.07,172152.59,-6577.7
TR008653,2025-07-10,PWR,T06,Long,1204,84.67,101945.22,-878.55
TR008654,2025-07-10,PWR,T04,Short,1545,102.5,158365.09,-771.33
TR008655,2025-07-10,COAL,T05,Short,1668,125.21,208847.56,3521.58
TR008656,2025-07-10,PWR,T06,Long,1850,100.89,186640.16,-3715.65
TR008657,2025-07-11,COAL,T02,Long,1221,118.21,144335.83,-5525.84
TR008658,2025-07-11,GAS,T08,Long,356,39.09,13916.21,-71.26
TR008659,2025-07-11,COAL,T05,Short,1474,117.22,172777.83,-2371.09
TR008660,2025-07-11,COAL,T05,Long,1233,112.35,138522.57,1130.79
TR008661,2025-07-11,COAL,T03,Long,142,122.12,17341.0,214.5
TR008662,2025-07-11,CO2,T04,Long,1966,68.39,134460.55,1625.9
TR008663,2025-07-11,COAL,T05,Short,1157,110.64,128014.89,101.7
TR008664,2025-07-11,CO2,T04,Short,355,70.94,25185.27,-345.18
TR008665,2025-07-11,GAS,T01,Long,902,37.52,33845.84,1025.09
TR008666,2025-07-11,PWR,T05,Short,456,93.22,42508.88,325.37
TR008667,2025-07-11,CO2,T05,Long,1441,70.85,102092.16,-206.84
TR008668,2025-07-11,COAL,T04,Long,1677,113.16,189770.55,-2227.96
TR008669,2025-07-11,PWR,T04,Short,168,88.14,14807.59,-121.28
TR008670,2025-07-11,COAL,T03,Short,1655,116.9,193470.67,-275.64
TR008671,2025-07-11,GAS,T03,Short,153,36.0,5508.05,158.33
TR008672,2025-07-11,CO2,T04,Short,714,75.44,53860.93,-308.8
TR008673,2025-07-11,COAL,T02,Short,1440,113.62,163615.33,2713.71
TR008674,2025-07-11,CO2,T04,Short,177,67.87,12013.07,136.0
TR008675,2025-07-11,CO2,T06,Long,1055,71.67,75614.19,437.33
TR008676,2025-07-11,CO2,T05,Long,120,73.91,8869.61,-119.16
TR008677,2025-07-11,PWR,T01,Long,1380,88.35,121920.84,385.79
TR008678,2025-07-11,COAL,T04,Long,1100,115.35,126880.98,2389.57
TR008679,2025-07-11,GAS,T01,Long,551,35.47,19545.06,200.59
TR008680,2025-07-11,PWR,T06,Long,1610,93.51,150556.61,-2394.84
TR008681,2025-07-11,CO2,T08,Short,796,69.27,55141.52,-5.73
TR008682,2025-07-11,CO2,T01,Short,1135,63.89,72515.51,-891.46
TR008683,2025-07-14,CO2,T01,Long,1741,72.79,126722.19,2313.1
TR008684,2025-07-14,GAS,T06,Short,1638,39.63,64913.84,325.23
TR008685,2025-07-14,COAL,T03,Long,1062,117.93,125246.69,761.79
TR008686,2025-07-14,GAS,T01,Long,1098,36.24,39794.23,-77.16
TR008687,2025-07-14,COAL,T05,Short,676,117.66,79538.78,826.29
TR008688,2025-07-14,COAL,T06,Long,1114,114.73,127807.73,-226.99
TR008689,2025-07-14,PWR,T02,Long,1199,103.38,123957.56,1491.48
TR008690,2025-07-14,COAL,T06,Long,1584,113.66,180041.39,1791.68
TR008691,2025-07-14,GAS,T04,Long,1215,37.74,45860.17,-1315.3
TR008692,2025-07-14,COAL,T06,Long,1451,114.77,166529.01,40.0
TR008693,2025-07-14,GAS,T06,Long,1690,37.93,64101.27,-411.07
TR008694,2025-07-14,PWR,T08,Long,286,88.38,25275.65,257.26
TR008695,2025-07-14,CO2,T04,Short,1668,68.61,114442.83,687.34
TR008696,2025-07-14,PWR,T02,Short,761,82.94,63119.54,1021.44
TR008697,2025-07-14,GAS,T01,Long,494,38.18,18859.77,-271.39
TR008698,2025-07-14,COAL,T04,Long,1802,115.43,208010.37,-4460.06
TR008699,2025-07-14,PWR,T03,Long,463,98.04,45392.89,498.09
TR008700,2025-07-14,GAS,T05,Long,316,39.05,12339.55,-207.91
TR008701,2025-07-14,COAL,T04,Long,662,117.68,77905.51,712.5
TR008702,2025-07-14,GAS,T06,Short,974,39.86,38822.42,-362.14
TR008703,2025-07-14,PWR,T05,Short,164,85.71,14056.25,227.18
TR008704,2025-07-14,PWR,T05,Short,1287,80.96,104199.84,393.12
TR008705,2025-07-14,CO2,T08,Short,673,75.06,50515.07,957.94
TR008706,2025-07-14,COAL,T02,Short,148,120.98,17905.45,-635.92
TR008707,2025-07-14,GAS,T05,Long,1679,37.99,63783.89,96.93
TR008708,2025-07-14,GAS,T05,Short,785,37.35,29316.52,-627.1
TR008709,2025-07-15,CO2,T04,Short,1103,73.96,81582.46,291.79
TR008710,2025-07-15,CO2,T02,Short,656,69.93,45874.69,586.62
TR008711,2025-07-15,CO2,T04,Short,305,74.66,22770.47,-81.08
TR008712,2025-07-15,GAS,T05,Short,483,39.02,18845.51,243.16
TR008713,2025-07-15,COAL,T06,Short,1171,122.32,143232.31,-1825.39
TR008714,2025-07-15,GAS,T01,Short,247,35.7,8817.07,-130.27
TR008715,2025-07-15,GAS,T05,Short,836,37.52,31365.81,-37.1
TR008716,2025-07-15,PWR,T01,Long,177,104.52,18499.5,90.75
TR008717,2025-07-15,COAL,T02,Long,1381,112.76,155727.81,-152.57
TR008718,2025-07-15,COAL,T04,Long,260,110.91,28835.61,-608.29
TR008719,2025-07-15,CO2,T06,Long,449,71.58,32138.74,-648.83
TR008720,2025-07-15,CO2,T02,Long,1213,77.35,93822.87,-1495.49
TR008721,2025-07-15,GAS,T03,Short,1522,38.64,58816.04,1330.37
TR008722,2025-07-15,COAL,T05,Long,195,113.86,22201.74,-259.0
TR008723,2025-07-15,COAL,T08,Short,312,119.02,37134.4,261.22
TR008724,2025-07-15,GAS,T01,Short,1605,38.42,61661.83,-748.16
TR008725,2025-07-15,PWR,T02,Long,365,91.91,33548.3,-542.24
TR008726,2025-07-15,CO2,T01,Long,1290,67.51,87088.61,457.32
TR008727,2025-07-15,GAS,T08,Long,1168,39.47,46103.74,93.99
TR008728,2025-07-15,CO2,T07,Short,1407,66.88,94101.25,145.01
TR008729,2025-07-15,CO2,T05,Short,116,69.14,8020.78,71.78
TR008730,2025-07-15,GAS,T01,Long,1118,36.74,41078.39,-194.97
TR008731,2025-07-15,CO2,T02,Short,466,70.0,32619.32,248.22
TR008732,2025-07-16,PWR,T02,Long,891,85.27,75974.79,435.31
TR008733,2025-07-16,GAS,T05,Long,539,38.15,20565.53,143.16
TR008734,2025-07-16,GAS,T05,Short,166,37.84,6281.83,-59.38
TR008735,2025-07-16,CO2,T05,Short,790,68.03,53743.95,477.54
TR008736,2025-07-16,COAL,T02,Long,120,117.53,14103.56,292.22
TR008737,2025-07-16,COAL,T02,Short,1985,116.22,230701.94,2013.01
TR008738,2025-07-16,COAL,T08,Short,1297,118.59,153810.2,-278.75
TR008739,2025-07-16,PWR,T03,Short,230,91.16,20966.56,313.25
TR008740,2025-07-16,CO2,T06,Long,577,70.91,40916.05,-134.32
TR008741,2025-07-16,COAL,T01,Short,920,122.51,112712.6,-1353.58
TR008742,2025-07-16,GAS,T07,Long,415,36.8,15270.97,-27.46
TR008743,2025-07-16,CO2,T03,Short,1304,66.13,86229.0,-362.89
TR008744,2025-07-16,COAL,T05,Short,1545,118.14,182518.88,-3869.95
TR008745,2025-07-16,GAS,T01,Short,1249,37.58,46941.09,-847.42
TR008746,2025-07-16,PWR,T02,Long,1907,95.27,181673.61,-4448.62
TR008747,2025-07-16,CO2,T03,Short,1461,66.87,97703.2,1888.41
TR008748,2025-07-16,PWR,T05,Long,742,89.86,66678.41,841.77
TR008749,2025-07-17,CO2,T08,Long,1161,73.13,84905.11,278.49
TR008750,2025-07-17,PWR,T04,Short,1068,83.42,89095.84,-251.76
TR008751,2025-07-17,PWR,T01,Short,1809,94.68,171269.24,4093.8
TR008752,2025-07-17,GAS,T01,Short,1468,37.71,55357.32,331.04
TR008753,2025-07-17,COAL,T08,Long,951,122.71,116701.02,-308.78
TR008754,2025-07-17,COAL,T03,Long,677,113.53,76856.93,-983.73
TR008755,2025-07-17,PWR,T02,Long,53,94.77,5022.62,21.48
TR008756,2025-07-17,PWR,T06,Long,1845,91.6,169010.17,-2023.33
TR008757,2025-07-17,PWR,T07,Short,138,91.49,12625.56,108.26
TR008758,2025-07-17,CO2,T08,Long,881,71.06,62600.11,-1051.47
TR008759,2025-07-17,PWR,T01,Long,682,77.54,52883.64,537.86
TR008760,2025-07-17,COAL,T07,Long,1441,108.68,156610.36,855.25
TR008761,2025-07-17,GAS,T02,Long,762,34.98,26654.1,730.67
TR008762,2025-07-17,PWR,T08,Short,1247,86.63,108029.82,-656.83
TR008763,2025-07-17,COAL,T05,Short,1478,113.45,167680.57,1902.89
TR008764,2025-07-17,PWR,T06,Long,1781,84.03,149664.75,-2145.96
TR008765,2025-07-17,PWR,T03,Short,1881,89.95,169202.25,3357.38
TR008766,2025-07-17,CO2,T07,Short,1278,67.38,86106.48,809.31
TR008767,2025-07-17,PWR,T08,Short,1864,86.38,161014.43,1207.46
TR008768,2025-07-17,CO2,T03,Long,587,64.3,37744.26,100.43
TR008769,2025-07-17,COAL,T05,Long,1962,115.35,226321.62,1702.19
TR008770,2025-07-17,COAL,T06,Short,1642,110.19,180926.82,1996.98
TR008771,2025-07-18,COAL,T06,Long,1294,119.86,155101.31,3505.72
TR008772,2025-07-18,CO2,T04,Long,1313,75.21,98751.51,-231.06
TR008773,2025-07-18,COAL,T05,Long,451,120.99,54567.07,-56.3
TR008774,2025-07-18,GAS,T07,Long,1601,38.86,62207.15,-1233.79
TR008775,2025-07-18,PWR,T08,Long,684,87.61,59924.19,2365.46
TR008776,2025-07-18,COAL,T06,Short,213,111.47,23742.79,-524.34
TR008777,2025-07-18,CO2,T03,Long,896,66.17,59288.87,-1841.33
TR008778,2025-07-18,GAS,T01,Long,1500,39.15,58728.79,1344.72
TR008779,2025-07-18,COAL,T03,Long,1506,117.81,177415.33,402.1
TR008780,2025-07-18,COAL,T08,Long,1605,109.55,175831.58,-22.14
TR008781,2025-07-18,COAL,T01,Short,1448,121.31,175653.74,-691.8
TR008782,2025-07-18,GAS,T08,Long,1332,37.4,49817.72,28.1
TR008783,2025-07-18,CO2,T04,Short,1332,74.83,99674.74,-1417.39
TR008784,2025-07-18,GAS,T04,Long,1663,39.08,64997.11,848.51
TR008785,2025-07-18,GAS,T08,Long,1325,35.43,46942.92,-449.06
TR008786,2025-07-18,COAL,T03,Short,1840,119.17,219263.61,-101.94
TR008787,2025-07-18,GAS,T08,Short,346,37.24,12885.35,-134.98
TR008788,2025-07-18,COAL,T04,Long,1219,117.26,142945.78,1093.82
TR008789,2025-07-21,CO2,T08,Short,1956,72.71,142211.54,1296.51
TR008790,2025-07-21,GAS,T08,Long,334,35.9,11992.2,57.7
TR008791,2025-07-21,COAL,T05,Long,298,112.46,33514.04,559.33
TR008792,2025-07-21,CO2,T03,Long,580,76.7,44486.5,-181.55
TR008793,2025-07-21,PWR,T08,Short,277,87.91,24350.28,230.47
TR008794,2025-07-21,CO2,T01,Long,1183,68.08,80536.93,1265.49
TR008795,2025-07-21,PWR,T05,Long,96,84.79,8139.47,-7.48
TR008796,2025-07-21,GAS,T05,Long,1687,36.56,61677.45,-775.05
TR008797,2025-07-21,COAL,T03,Long,1355,117.52,159237.81,2119.43
TR008798,2025-07-21,COAL,T02,Short,779,115.94,90317.72,1200.7
TR008799,2025-07-21,COAL,T06,Short,1561,116.86,182423.99,-502.52
TR008800,2025-07-21,GAS,T02,Long,1942,35.88,69688.19,-429.51
TR008801,2025-07-21,PWR,T01,Long,1928,81.72,157550.15,-253.21
TR008802,2025-07-21,GAS,T03,Short,826,34.52,28517.29,-507.55
TR008803,2025-07-21,PWR,T07,Short,1635,95.63,156353.6,-2013.88
TR008804,2025-07-21,PWR,T04,Long,1462,96.1,140501.41,2265.11
TR008805,2025-07-21,COAL,T07,Long,303,116.0,35149.46,-272.64
TR008806,2025-07-21,CO2,T07,Short,125,66.63,8328.6,259.55
TR008807,2025-07-21,PWR,T07,Long,1089,93.4,101715.9,-1466.6
TR008808,2025-07-21,COAL,T03,Short,1517,116.16,176215.64,-3066.2
TR008809,2025-07-21,CO2,T06,Short,1862,68.03,126680.71,797.88
TR008810,2025-07-21,COAL,T06,Long,393,124.9,49084.03,486.81
TR008811,2025-07-21,GAS,T03,Short,214,38.42,8222.25,-37.5
TR008812,2025-07-21,CO2,T04,Short,604,72.38,43714.89,-222.51
TR008813,2025-07-21,COAL,T08,Long,591,113.5,67081.11,1640.35
TR008814,2025-07-21,PWR,T05,Short,1665,94.86,157948.62,-1076.0
TR008815,2025-07-21,CO2,T06,Short,692,73.96,51180.17,1125.38
TR008816,2025-07-22,COAL,T04,Long,1412,122.32,172710.76,-380.92
TR008817,2025-07-22,COAL,T02,Short,1527,118.81,181425.71,-1549.12
TR008818,2025-07-22,GAS,T03,Short,439,38.41,16862.46,38.92
TR008819,2025-07-22,COAL,T01,Short,1701,110.93,188685.03,-2356.59
TR008820,2025-07-22,COAL,T07,Long,337,111.66,37630.55,578.85
TR008821,2025-07-22,PWR,T01,Long,602,89.23,53713.84,-553.34
TR008822,2025-07-22,COAL,T02,Long,1444,113.01,163185.78,1507.38
TR008823,2025-07-22,CO2,T01,Short,657,62.46,41038.3,99.93
TR008824,2025-07-22,GAS,T03,Short,292,36.84,10758.29,-154.84
TR008825,2025-07-22,PWR,T03,Short,1504,85.52,128627.16,32.64
TR008826,2025-07-22,GAS,T02,Short,362,37.07,13419.51,-134.32
TR008827,2025-07-22,GAS,T08,Short,924,38.35,35433.62,-805.79
TR008828,2025-07-22,CO2,T06,Long,709,74.82,53046.08,89.78
TR008829,2025-07-22,CO2,T08,Short,1929,64.1,123652.22,4140.64
TR008830,2025-07-22,PWR,T05,Short,469,97.79,45863.78,-294.43
TR008831,2025-07-22,PWR,T02,Long,381,103.88,39576.9,-97.85
TR008832,2025-07-22,CO2,T04,Short,707,66.4,46947.27,-56.64
TR008833,2025-07-22,GAS,T07,Long,305,35.0,10676.02,51.3
TR008834,2025-07-22,PWR,T08,Long,769,78.01,59992.86,-1914.05
TR008835,2025-07-22,PWR,T06,Long,942,92.26,86913.22,920.89
TR008836,2025-07-22,CO2,T04,Long,462,73.78,34085.6,97.07
TR008837,2025-07-22,COAL,T06,Long,1961,114.43,224393.22,-3211.35
TR008838,2025-07-22,PWR,T04,Short,1153,88.39,101918.6,758.63
TR008839,2025-07-22,CO2,T01,Short,1258,74.62,93873.36,-971.7
TR008840,2025-07-22,CO2,T03,Short,924,76.06,70281.14,-1756.01
TR008841,2025-07-22,GAS,T03,Short,575,38.91,22374.89,-179.78
TR008842,2025-07-23,CO2,T06,Short,817,70.63,57707.16,-646.36
TR008843,2025-07-23,CO2,T03,Long,179,72.94,13056.32,130.26
TR008844,2025-07-23,COAL,T02,Long,1372,112.98,155003.26,1192.56
TR008845,2025-07-23,COAL,T02,Short,435,108.33,47123.11,-745.92
TR008846,2025-07-23,GAS,T05,Long,1249,36.38,45438.47,-158.63
TR008847,2025-07-23,PWR,T03,Long,289,101.09,29215.03,347.65
TR008848,2025-07-23,GAS,T04,Long,1969,39.56,77902.02,344.16
TR008849,2025-07-23,COAL,T03,Long,1394,112.83,157288.39,1544.18
TR008850,2025-07-23,GAS,T05,Long,69,36.51,2519.5,-36.95
TR008851,2025-07-23,COAL,T08,Short,1352,113.59,153573.29,2102.99
TR008852,2025-07-23,PWR,T07,Long,1162,91.65,106498.2,-1758.08
TR008853,2025-07-23,CO2,T07,Long,1929,70.47,135933.07,2471.54
TR008854,2025-07-23,GAS,T04,Short,1527,37.29,56945.13,-704.54
TR008855,2025-07-23,CO2,T04,Short,1039,72.75,75583.22,78.79
TR008856,2025-07-23,GAS,T01,Long,1784,36.97,65949.67,31.46
TR008857,2025-07-23,COAL,T08,Long,1595,112.82,179948.21,1333.51
TR008858,2025-07-23,COAL,T05,Short,161,110.18,17739.66,-13.87
TR008859,2025-07-23,CO2,T04,Long,318,76.77,24411.8,-234.02
TR008860,2025-07-23,GAS,T06,Long,1213,35.9,43544.68,-550.0
TR008861,2025-07-23,COAL,T02,Long,734,118.77,87174.75,-389.48
TR008862,2025-07-23,COAL,T04,Long,716,116.93,83718.69,-565.47
TR008863,2025-07-23,PWR,T06,Long,269,86.77,23340.55,34.3
TR008864,2025-07-23,PWR,T02,Short,359,91.4,32812.86,-295.01
TR008865,2025-07-23,COAL,T03,Long,702,110.92,77864.88,105.95
TR008866,2025-07-23,COAL,T03,Long,285,115.17,32823.0,321.36
TR008867,2025-07-23,COAL,T06,Short,1108,120.51,133526.84,1052.74
TR008868,2025-07-23,PWR,T04,Short,772,95.0,73340.59,394.6
TR008869,2025-07-23,PWR,T07,Short,652,84.9,55357.41,-545.62
TR008870,2025-07-24,GAS,T06,Short,795,34.85,27706.4,186.45
TR008871,2025-07-24,COAL,T01,Long,111,111.41,12366.57,64.01
TR008872,2025-07-24,PWR,T05,Long,828,97.05,80355.98,-934.17
TR008873,2025-07-24,GAS,T08,Short,631,35.67,22508.93,-455.68
TR008874,2025-07-24,COAL,T05,Long,1893,119.56,226334.59,4480.88
TR008875,2025-07-24,GAS,T01,Short,776,40.07,31095.69,441.56
TR008876,2025-07-24,PWR,T07,Short,1392,80.36,111864.06,-3370.71
TR008877,2025-07-24,COAL,T06,Short,1525,116.0,176906.12,-2610.32
TR008878,2025-07-24,CO2,T08,Short,63,72.1,4542.01,22.81
TR008879,2025-07-24,GAS,T04,Short,1951,36.57,71348.8,-341.28
TR008880,2025-07-24,COAL,T02,Long,423,120.7,51058.13,418.33
TR008881,2025-07-24,COAL,T05,Long,508,117.76,59821.53,677.29
TR008882,2025-07-24,PWR,T03,Long,704,82.41,58014.94,721.75
TR008883,2025-07-24,COAL,T07,Long,1778,114.38,203367.21,-3500.24
TR008884,2025-07-24,PWR,T05,Long,828,87.55,72489.15,737.24
TR008885,2025-07-24,PWR,T05,Long,1299,86.89,112866.37,1939.85
TR008886,2025-07-24,GAS,T08,Long,1837,35.95,66040.68,523.79
TR008887,2025-07-24,PWR,T01,Long,441,93.92,41420.58,-308.55
TR008888,2025-07-24,COAL,T07,Short,1225,118.45,145105.99,4327.56
TR008889,2025-07-24,PWR,T07,Long,200,89.66,17931.12,-489.15
TR008890,2025-07-24,COAL,T02,Long,427,113.8,48593.99,-179.37
TR008891,2025-07-24,PWR,T03,Short,156,90.74,14155.57,423.47
TR008892,2025-07-25,COAL,T03,Long,57,117.55,6700.51,-115.17
TR008893,2025-07-25,CO2,T07,Short,1688,74.26,125342.84,-871.09
TR008894,2025-07-25,PWR,T08,Long,1165,98.54,114795.47,-2313.95
TR008895,2025-07-25,GAS,T06,Short,1311,37.62,49322.37,216.89
TR008896,2025-07-25,GAS,T06,Long,446,37.62,16777.65,-23.13
TR008897,2025-07-25,CO2,T04,Short,1594,67.91,108250.08,1562.94
TR008898,2025-07-25,GAS,T04,Short,1033,38.19,39448.58,149.91
TR008899,2025-07-25,PWR,T01,Short,761,87.38,66493.79,-1150.2
TR008900,2025-07-25,GAS,T01,Short,1918,34.09,65381.43,-108.56
TR008901,2025-07-25,GAS,T04,Short,410,37.1,15212.15,-453.89
TR008902,2025-07-25,CO2,T01,Long,149,69.06,10290.21,-347.23
TR008903,2025-07-25,CO2,T01,Short,289,75.24,21744.82,-18.58
TR008904,2025-07-25,CO2,T03,Long,1197,70.0,83792.76,1436.58
TR008905,2025-07-25,PWR,T02,Short,1060,104.58,110854.05,138.25
TR008906,2025-07-25,GAS,T07,Short,1885,35.62,67148.28,1401.51
TR008907,2025-07-25,COAL,T04,Long,1358,116.03,157566.98,-1032.85
TR008908,2025-07-25,CO2,T03,Long,1213,70.81,85895.89,1163.18
TR008909,2025-07-25,GAS,T02,Long,694,37.62,26108.8,243.01
TR008910,2025-07-25,GAS,T02,Long,1767,36.59,64662.25,-134.01
TR008911,2025-07-25,CO2,T01,Long,454,72.56,32942.66,-231.83
TR008912,2025-07-25,COAL,T07,Short,641,124.43,79759.29,483.2
TR008913,2025-07-25,CO2,T08,Long,1449,67.46,97748.97,-371.01
TR008914,2025-07-25,CO2,T04,Long,1495,68.75,102779.73,-1625.67
TR008915,2025-07-25,GAS,T06,Short,1139,38.6,43960.69,1031.4
TR008916,2025-07-28,COAL,T03,Short,560,121.57,68078.87,-40.41
TR008917,2025-07-28,COAL,T02,Long,145,117.49,17035.38,-54.98
TR008918,2025-07-28,COAL,T03,Short,247,111.11,27445.05,-253.3
TR008919,2025-07-28,GAS,T01,Long,108,42.47,4586.78,-23.47
TR008920,2025-07-28,PWR,T04,Long,1236,97.83,120915.07,716.07
TR008921,2025-07-28,PWR,T03,Short,1648,91.27,150415.9,-1254.88
TR008922,2025-07-28,PWR,T06,Long,479,90.9,43540.17,-447.18
TR008923,2025-07-28,COAL,T05,Short,457,121.08,55332.13,-40.82
TR008924,2025-07-28,COAL,T04,Short,989,118.42,117119.56,-311.75
TR008925,2025-07-28,GAS,T05,Long,1598,36.33,58059.06,-657.26
TR008926,2025-07-28,CO2,T06,Long,894,68.39,61137.07,1928.14
TR008927,2025-07-28,CO2,T04,Long,1509,74.81,112884.82,55.71
TR008928,2025-07-28,COAL,T07,Long,1807,113.41,204923.56,3476.2
TR008929,2025-07-28,GAS,T07,Short,398,38.82,15449.34,-137.17
TR008930,2025-07-28,CO2,T04,Short,1236,65.01,80352.4,382.99
TR008931,2025-07-28,PWR,T06,Long,1734,86.03,149173.33,1526.71
TR008932,2025-07-28,GAS,T07,Long,1101,36.06,39700.32,-260.92
TR008933,2025-07-28,PWR,T03,Long,184,91.89,16907.06,441.7
TR008934,2025-07-28,GAS,T08,Long,1393,38.71,53924.71,-2145.32
TR008935,2025-07-28,PWR,T01,Long,1393,94.33,131404.58,2455.82
TR008936,2025-07-28,COAL,T01,Long,1502,112.48,168951.74,5560.86
TR008937,2025-07-28,CO2,T06,Long,1512,69.41,104955.41,562.62
TR008938,2025-07-28,COAL,T03,Short,388,128.24,49755.88,518.05
TR008939,2025-07-28,CO2,T05,Short,369,69.08,25489.34,635.82
TR008940,2025-07-28,CO2,T04,Short,486,72.5,35236.14,245.24
TR008941,2025-07-29,PWR,T02,Short,1253,89.19,111757.47,-221.69
TR008942,2025-07-29,COAL,T07,Short,1058,114.01,120626.32,-2086.32
TR008943,2025-07-29,PWR,T06,Long,748,93.83,70182.42,54.02
TR008944,2025-07-29,GAS,T08,Long,1933,35.23,68103.93,-1414.62
TR008945,2025-07-29,COAL,T05,Long,1814,110.25,199987.13,7041.75
TR008946,2025-07-29,CO2,T07,Long,392,69.27,27155.55,-326.5
TR008947,2025-07-29,COAL,T03,Long,957,118.84,113725.42,-15.7
TR008948,2025-07-29,GAS,T05,Long,369,37.16,13713.75,-195.63
TR008949,2025-07-29,GAS,T01,Long,758,33.64,25499.03,199.51
TR008950,2025-07-29,PWR,T08,Short,764,71.38,54537.47,-961.44
TR008951,2025-07-29,CO2,T08,Short,240,76.76,18422.45,-47.71
TR008952,2025-07-29,COAL,T06,Short,477,115.86,55267.51,-949.0
TR008953,2025-07-29,COAL,T08,Long,1322,114.31,151120.2,-1923.0
TR008954,2025-07-29,CO2,T08,Short,1546,70.44,108901.98,-800.32
TR008955,2025-07-29,COAL,T03,Short,1563,117.39,183480.18,4019.26
TR008956,2025-07-29,COAL,T06,Long,641,116.83,74887.15,-690.24
TR008957,2025-07-29,COAL,T06,Short,1833,107.86,197713.95,-2319.0
TR008958,2025-07-29,CO2,T03,Short,1526,69.09,105430.33,-2703.25
TR008959,2025-07-29,GAS,T08,Long,1742,38.4,66889.69,1128.12
TR008960,2025-07-29,PWR,T06,Short,54,101.23,5466.67,-63.63
TR008961,2025-07-29,PWR,T02,Short,1224,98.29,120310.6,-643.47
TR008962,2025-07-29,PWR,T04,Short,1166,93.42,108926.35,1016.65
TR008963,2025-07-29,COAL,T03,Long,316,112.43,35528.8,-30.49
TR008964,2025-07-30,CO2,T06,Long,1076,68.53,73737.52,-591.02
TR008965,2025-07-30,PWR,T08,Long,1426,91.16,129996.52,1569.49
TR008966,2025-07-30,CO2,T01,Long,912,65.21,59475.7,-298.68
TR008967,2025-07-30,GAS,T01,Short,1028,39.81,40923.62,-810.69
TR008968,2025-07-30,CO2,T07,Long,1846,69.76,128784.85,-3142.44
TR008969,2025-07-30,CO2,T07,Long,752,72.87,54796.05,10.98
TR008970,2025-07-30,COAL,T08,Short,578,116.44,67304.04,-181.93
TR008971,2025-07-30,PWR,T02,Long,1931,98.95,191068.88,3181.55
TR008972,2025-07-30,CO2,T01,Short,328,74.07,24294.08,488.02
TR008973,2025-07-30,CO2,T04,Short,1830,71.9,131578.85,-2404.8
TR008974,2025-07-30,PWR,T04,Short,111,81.6,9057.71,151.84
TR008975,2025-07-30,PWR,T02,Long,241,98.95,23846.48,-73.2
TR008976,2025-07-30,PWR,T07,Long,1340,79.21,106136.05,2580.36
TR008977,2025-07-30,PWR,T04,Long,867,100.71,87315.49,619.32
TR008978,2025-07-30,COAL,T07,Long,567,113.51,64357.98,8.94
TR008979,2025-07-30,GAS,T07,Long,1986,38.8,77057.31,330.14
TR008980,2025-07-30,CO2,T05,Short,1440,65.63,94512.72,1065.65
TR008981,2025-07-30,COAL,T02,Long,620,114.17,70784.68,801.4
TR008982,2025-07-30,CO2,T06,Short,1678,72.12,121015.99,-2652.18
TR008983,2025-07-30,CO2,T03,Long,74,64.95,4806.6,-58.0
TR008984,2025-07-30,CO2,T06,Long,202,66.88,13509.99,-24.93
TR008985,2025-07-30,CO2,T05,Long,1511,76.28,115260.25,-2195.87
TR008986,2025-07-30,CO2,T01,Long,220,73.59,16189.7,434.68
TR008987,2025-07-31,GAS,T02,Long,607,40.45,24552.42,-48.67
TR008988,2025-07-31,CO2,T07,Long,1963,73.23,143740.86,500.82
TR008989,2025-07-31,PWR,T01,Long,1476,89.02,131387.06,-1246.17
TR008990,2025-07-31,PWR,T06,Long,1493,87.33,130377.53,-574.22
TR008991,2025-07-31,GAS,T01,Short,1102,38.8,42756.39,226.72
TR008992,2025-07-31,CO2,T08,Long,1547,68.41,105831.0,1352.03
TR008993,2025-07-31,COAL,T04,Long,1715,117.81,202046.31,-2695.11
TR008994,2025-07-31,GAS,T01,Long,292,38.8,11330.94,-55.05
TR008995,2025-07-31,GAS,T08,Short,1009,40.37,40729.13,-536.15
TR008996,2025-07-31,GAS,T07,Long,1048,38.53,40383.38,1249.26
TR008997,2025-07-31,COAL,T01,Long,1438,109.88,158004.98,-1803.04
TR008998,2025-07-31,CO2,T03,Short,113,72.91,8238.37,-104.69
TR008999,2025-07-31,CO2,T07,Long,1832,70.65,129436.87,-943.29
TR009000,2025-07-31,GAS,T02,Long,1881,35.87,67463.85,147.7
TR009001,2025-07-31,CO2,T01,Long,728,69.12,50319.28,-309.87
TR009002,2025-07-31,PWR,T04,Long,1992,88.6,176491.74,2811.68
TR009003,2025-07-31,PWR,T05,Short,1262,99.4,125437.17,197.51
TR009004,2025-07-31,PWR,T04,Long,1341,94.85,127196.4,-106.79
TR009005,2025-07-31,PWR,T01,Long,1215,98.58,119769.74,179.05
TR009006,2025-07-31,PWR,T05,Long,934,94.48,88247.12,1199.16
TR009007,2025-07-31,CO2,T07,Short,1224,77.38,94713.42,-1774.2
TR009008,2025-08-01,COAL,T08,Short,1835,114.36,209858.26,-6592.5
TR009009,2025-08-01,GAS,T02,Short,579,38.78,22454.64,630.37
TR009010,2025-08-01,GAS,T03,Short,908,39.22,35609.62,403.69
TR009011,2025-08-01,CO2,T07,Short,1406,73.83,103798.09,985.2
TR009012,2025-08-01,GAS,T05,Long,952,34.77,33100.31,-651.88
TR009013,2025-08-01,GAS,T02,Long,1349,37.45,50516.76,-696.25
TR009014,2025-08-01,COAL,T08,Short,1183,116.55,137875.31,-4746.37
TR009015,2025-08-01,COAL,T02,Long,230,112.48,25871.35,9.27
TR009016,2025-08-01,PWR,T05,Long,1739,94.93,165089.35,-1513.2
TR009017,2025-08-01,GAS,T05,Long,1974,36.58,72205.9,-26.99
TR009018,2025-08-01,CO2,T06,Long,1910,75.3,143815.02,2738.79
TR009019,2025-08-01,PWR,T02,Long,265,84.83,22478.93,-267.54
TR009020,2025-08-01,CO2,T02,Long,541,71.24,38538.28,-891.3
TR009021,2025-08-01,CO2,T07,Long,1971,72.71,143319.41,1224.97
TR009022,2025-08-01,CO2,T03,Long,1737,70.52,122488.5,487.41
TR009023,2025-08-01,COAL,T06,Short,288,120.96,34837.39,-570.69
TR009024,2025-08-01,CO2,T01,Short,868,72.51,62935.0,-889.37
TR009025,2025-08-01,PWR,T06,Long,1665,90.9,151355.58,1219.36
TR009026,2025-08-01,PWR,T03,Long,339,90.6,30713.97,-251.6
TR009027,2025-08-01,PWR,T03,Long,348,91.13,31712.93,-90.07
TR009028,2025-08-01,GAS,T08,Short,1516,36.9,55939.12,749.85
TR009029,2025-08-01,PWR,T05,Long,241,104.54,25194.46,-464.1
TR009030,2025-08-04,PWR,T04,Long,119,86.27,10265.93,5.76
TR009031,2025-08-04,GAS,T05,Long,394,36.88,14528.82,44.84
TR009032,2025-08-04,GAS,T06,Short,874,38.04,33245.37,898.31
TR009033,2025-08-04,COAL,T04,Short,385,116.7,44929.58,888.05
TR009034,2025-08-04,PWR,T05,Long,301,95.88,28858.69,-170.41
TR009035,2025-08-04,GAS,T01,Long,1209,38.03,45976.31,1341.54
TR009036,2025-08-04,PWR,T03,Short,1316,91.28,120124.7,87.31
TR009037,2025-08-04,COAL,T07,Short,255,121.36,30947.66,215.41
TR009038,2025-08-04,PWR,T04,Short,172,92.91,15981.11,2.62
TR009039,2025-08-04,COAL,T05,Long,1942,114.08,221540.49,-3189.46
TR009040,2025-08-04,GAS,T03,Long,64,37.61,2406.85,-62.08
TR009041,2025-08-04,CO2,T06,Long,1144,65.8,75279.63,1110.92
TR009042,2025-08-04,GAS,T01,Long,1101,38.48,42367.96,680.6
TR009043,2025-08-04,GAS,T05,Short,246,37.19,9149.73,52.79
TR009044,2025-08-04,PWR,T04,Short,1239,87.55,108473.12,-521.97
TR009045,2025-08-04,PWR,T08,Long,1411,85.13,120115.36,-307.83
TR009046,2025-08-04,PWR,T07,Short,1571,93.17,146368.84,-294.4
TR009047,2025-08-04,PWR,T08,Long,949,95.61,90732.99,359.34
TR009048,2025-08-04,GAS,T02,Short,1645,36.53,60097.58,331.92
TR009049,2025-08-04,COAL,T05,Long,1688,119.52,201745.51,-250.04
TR009050,2025-08-04,GAS,T06,Long,651,38.49,25057.54,-186.79
TR009051,2025-08-04,CO2,T05,Short,417,73.51,30653.42,-78.0
TR009052,2025-08-04,GAS,T06,Long,677,37.96,25696.13,602.28
TR009053,2025-08-04,PWR,T02,Short,868,94.79,82275.35,285.29
TR009054,2025-08-04,COAL,T03,Short,1717,119.65,205436.14,3026.13
TR009055,2025-08-04,GAS,T01,Long,343,35.98,12342.72,15.41
TR009056,2025-08-04,CO2,T08,Long,435,70.52,30674.51,-376.51
TR009057,2025-08-04,COAL,T08,Long,1069,120.6,128926.19,-3752.19
TR009058,2025-08-04,PWR,T04,Long,1291,91.1,117611.51,-681.32
TR009059,2025-08-05,GAS,T01,Long,1878,35.77,67169.96,1613.23
TR009060,2025-08-05,COAL,T06,Long,537,118.37,63563.01,423.26
TR009061,2025-08-05,PWR,T03,Short,201,85.42,17169.68,238.85
TR009062,2025-08-05,GAS,T05,Long,814,41.55,33825.11,755.81
TR009063,2025-08-05,PWR,T07,Long,728,84.38,61428.85,-909.03
TR009064,2025-08-05,COAL,T07,Long,1800,112.99,203389.72,-951.78
TR009065,2025-08-05,COAL,T02,Long,1944,115.79,225099.15,2027.97
TR009066,2025-08-05,CO2,T06,Long,1408,61.77,86971.89,1067.79
TR009067,2025-08-05,CO2,T02,Long,237,71.06,16842.35,27.52
TR009068,2025-08-05,CO2,T05,Long,460,70.01,32206.88,310.21
TR009069,2025-08-05,CO2,T07,Short,547,66.37,36303.96,-308.32
TR009070,2025-08-05,PWR,T06,Long,225,88.84,19990.03,-138.76
TR009071,2025-08-05,CO2,T02,Long,1624,68.17,110706.16,-1802.07
TR009072,2025-08-05,PWR,T06,Long,681,96.35,65612.2,184.47
TR009073,2025-08-05,COAL,T05,Long,594,116.94,69462.02,343.43
TR009074,2025-08-05,COAL,T01,Long,1156,117.15,135430.6,-977.61
TR009075,2025-08-05,GAS,T01,Long,788,36.65,28880.32,-91.98
TR009076,2025-08-05,PWR,T05,Long,1640,95.2,156126.32,-875.31
TR009077,2025-08-05,CO2,T01,Long,1625,77.21,125464.72,1149.98
TR009078,2025-08-05,PWR,T05,Short,725,88.75,64344.16,-668.61
TR009079,2025-08-06,COAL,T06,Long,1603,120.61,193337.2,638.28
TR009080,2025-08-06,PWR,T01,Long,147,86.92,12776.7,-336.34
TR009081,2025-08-06,CO2,T06,Short,1867,70.38,131399.31,-2602.26
TR009082,2025-08-06,COAL,T07,Long,550,111.86,61524.25,628.6
TR009083,2025-08-06,CO2,T03,Long,293,67.11,19662.32,-532.95
TR009084,2025-08-06,CO2,T07,Short,705,67.27,47427.91,-422.83
TR009085,2025-08-06,COAL,T02,Long,622,123.28,76679.38,2157.98
TR009086,2025-08-06,GAS,T06,Short,168,35.92,6033.98,-80.64
TR009087,2025-08-06,PWR,T07,Long,309,84.94,26245.39,-100.97
TR009088,2025-08-06,GAS,T03,Short,1308,35.41,46317.71,192.46
TR009089,2025-08-06,GAS,T03,Short,736,37.83,27846.44,523.32
TR009090,2025-08-06,GAS,T03,Short,327,41.01,13411.34,-122.48
TR009091,2025-08-06,GAS,T05,Short,1047,40.19,42080.4,1179.96
TR009092,2025-08-06,GAS,T08,Long,1112,38.1,42366.13,347.59
TR009093,2025-08-06,COAL,T08,Long,1317,117.77,155108.09,891.26
TR009094,2025-08-06,PWR,T05,Long,759,99.6,75597.58,-713.74
TR009095,2025-08-06,PWR,T01,Short,1279,92.76,118643.9,-1398.9
TR009096,2025-08-06,PWR,T07,Short,1698,91.11,154701.4,3853.56
TR009097,2025-08-06,COAL,T04,Short,442,114.92,50796.59,-1123.5
TR009098,2025-08-06,CO2,T06,Short,533,74.3,39600.97,-412.42
TR009099,2025-08-06,GAS,T03,Long,385,37.81,14556.5,-40.56
TR009100,2025-08-06,PWR,T02,Short,1611,90.85,146355.96,-640.92
TR009101,2025-08-06,PWR,T02,Long,988,96.32,95166.25,-1054.61
TR009102,2025-08-06,CO2,T07,Short,317,64.25,20367.83,-458.5
TR009103,2025-08-06,COAL,T08,Short,809,113.04,91450.49,815.52
TR009104,2025-08-06,COAL,T06,Long,147,111.93,16454.32,647.82
TR009105,2025-08-06,CO2,T05,Short,164,71.14,11667.15,-62.17
TR009106,2025-08-06,CO2,T03,Short,1681,76.57,128708.17,497.99
TR009107,2025-08-06,GAS,T08,Short,1910,40.08,76561.52,139.19
TR009108,2025-08-07,GAS,T07,Short,294,35.72,10502.93,-218.86
TR009109,2025-08-07,COAL,T05,Long,1760,110.45,194384.05,1123.41
TR009110,2025-08-07,COAL,T01,Short,628,111.76,70187.8,-1182.41
TR009111,2025-08-07,GAS,T04,Long,359,35.89,12883.5,92.42
TR009112,2025-08-07,GAS,T05,Long,764,38.16,29156.8,-16.15
TR009113,2025-08-07,COAL,T08,Short,1559,113.38,176765.27,745.2
TR009114,2025-08-07,CO2,T03,Long,78,68.3,5327.68,112.08
TR009115,2025-08-07,PWR,T01,Long,546,96.63,52758.28,1092.06
TR009116,2025-08-07,PWR,T06,Short,253,86.32,21838.35,466.08
TR009117,2025-08-07,COAL,T02,Long,1319,119.94,158200.92,408.8
TR009118,2025-08-07,GAS,T07,Short,1476,38.24,56440.58,-167.97
TR009119,2025-08-07,GAS,T05,Short,55,37.13,2042.1,-22.63
TR009120,2025-08-07,CO2,T05,Short,794,63.09,50092.35,-226.35
TR009121,2025-08-07,CO2,T02,Short,220,70.57,15526.12,348.04
TR009122,2025-08-07,GAS,T04,Short,437,35.85,15667.3,142.46
TR009123,2025-08-08,COAL,T06,Long,795,112.65,89555.79,-107.24
TR009124,2025-08-08,PWR,T01,Short,1080,78.83,85135.2,-665.82
TR009125,2025-08-08,GAS,T01,Long,1542,37.6,57973.09,251.11
TR009126,2025-08-08,GAS,T08,Long,1745,38.06,66406.68,194.39
TR009127,2025-08-08,PWR,T06,Long,312,88.66,27662.68,468.87
TR009128,2025-08-08,PWR,T03,Long,1742,88.71,154527.23,1115.64
TR009129,2025-08-08,GAS,T03,Short,104,38.08,3960.32,58.87
TR009130,2025-08-08,GAS,T04,Short,236,38.6,9108.49,200.03
TR009131,2025-08-08,COAL,T02,Short,521,121.23,63158.42,-1353.2
TR009132,2025-08-08,GAS,T07,Short,1415,39.18,55446.35,553.72
TR009133,2025-08-08,GAS,T06,Long,1293,35.99,46531.9,318.49
TR009134,2025-08-08,CO2,T06,Short,506,61.68,31208.3,23.83
TR009135,2025-08-08,CO2,T08,Short,1310,66.63,87290.77,-1845.33
TR009136,2025-08-08,PWR,T06,Long,1265,80.02,101220.8,-98.14
TR009137,2025-08-08,COAL,T03,Short,1799,117.51,211395.44,-2153.16
TR009138,2025-08-08,COAL,T01,Short,86,112.35,9661.76,109.32
TR009139,2025-08-08,PWR,T02,Short,751,99.96,75072.17,1836.8
TR009140,2025-08-08,COAL,T03,Short,279,111.21,31028.49,735.73
TR009141,2025-08-08,GAS,T07,Long,866,38.94,33718.48,82.97
TR009142,2025-08-08,CO2,T05,Long,1111,68.94,76593.99,-337.35
TR009143,2025-08-08,CO2,T07,Long,214,68.31,14618.79,-111.08
TR009144,2025-08-08,GAS,T02,Short,353,40.29,14222.6,-184.4
TR009145,2025-08-08,CO2,T07,Long,842,72.71,61222.22,1009.59
TR009146,2025-08-08,GAS,T07,Long,1501,37.48,56263.01,-113.84
TR009147,2025-08-08,PWR,T08,Long,1881,100.04,188180.55,3988.03
TR009148,2025-08-08,COAL,T08,Short,1932,115.5,223149.67,4919.31
TR009149,2025-08-08,COAL,T07,Short,1544,120.82,186542.94,-305.91
TR009150,2025-08-08,CO2,T06,Short,1560,71.1,110921.09,-1035.25
TR009151,2025-08-08,PWR,T02,Long,870,90.38,78631.99,1454.16
TR009152,2025-08-11,CO2,T03,Short,1543,69.8,107708.06,-688.24
TR009153,2025-08-11,COAL,T01,Long,1463,115.49,168963.84,-689.6
TR009154,2025-08-11,GAS,T08,Long,323,37.62,12150.46,73.13
TR009155,2025-08-11,PWR,T06,Long,1523,99.34,151299.58,-3499.46
TR009156,2025-08-11,CO2,T05,Short,1235,71.25,87994.88,-2039.15
TR009157,2025-08-11,PWR,T01,Long,74,86.22,6380.36,-42.51
TR009158,2025-08-11,PWR,T08,Short,425,87.63,37241.42,419.71
TR009159,2025-08-11,CO2,T04,Long,326,67.0,21842.42,-468.71
TR009160,2025-08-11,PWR,T05,Short,1785,96.75,172696.36,-1436.06
TR009161,2025-08-11,CO2,T07,Long,1224,70.97,86863.21,1884.75
TR009162,2025-08-11,COAL,T01,Long,903,117.65,106236.91,49.4
TR009163,2025-08-11,CO2,T03,Long,1817,73.44,133438.02,2483.51
TR009164,2025-08-11,GAS,T03,Short,913,39.19,35776.07,-658.89
TR009165,2025-08-11,GAS,T04,Long,581,39.14,22740.37,-10.12
TR009166,2025-08-11,PWR,T05,Long,1126,84.69,95362.35,-899.93
TR009167,2025-08-11,GAS,T07,Long,275,37.05,10189.03,-9.61
TR009168,2025-08-11,GAS,T08,Long,1863,36.24,67512.73,356.94
TR009169,2025-08-11,PWR,T05,Short,1149,96.83,111258.7,4790.14
TR009170,2025-08-11,COAL,T07,Long,839,117.81,98841.64,1340.7
TR009171,2025-08-11,GAS,T05,Long,1327,37.57,49855.87,-210.24
TR009172,2025-08-11,GAS,T01,Long,668,37.14,24808.53,-73.31
TR009173,2025-08-11,COAL,T07,Short,1636,121.91,199439.44,-4408.44
TR009174,2025-08-12,CO2,T07,Long,1369,72.74,99583.5,2170.92
TR009175,2025-08-12,GAS,T05,Long,1305,38.25,49912.65,43.44
TR009176,2025-08-12,COAL,T03,Short,1636,114.04,186576.66,414.82
TR009177,2025-08-12,COAL,T04,Long,1275,114.45,145926.61,-3628.09
TR009178,2025-08-12,CO2,T02,Long,1003,67.08,67279.46,684.61
TR009179,2025-08-12,PWR,T05,Short,1783,84.56,150769.25,2188.78
TR009180,2025-08-12,CO2,T08,Short,163,74.77,12187.69,157.06
TR009181,2025-08-12,GAS,T05,Short,291,37.89,11024.71,94.95
TR009182,2025-08-12,CO2,T08,Long,1292,75.65,97743.56,-1727.57
TR009183,2025-08-12,PWR,T06,Short,1544,94.17,145391.74,-1121.41
TR009184,2025-08-12,COAL,T08,Long,1429,109.38,156308.43,1815.69
TR009185,2025-08-12,COAL,T01,Long,85,121.78,10351.66,44.65
TR009186,2025-08-12,CO2,T03,Long,128,66.94,8567.85,194.39
TR009187,2025-08-12,GAS,T07,Long,268,37.98,10177.66,-1.51
TR009188,2025-08-12,CO2,T02,Short,198,68.58,13578.25,-117.56
TR009189,2025-08-12,CO2,T05,Short,1371,75.11,102981.14,-385.25
TR009190,2025-08-12,COAL,T03,Long,233,122.03,28433.1,496.36
TR009191,2025-08-12,COAL,T08,Long,344,116.77,40169.72,-99.03
TR009192,2025-08-12,PWR,T05,Short,1566,84.05,131618.42,1001.93
TR009193,2025-08-12,PWR,T06,Long,499,82.76,41296.24,313.59
TR009194,2025-08-12,CO2,T03,Long,606,68.9,41753.85,799.04
TR009195,2025-08-13,CO2,T07,Short,685,66.93,45843.85,685.53
TR009196,2025-08-13,GAS,T04,Long,1981,38.38,76030.81,570.18
TR009197,2025-08-13,COAL,T08,Long,1211,111.54,135071.79,217.01
TR009198,2025-08-13,PWR,T07,Long,1528,85.01,129893.37,-477.71
TR009199,2025-08-13,PWR,T05,Short,524,94.88,49716.52,788.22
TR009200,2025-08-13,CO2,T03,Short,425,70.97,30162.99,-556.78
TR009201,2025-08-13,CO2,T05,Short,1524,68.62,104573.04,-310.72
TR009202,2025-08-13,COAL,T01,Long,1259,110.43,139036.16,573.36
TR009203,2025-08-13,GAS,T01,Short,1726,41.03,70823.34,1093.21
TR009204,2025-08-13,COAL,T04,Short,583,116.9,68154.77,-898.23
TR009205,2025-08-13,COAL,T05,Long,176,114.5,20151.6,85.17
TR009206,2025-08-13,CO2,T05,Long,1934,72.36,139951.89,-2139.9
TR009207,2025-08-13,COAL,T08,Long,1729,114.35,197706.85,-1535.44
TR009208,2025-08-13,CO2,T08,Long,934,70.22,65582.76,-345.6
TR009209,2025-08-13,CO2,T01,Long,1573,72.48,114007.18,-2520.67
TR009210,2025-08-13,CO2,T08,Short,1943,67.7,131540.47,2649.49
TR009211,2025-08-13,PWR,T01,Long,1477,91.32,134885.62,-937.27
TR009212,2025-08-13,PWR,T02,Long,611,93.03,56843.13,557.18
TR009213,2025-08-13,PWR,T06,Long,1513,95.24,144105.58,322.2
TR009214,2025-08-13,GAS,T07,Short,61,35.61,2172.2,13.7
TR009215,2025-08-13,GAS,T06,Short,614,38.88,23869.28,-99.99
TR009216,2025-08-13,PWR,T01,Long,1883,90.65,170694.6,-4577.82
TR009217,2025-08-13,GAS,T07,Long,651,40.17,26150.2,-407.15
TR009218,2025-08-13,GAS,T02,Short,389,36.37,14149.55,83.71
TR009219,2025-08-13,COAL,T02,Long,497,113.35,56335.56,-720.31
TR009220,2025-08-13,GAS,T02,Long,1910,39.35,75156.74,-1019.0
TR009221,2025-08-13,COAL,T02,Long,1176,116.91,137489.77,2449.2
TR009222,2025-08-14,CO2,T04,Short,1178,70.43,82963.89,-487.98
TR009223,2025-08-14,GAS,T03,Long,964,37.11,35777.03,-432.56
TR009224,2025-08-14,CO2,T07,Long,1903,61.68,117380.72,1438.31
TR009225,2025-08-14,CO2,T05,Long,1809,65.8,119033.79,1282.77
TR009226,2025-08-14,CO2,T03,Long,552,76.61,42287.45,-644.01
TR009227,2025-08-14,COAL,T07,Short,1290,119.4,154030.12,1236.85
TR009228,2025-08-14,GAS,T03,Short,71,39.12,2777.47,-17.61
TR009229,2025-08-14,COAL,T03,Long,1250,120.32,150400.01,-1625.38
TR009230,2025-08-14,GAS,T01,Short,1947,38.66,75265.03,-1082.86
TR009231,2025-08-14,GAS,T07,Short,1356,37.3,50581.59,-274.97
TR009232,2025-08-14,PWR,T08,Short,447,96.63,43195.43,332.11
TR009233,2025-08-14,CO2,T04,Short,1476,76.66,113149.96,-9.51
TR009234,2025-08-14,CO2,T07,Short,731,61.61,45035.92,-608.27
TR009235,2025-08-14,COAL,T01,Long,1306,114.16,149093.65,-1691.53
TR009236,2025-08-14,COAL,T03,Long,1755,118.83,208549.43,6235.17
TR009237,2025-08-14,CO2,T04,Long,847,74.32,62952.63,1127.37
TR009238,2025-08-14,COAL,T02,Long,1405,106.9,150188.62,1029.5
TR009239,2025-08-14,PWR,T03,Short,436,91.57,39922.63,195.5
TR009240,2025-08-14,CO2,T08,Long,1730,70.78,122447.5,-108.83
TR009241,2025-08-15,COAL,T01,Long,329,111.22,36592.11,433.2
TR009242,2025-08-15,COAL,T08,Long,1260,115.98,146136.08,1359.84
TR009243,2025-08-15,GAS,T05,Long,1268,38.8,49199.12,216.1
TR009244,2025-08-15,GAS,T04,Long,172,40.27,6926.12,4.42
TR009245,2025-08-15,PWR,T07,Short,237,101.1,23960.83,-124.85
TR009246,2025-08-15,GAS,T08,Long,1692,36.58,61894.37,1044.22
TR009247,2025-08-15,PWR,T01,Short,754,87.82,66213.96,481.12
TR009248,2025-08-15,COAL,T08,Long,1833,115.63,211945.15,-2089.95
TR009249,2025-08-15,PWR,T05,Short,343,99.59,34160.21,-162.31
TR009250,2025-08-15,CO2,T03,Short,790,73.71,58233.79,86.58
TR009251,2025-08-15,GAS,T06,Long,845,36.23,30614.85,177.85
TR009252,2025-08-15,PWR,T03,Short,1152,89.69,103317.39,1272.86
TR009253,2025-08-15,PWR,T08,Long,1943,88.89,172704.76,-270.65
TR009254,2025-08-15,COAL,T04,Short,804,117.37,94365.08,-372.81
TR009255,2025-08-15,CO2,T02,Short,726,67.23,48809.23,314.78
TR009256,2025-08-15,GAS,T01,Short,1820,37.97,69108.52,-1984.01
TR009257,2025-08-15,PWR,T07,Long,1414,92.07,130193.25,-227.58
TR009258,2025-08-15,GAS,T03,Long,1571,42.58,66897.14,1452.07
TR009259,2025-08-15,GAS,T01,Long,57,38.88,2216.4,-1.37
TR009260,2025-08-15,GAS,T04,Long,1053,37.88,39887.11,852.12
TR009261,2025-08-15,GAS,T07,Short,1222,36.5,44608.11,392.02
TR009262,2025-08-18,COAL,T06,Long,880,117.44,103347.44,1739.98
TR009263,2025-08-18,CO2,T02,Long,1440,74.46,107217.36,-1398.9
TR009264,2025-08-18,CO2,T05,Long,1213,77.14,93565.59,-954.02
TR009265,2025-08-18,PWR,T04,Short,1180,84.58,99806.45,1142.07
TR009266,2025-08-18,GAS,T04,Short,1772,35.18,62344.96,-10.28
TR009267,2025-08-18,GAS,T04,Long,235,38.48,9043.93,0.7
TR009268,2025-08-18,COAL,T07,Long,1961,123.65,242471.19,696.65
TR009269,2025-08-18,GAS,T07,Long,1388,38.36,53237.12,47.97
TR009270,2025-08-18,GAS,T08,Short,1314,36.97,48573.89,49.97
TR009271,2025-08-18,COAL,T08,Short,1289,112.21,144643.55,1376.25
TR009272,2025-08-18,COAL,T01,Long,780,116.74,91057.37,-17.44
TR009273,2025-08-18,COAL,T06,Short,918,116.22,106689.32,-2066.52
TR009274,2025-08-18,PWR,T01,Short,1944,92.64,180092.43,-3151.97
TR009275,2025-08-18,GAS,T05,Short,1763,37.66,66388.42,1375.17
TR009276,2025-08-18,CO2,T07,Short,975,69.8,68052.22,-107.63
TR009277,2025-08-18,CO2,T05,Long,1377,71.5,98453.75,-2728.44
TR009278,2025-08-19,COAL,T06,Short,369,114.41,42216.77,-510.75
TR009279,2025-08-19,CO2,T06,Long,1428,64.48,92083.01,1717.49
TR009280,2025-08-19,PWR,T08,Long,215,84.66,18201.08,129.75
TR009281,2025-08-19,COAL,T08,Long,756,119.98,90706.78,1252.07
TR009282,2025-08-19,GAS,T05,Long,965,37.69,36368.31,-34.66
TR009283,2025-08-19,GAS,T05,Short,1320,38.67,51042.87,71.02
TR009284,2025-08-19,COAL,T01,Long,1451,110.03,159652.05,-644.34
TR009285,2025-08-19,COAL,T03,Long,244,109.73,26774.42,6.98
TR009286,2025-08-19,PWR,T07,Long,115,90.74,10435.65,-185.35
TR009287,2025-08-19,PWR,T04,Long,843,88.66,74739.63,-277.94
TR009288,2025-08-19,GAS,T05,Long,1744,38.7,67489.49,-1054.66
TR009289,2025-08-19,COAL,T04,Long,273,112.59,30736.65,85.82
TR009290,2025-08-19,COAL,T05,Long,1423,119.23,169668.17,-5291.0
TR009291,2025-08-19,COAL,T05,Long,886,117.98,104530.41,341.43
TR009292,2025-08-19,GAS,T07,Long,525,37.86,19877.39,-290.09
TR009293,2025-08-19,COAL,T08,Long,720,117.36,84495.65,747.19
TR009294,2025-08-19,PWR,T04,Short,676,88.66,59932.33,-1439.77
TR009295,2025-08-19,CO2,T06,Short,1164,73.83,85941.19,-863.88
TR009296,2025-08-20,COAL,T07,Short,1488,126.71,188549.83,-2027.51
TR009297,2025-08-20,GAS,T05,Long,782,36.31,28396.12,59.58
TR009298,2025-08-20,GAS,T01,Long,630,36.71,23126.2,-366.58
TR009299,2025-08-20,GAS,T08,Short,667,38.0,25348.16,-72.8
TR009300,2025-08-20,PWR,T04,Short,170,89.88,15279.1,-127.55
TR009301,2025-08-20,CO2,T04,Short,402,66.98,26926.12,266.49
TR009302,2025-08-20,PWR,T03,Long,1130,88.86,100414.37,63.67
TR009303,2025-08-20,COAL,T07,Short,1902,118.45,225290.06,-4751.65
TR009304,2025-08-20,COAL,T08,Short,1812,121.07,219383.95,-4689.46
TR009305,2025-08-20,GAS,T08,Short,382,39.16,14958.12,239.85
TR009306,2025-08-20,PWR,T03,Short,1802,95.07,171313.1,5033.67
TR009307,2025-08-20,CO2,T01,Long,1287,70.57,90820.43,1518.87
TR009308,2025-08-20,GAS,T07,Long,360,35.53,12791.65,-11.49
TR009309,2025-08-20,COAL,T06,Long,1614,114.37,184598.71,-2071.68
TR009310,2025-08-20,GAS,T01,Long,1699,38.42,65271.43,503.5
TR009311,2025-08-20,GAS,T06,Long,1724,41.71,71905.3,331.99
TR009312,2025-08-20,COAL,T06,Short,841,107.14,90107.08,1171.03
TR009313,2025-08-20,CO2,T05,Long,1449,77.0,111566.73,-2027.12
TR009314,2025-08-20,CO2,T04,Long,520,66.32,34485.78,303.74
TR009315,2025-08-20,GAS,T06,Short,1376,37.82,52035.05,1349.21
TR009316,2025-08-20,COAL,T06,Long,752,115.35,86743.04,2924.79
TR009317,2025-08-20,COAL,T07,Long,1577,109.39,172509.35,696.83
TR009318,2025-08-21,CO2,T05,Short,1833,68.08,124794.45,-2282.45
TR009319,2025-08-21,PWR,T07,Long,372,91.43,34010.77,104.3
TR009320,2025-08-21,PWR,T07,Short,1042,89.62,93385.31,-1129.74
TR009321,2025-08-21,COAL,T08,Short,823,112.76,92801.46,151.52
TR009322,2025-08-21,GAS,T01,Long,1327,37.03,49142.26,227.73
TR009323,2025-08-21,COAL,T04,Long,1989,122.47,243586.46,5987.11
TR009324,2025-08-21,CO2,T04,Short,678,65.44,44370.41,210.4
TR009325,2025-08-21,GAS,T05,Short,1753,33.8,59247.86,431.61
TR009326,2025-08-21,PWR,T01,Short,1340,91.69,122867.44,-1381.6
TR009327,2025-08-21,COAL,T03,Short,968,118.99,115186.12,424.84
TR009328,2025-08-21,COAL,T02,Short,1700,122.51,208273.44,-4848.75
TR009329,2025-08-21,CO2,T02,Short,1495,65.2,97467.75,-869.33
TR009330,2025-08-21,COAL,T04,Short,655,116.31,76183.02,700.65
TR009331,2025-08-21,PWR,T05,Short,1692,92.51,156521.09,-828.67
TR009332,2025-08-21,CO2,T02,Short,1751,73.29,128333.61,1143.2
TR009333,2025-08-21,CO2,T07,Short,1510,69.19,104471.43,-1977.19
TR009334,2025-08-21,COAL,T06,Long,325,123.13,40018.6,-651.54
TR009335,2025-08-21,CO2,T04,Long,254,72.33,18372.36,92.69
TR009336,2025-08-21,PWR,T06,Long,652,96.35,62819.19,-533.82
TR009337,2025-08-22,GAS,T04,Short,1229,38.73,47597.12,752.56
TR009338,2025-08-22,GAS,T04,Long,1541,38.49,59316.79,1091.48
TR009339,2025-08-22,CO2,T03,Long,1068,64.65,69041.29,-261.96
TR009340,2025-08-22,COAL,T01,Short,602,121.05,72869.22,-967.42
TR009341,2025-08-22,GAS,T01,Long,646,38.41,24809.89,771.83
TR009342,2025-08-22,GAS,T03,Short,1968,38.22,75208.52,74.01
TR009343,2025-08-22,COAL,T01,Long,1861,121.58,226254.85,3084.48
TR009344,2025-08-22,CO2,T02,Long,1405,68.63,96429.14,-12.34
TR009345,2025-08-22,GAS,T07,Long,314,38.05,11947.91,15.54
TR009346,2025-08-22,CO2,T04,Long,711,73.59,52319.23,-181.09
TR009347,2025-08-22,COAL,T02,Long,1563,113.91,178040.9,-4237.55
TR009348,2025-08-22,CO2,T02,Long,1749,69.06,120784.02,-157.4
TR009349,2025-08-22,GAS,T01,Long,568,38.4,21813.87,-203.19
TR009350,2025-08-22,CO2,T01,Long,985,72.06,70974.93,707.82
TR009351,2025-08-22,GAS,T07,Short,1981,38.84,76942.48,1494.97
TR009352,2025-08-22,CO2,T07,Long,592,78.84,46670.68,377.37
TR009353,2025-08-22,PWR,T07,Short,1641,90.57,148630.89,2831.75
TR009354,2025-08-22,GAS,T05,Long,1181,39.09,46167.68,-392.64
TR009355,2025-08-22,PWR,T04,Long,845,90.95,76849.4,-596.65
TR009356,2025-08-22,CO2,T06,Long,1109,70.93,78663.15,638.18
TR009357,2025-08-25,PWR,T02,Long,1601,99.38,159103.91,-614.64
TR009358,2025-08-25,CO2,T06,Long,1190,79.08,94106.62,1092.53
TR009359,2025-08-25,GAS,T07,Short,1890,38.36,72494.16,-471.87
TR009360,2025-08-25,COAL,T05,Short,707,115.47,81635.72,-1736.04
TR009361,2025-08-25,COAL,T08,Long,1088,120.41,131005.0,-276.44
TR009362,2025-08-25,COAL,T08,Long,835,112.21,93696.9,786.46
TR009363,2025-08-25,CO2,T06,Short,947,66.17,62664.06,-1252.33
TR009364,2025-08-25,GAS,T06,Short,1576,38.67,60949.85,467.96
TR009365,2025-08-25,PWR,T07,Long,1403,86.83,121816.33,-294.56
TR009366,2025-08-25,PWR,T06,Short,285,94.16,26836.68,468.68
TR009367,2025-08-25,PWR,T07,Long,940,92.89,87317.47,202.36
TR009368,2025-08-25,CO2,T02,Long,1868,74.9,139909.88,5358.34
TR009369,2025-08-25,PWR,T01,Long,1462,95.87,140164.68,-2465.25
TR009370,2025-08-25,COAL,T02,Short,95,117.6,11172.04,11.79
TR009371,2025-08-25,PWR,T05,Short,678,96.59,65485.22,-1711.23
TR009372,2025-08-25,GAS,T06,Long,1537,38.02,58434.51,-1418.85
TR009373,2025-08-25,COAL,T07,Long,1394,118.25,164841.9,-2680.85
TR009374,2025-08-25,PWR,T07,Long,1555,86.9,135126.04,4644.06
TR009375,2025-08-25,CO2,T06,Long,437,68.43,29905.01,-1478.26
TR009376,2025-08-25,CO2,T05,Long,1918,75.65,145101.92,971.03
TR009377,2025-08-25,GAS,T05,Long,642,38.28,24576.03,44.96
TR009378,2025-08-25,COAL,T01,Long,1560,118.17,184351.96,-3358.5
TR009379,2025-08-25,PWR,T04,Short,1696,103.12,174885.53,-3218.19
TR009380,2025-08-25,PWR,T02,Short,1589,91.31,145094.51,-357.21
TR009381,2025-08-25,PWR,T04,Short,1408,92.61,130388.44,1162.33
TR009382,2025-08-25,COAL,T03,Short,1969,118.67,233652.83,855.05
TR009383,2025-08-25,CO2,T03,Short,220,68.45,15059.51,35.72
TR009384,2025-08-25,CO2,T07,Short,365,69.01,25188.44,94.5
TR009385,2025-08-25,COAL,T01,Long,1466,110.08,161379.36,2747.75
TR009386,2025-08-26,CO2,T01,Long,1471,68.34,100525.09,-1166.24
TR009387,2025-08-26,PWR,T07,Long,945,98.57,93151.97,-757.1
TR009388,2025-08-26,PWR,T01,Short,770,91.59,70526.36,-2356.7
TR009389,2025-08-26,GAS,T07,Short,1752,39.19,68659.82,-569.42
TR009390,2025-08-26,PWR,T04,Long,533,86.9,46317.22,-334.1
TR009391,2025-08-26,GAS,T03,Short,559,37.1,20737.05,-14.27
TR009392,2025-08-26,GAS,T03,Long,1262,37.85,47765.95,-797.25
TR009393,2025-08-26,COAL,T04,Short,1152,118.09,136036.13,1917.64
TR009394,2025-08-26,COAL,T02,Long,1094,114.31,125051.28,1982.55
TR009395,2025-08-26,CO2,T03,Short,1050,70.5,74024.36,-649.46
TR009396,2025-08-26,CO2,T05,Short,1439,74.44,107125.22,-2177.46
TR009397,2025-08-26,CO2,T08,Long,1759,77.38,136107.73,-806.74
TR009398,2025-08-26,GAS,T08,Long,456,38.53,17567.85,-120.45
TR009399,2025-08-26,GAS,T08,Short,1105,36.56,40395.58,-10.22
TR009400,2025-08-26,GAS,T02,Long,1644,37.18,61126.74,371.67
TR009401,2025-08-26,PWR,T06,Long,111,106.61,11833.45,-11.88
TR009402,2025-08-26,COAL,T05,Long,988,120.24,118800.06,-1519.66
TR009403,2025-08-27,GAS,T03,Long,1499,39.25,58839.03,780.16
TR009404,2025-08-27,GAS,T05,Long,420,40.11,16847.22,-164.67
TR009405,2025-08-27,PWR,T06,Short,1133,94.59,107168.78,465.42
TR009406,2025-08-27,GAS,T08,Long,958,38.11,36504.98,-107.87
TR009407,2025-08-27,COAL,T01,Short,573,118.84,68095.56,852.01
TR009408,2025-08-27,COAL,T05,Long,1275,119.8,152748.93,781.29
TR009409,2025-08-27,COAL,T05,Long,77,117.83,9073.18,-67.0
TR009410,2025-08-27,CO2,T01,Short,1635,69.31,113317.68,-1140.09
TR009411,2025-08-27,COAL,T06,Long,1325,118.93,157582.01,1738.06
TR009412,2025-08-27,CO2,T08,Long,1808,70.51,127480.83,1090.98
TR009413,2025-08-27,PWR,T05,Long,421,90.68,38177.44,-1354.91
TR009414,2025-08-27,PWR,T01,Short,1951,96.5,188268.31,-3778.35
TR009415,2025-08-27,COAL,T06,Short,1091,119.92,130836.08,-656.08
TR009416,2025-08-27,GAS,T01,Long,1548,37.99,58803.3,931.79
TR009417,2025-08-27,PWR,T02,Short,1570,85.68,134513.84,2565.24
TR009418,2025-08-27,PWR,T03,Short,1593,94.76,150959.33,-1571.16
TR009419,2025-08-27,GAS,T07,Short,452,37.66,17024.3,-78.41
TR009420,2025-08-27,COAL,T04,Short,1046,120.04,125566.07,1043.79
TR009421,2025-08-27,COAL,T07,Long,1002,115.39,115622.54,526.93
TR009422,2025-08-27,GAS,T07,Long,370,39.73,14698.74,-266.75
TR009423,2025-08-27,GAS,T08,Short,1392,39.46,54925.19,1577.4
TR009424,2025-08-27,CO2,T07,Short,1957,71.82,140550.41,3792.91
TR009425,2025-08-28,PWR,T06,Long,465,87.55,40708.87,-813.03
TR009426,2025-08-28,PWR,T07,Short,1655,93.0,153922.68,-535.91
TR009427,2025-08-28,COAL,T08,Short,384,115.21,44239.62,-1100.28
TR009428,2025-08-28,CO2,T05,Long,1794,67.43,120968.02,338.21
TR009429,2025-08-28,PWR,T03,Short,1601,84.0,134478.21,1796.1
TR009430,2025-08-28,COAL,T03,Long,990,113.38,112249.32,1496.8
TR009431,2025-08-28,CO2,T02,Short,1785,73.47,131145.72,-315.94
TR009432,2025-08-28,CO2,T08,Long,475,68.49,32533.53,-463.99
TR009433,2025-08-28,CO2,T06,Long,810,74.25,60138.56,-620.32
TR009434,2025-08-28,GAS,T04,Long,304,38.67,11756.98,275.47
TR009435,2025-08-28,COAL,T03,Short,999,111.78,111667.51,325.69
TR009436,2025-08-28,CO2,T08,Long,1734,72.08,124983.13,1430.55
TR009437,2025-08-28,CO2,T08,Short,511,74.09,37862.24,595.09
TR009438,2025-08-28,PWR,T08,Long,1705,89.85,153191.65,-2645.77
TR009439,2025-08-28,PWR,T05,Long,1281,86.01,110179.3,697.61
TR009440,2025-08-28,COAL,T08,Short,1672,114.1,190782.93,79.99
TR009441,2025-08-29,PWR,T01,Short,1448,98.67,142874.37,1753.52
TR009442,2025-08-29,COAL,T04,Short,1072,113.36,121522.74,-2198.91
TR009443,2025-08-29,PWR,T08,Long,1605,91.14,146282.18,-3615.3
TR009444,2025-08-29,PWR,T07,Long,933,89.42,83433.27,3419.99
TR009445,2025-08-29,CO2,T01,Short,338,69.53,23499.55,643.63
TR009446,2025-08-29,COAL,T02,Short,1232,110.71,136395.64,3486.58
TR009447,2025-08-29,CO2,T05,Short,476,70.76,33682.66,-437.97
TR009448,2025-08-29,PWR,T07,Long,263,100.74,26493.41,34.7
TR009449,2025-08-29,CO2,T06,Long,878,66.24,58159.6,1892.93
TR009450,2025-08-29,GAS,T03,Long,507,40.89,20729.07,185.33
TR009451,2025-08-29,PWR,T06,Long,491,95.49,46887.94,812.39
TR009452,2025-08-29,PWR,T03,Short,1461,87.95,128489.88,2648.56
TR009453,2025-08-29,COAL,T08,Long,1256,110.39,138651.7,-2917.62
TR009454,2025-08-29,COAL,T06,Long,102,114.04,11632.31,-388.39
TR009455,2025-08-29,PWR,T05,Short,841,87.19,73325.9,1574.84
TR009456,2025-08-29,COAL,T02,Short,1269,116.06,147284.83,982.26
TR009457,2025-08-29,CO2,T07,Long,1155,70.03,80885.15,449.98
TR009458,2025-09-01,PWR,T08,Long,319,81.82,26100.25,-41.21
TR009459,2025-09-01,PWR,T03,Long,155,91.03,14109.45,96.98
TR009460,2025-09-01,CO2,T03,Long,1782,70.66,125913.79,-873.05
TR009461,2025-09-01,GAS,T06,Long,1909,39.27,74974.33,-793.47
TR009462,2025-09-01,COAL,T03,Short,292,115.32,33673.68,-123.06
TR009463,2025-09-01,PWR,T07,Long,265,95.92,25418.94,189.34
TR009464,2025-09-01,CO2,T07,Short,1724,74.5,128443.56,665.12
TR009465,2025-09-01,COAL,T01,Long,1512,115.1,174029.88,-2571.96
TR009466,2025-09-01,GAS,T05,Long,1270,38.2,48509.17,-461.73
TR009467,2025-09-01,PWR,T02,Long,1963,83.92,164729.43,853.71
TR009468,2025-09-01,GAS,T05,Short,1768,41.55,73467.03,-3108.55
TR009469,2025-09-01,COAL,T08,Short,1151,119.19,137192.64,-2199.91
TR009470,2025-09-01,GAS,T03,Long,1991,41.29,82215.14,398.66
TR009471,2025-09-01,GAS,T04,Long,466,40.1,18685.24,67.0
TR009472,2025-09-01,COAL,T04,Long,1701,125.73,213861.52,2243.03
TR009473,2025-09-01,PWR,T02,Long,1479,89.97,133061.12,2526.89
TR009474,2025-09-01,PWR,T02,Short,1179,85.73,101079.21,-1043.61
TR009475,2025-09-01,GAS,T05,Long,1416,39.85,56430.58,617.72
TR009476,2025-09-01,CO2,T08,Long,1391,62.16,86467.16,1357.82
TR009477,2025-09-01,GAS,T02,Long,1478,38.09,56297.75,-295.87
TR009478,2025-09-01,PWR,T08,Long,893,101.76,90869.66,-411.05
TR009479,2025-09-01,PWR,T08,Long,1389,96.08,133450.2,716.12
TR009480,2025-09-01,CO2,T08,Short,1390,68.78,95609.28,-58.68
TR009481,2025-09-01,PWR,T02,Long,1513,103.04,155906.44,2029.04
TR009482,2025-09-01,GAS,T01,Short,269,38.42,10335.63,-36.86
TR009483,2025-09-01,CO2,T02,Long,63,72.5,4567.62,-53.34
TR009484,2025-09-01,CO2,T07,Long,1158,75.98,87981.09,-911.65
TR009485,2025-09-01,COAL,T06,Long,1209,111.29,134551.24,1858.11
TR009486,2025-09-01,PWR,T05,Long,1165,91.29,106357.12,-2662.86
TR009487,2025-09-02,PWR,T03,Short,1715,81.33,139477.42,-114.05
TR009488,2025-09-02,GAS,T05,Long,433,37.64,16298.68,39.5
TR009489,2025-09-02,PWR,T01,Long,650,95.34,61968.81,-2037.32
TR009490,2025-09-02,CO2,T08,Long,71,66.85,4746.45,73.99
TR009491,2025-09-02,CO2,T07,Short,1881,72.85,137025.1,-1794.75
TR009492,2025-09-02,PWR,T06,Short,782,94.52,73913.92,2160.29
TR009493,2025-09-02,PWR,T06,Long,969,92.2,89342.69,70.98
TR009494,2025-09-02,COAL,T03,Long,542,108.44,58775.24,-1195.04
TR009495,2025-09-02,CO2,T06,Short,130,74.61,9699.67,28.58
TR009496,2025-09-02,COAL,T02,Short,513,110.5,56688.11,-157.94
TR009497,2025-09-02,GAS,T05,Short,511,37.56,19193.71,-59.68
TR009498,2025-09-02,GAS,T02,Long,1989,39.72,79008.42,2795.01
TR009499,2025-09-02,COAL,T02,Short,1889,119.86,226418.22,946.49
TR009500,2025-09-02,GAS,T01,Short,1937,38.83,75205.15,284.86
TR009501,2025-09-02,PWR,T04,Long,1519,91.22,138564.6,1553.08
TR009502,2025-09-02,PWR,T06,Long,1997,104.94,209561.28,-1349.92
TR009503,2025-09-02,GAS,T03,Short,710,35.95,25522.73,117.64
TR009504,2025-09-02,CO2,T08,Long,415,76.57,31776.34,440.45
TR009505,2025-09-02,CO2,T05,Short,532,67.41,35860.61,38.86
TR009506,2025-09-02,PWR,T08,Long,1005,98.07,98562.88,1962.28
TR009507,2025-09-02,CO2,T03,Long,429,71.52,30681.89,-28.88
TR009508,2025-09-02,PWR,T06,Short,60,84.57,5074.34,-83.79
TR009509,2025-09-02,COAL,T02,Long,1138,118.94,135352.96,1583.06
TR009510,2025-09-02,GAS,T05,Long,321,39.44,12660.68,341.34
TR009511,2025-09-03,CO2,T02,Long,685,65.38,44788.1,654.65
TR009512,2025-09-03,PWR,T04,Long,590,93.99,55454.21,-1390.33
TR009513,2025-09-03,PWR,T01,Long,441,85.05,37506.02,-482.83
TR009514,2025-09-03,PWR,T07,Short,290,91.56,26553.04,-135.27
TR009515,2025-09-03,COAL,T08,Short,1207,122.37,147698.55,864.8
TR009516,2025-09-03,PWR,T02,Long,132,81.96,10818.73,87.91
TR009517,2025-09-03,COAL,T05,Long,80,114.68,9174.16,-92.04
TR009518,2025-09-03,COAL,T04,Long,1377,117.73,162113.26,1591.16
TR009519,2025-09-03,CO2,T07,Long,1499,73.99,110911.46,-322.56
TR009520,2025-09-03,GAS,T04,Long,1425,36.62,52185.15,1799.75
TR009521,2025-09-03,GAS,T04,Long,1246,39.46,49172.87,-78.55
TR009522,2025-09-03,COAL,T01,Short,928,112.07,103996.73,2472.18
TR009523,2025-09-03,CO2,T07,Long,912,72.37,66000.39,-1552.28
TR009524,2025-09-03,PWR,T04,Long,955,91.22,87112.82,-85.99
TR009525,2025-09-03,GAS,T05,Long,1510,37.31,56332.2,1490.92
TR009526,2025-09-03,PWR,T05,Short,1743,87.43,152393.43,1967.7
TR009527,2025-09-03,CO2,T04,Short,1096,74.76,81934.6,-777.51
TR009528,2025-09-03,GAS,T07,Long,1717,37.34,64107.63,-204.87
TR009529,2025-09-03,COAL,T05,Long,1739,116.0,201720.76,5253.15
TR009530,2025-09-03,PWR,T04,Short,108,99.73,10771.06,75.73
TR009531,2025-09-03,CO2,T05,Long,694,67.83,47075.93,-7.74
TR009532,2025-09-03,PWR,T07,Short,468,84.88,39724.97,209.02
TR009533,2025-09-03,PWR,T04,Long,471,81.67,38468.36,401.75
TR009534,2025-09-03,CO2,T06,Short,109,69.26,7549.13,-59.61
TR009535,2025-09-03,PWR,T08,Short,1319,86.07,113527.96,2309.78
TR009536,2025-09-03,PWR,T05,Long,349,92.65,32333.34,431.65
TR009537,2025-09-04,COAL,T08,Short,1479,108.74,160833.2,1846.44
TR009538,2025-09-04,PWR,T08,Short,1652,89.54,147927.47,-1432.99
TR009539,2025-09-04,PWR,T05,Short,1628,87.13,141843.31,-1899.87
TR009540,2025-09-04,COAL,T03,Long,1676,112.54,188618.99,1290.28
TR009541,2025-09-04,PWR,T01,Short,159,102.85,16353.18,-232.57
TR009542,2025-09-04,PWR,T03,Short,1032,91.42,94343.75,1050.92
TR009543,2025-09-04,CO2,T06,Short,499,80.0,39919.71,-197.37
TR009544,2025-09-04,GAS,T08,Short,1432,40.2,57560.01,407.58
TR009545,2025-09-04,PWR,T05,Long,1683,91.87,154618.71,-1816.55
TR009546,2025-09-04,COAL,T01,Long,285,119.12,33949.05,208.89
TR009547,2025-09-04,CO2,T02,Long,870,78.7,68466.55,207.52
TR009548,2025-09-04,CO2,T05,Short,1637,72.29,118340.62,-1180.02
TR009549,2025-09-04,COAL,T03,Long,1651,112.74,186131.73,1021.58
TR009550,2025-09-04,CO2,T03,Short,787,66.86,52621.12,-367.45
TR009551,2025-09-04,GAS,T08,Long,898,40.45,36326.67,-648.81
TR009552,2025-09-04,CO2,T07,Long,305,70.28,21434.93,394.82
TR009553,2025-09-04,PWR,T08,Long,1533,90.08,138097.72,994.41
TR009554,2025-09-04,COAL,T03,Long,958,119.84,114807.12,2144.4
TR009555,2025-09-04,COAL,T08,Long,214,122.92,26305.45,-831.86
TR009556,2025-09-04,GAS,T08,Short,462,40.4,18663.38,-9.16
TR009557,2025-09-04,COAL,T02,Short,1318,112.26,147961.38,683.77
TR009558,2025-09-04,CO2,T07,Long,1248,71.64,89401.22,-538.02
TR009559,2025-09-04,PWR,T02,Long,951,92.56,88028.51,1338.66
TR009560,2025-09-04,GAS,T03,Short,811,37.67,30553.34,-209.26
TR009561,2025-09-04,CO2,T03,Short,1385,76.6,106090.68,-2752.09
TR009562,2025-09-05,PWR,T01,Short,612,88.31,54043.18,361.26
TR009563,2025-09-05,CO2,T04,Long,1759,71.49,125755.9,-10.36
TR009564,2025-09-05,CO2,T07,Short,731,70.32,51403.4,1061.08
TR009565,2025-09-05,COAL,T07,Long,435,120.96,52617.1,152.2
TR009566,2025-09-05,PWR,T07,Long,80,95.39,7631.25,-48.5
TR009567,2025-09-05,PWR,T03,Short,1282,99.14,127094.22,-663.67
TR009568,2025-09-05,PWR,T04,Short,1653,89.11,147307.09,-2860.85
TR009569,2025-09-05,COAL,T05,Short,485,114.29,55428.51,133.77
TR009570,2025-09-05,GAS,T02,Long,1087,37.0,40221.38,639.02
TR009571,2025-09-05,GAS,T02,Short,1184,40.93,48455.52,1029.39
TR009572,2025-09-05,PWR,T08,Short,1715,90.64,155439.71,1060.42
TR009573,2025-09-05,COAL,T06,Long,667,113.53,75725.31,-521.4
TR009574,2025-09-05,PWR,T01,Long,1313,93.58,122870.35,-1335.38
TR009575,2025-09-05,COAL,T07,Short,603,122.62,73942.17,-1566.1
TR009576,2025-09-05,COAL,T08,Short,192,117.82,22620.7,-108.64
TR009577,2025-09-05,PWR,T04,Long,1259,88.39,111278.77,1637.39
TR009578,2025-09-05,PWR,T01,Short,1062,78.01,82850.12,-1490.32
TR009579,2025-09-05,CO2,T03,Short,1477,72.47,107033.23,988.25
TR009580,2025-09-05,PWR,T08,Short,299,99.61,29783.96,-7.95
TR009581,2025-09-05,CO2,T08,Long,669,70.1,46898.83,-1443.41
TR009582,2025-09-08,GAS,T05,Short,393,40.74,16009.93,-461.99
TR009583,2025-09-08,CO2,T03,Long,387,71.35,27611.16,-978.64
TR009584,2025-09-08,COAL,T02,Long,504,115.95,58439.94,-693.43
TR009585,2025-09-08,COAL,T02,Long,604,117.56,71005.16,-552.15
TR009586,2025-09-08,CO2,T02,Short,1702,70.56,120086.67,-1349.89
TR009587,2025-09-08,COAL,T03,Short,1942,115.42,224148.55,101.29
TR009588,2025-09-08,CO2,T02,Long,1602,69.85,111898.47,1406.38
TR009589,2025-09-08,PWR,T05,Short,800,89.64,71708.29,-182.97
TR009590,2025-09-08,GAS,T03,Long,1225,33.91,41538.1,242.02
TR009591,2025-09-08,PWR,T01,Short,1795,92.43,165908.74,3211.26
TR009592,2025-09-08,GAS,T08,Long,1646,38.73,63757.56,874.13
TR009593,2025-09-08,GAS,T05,Short,1269,38.68,49088.98,-751.96
TR009594,2025-09-08,PWR,T01,Long,1522,89.82,136710.0,2556.92
TR009595,2025-09-08,CO2,T06,Short,600,72.33,43395.5,1037.84
TR009596,2025-09-08,PWR,T07,Long,1372,88.71,121715.88,1446.32
TR009597,2025-09-08,COAL,T04,Short,743,117.74,87481.74,-1731.05
TR009598,2025-09-09,PWR,T07,Short,622,103.27,64233.22,69.38
TR009599,2025-09-09,CO2,T04,Short,992,69.45,68897.8,-738.89
TR009600,2025-09-09,GAS,T06,Long,1918,40.42,77525.87,-171.74
TR009601,2025-09-09,COAL,T05,Long,1912,111.21,212629.67,-5196.48
TR009602,2025-09-09,PWR,T08,Long,677,89.12,60333.08,412.72
TR009603,2025-09-09,COAL,T03,Short,1631,120.09,195866.31,-639.9
TR009604,2025-09-09,GAS,T02,Short,871,36.56,31846.09,-9.5
TR009605,2025-09-09,PWR,T02,Long,1510,83.54,126147.85,1892.02
TR009606,2025-09-09,GAS,T06,Long,693,37.5,25990.69,678.97
TR009607,2025-09-09,PWR,T03,Long,843,106.31,89617.58,1340.63
TR009608,2025-09-09,COAL,T08,Long,1060,115.97,122932.15,-516.5
TR009609,2025-09-09,CO2,T03,Long,1057,83.1,87833.14,-1296.56
TR009610,2025-09-09,GAS,T07,Short,1012,39.27,39742.42,757.44
TR009611,2025-09-09,PWR,T05,Long,1759,91.98,161787.6,-4057.14
TR009612,2025-09-09,CO2,T05,Long,1342,67.57,90685.57,-1057.47
TR009613,2025-09-09,COAL,T04,Long,941,124.21,116882.2,2130.21
TR009614,2025-09-10,GAS,T07,Long,689,39.45,27183.11,-196.26
TR009615,2025-09-10,COAL,T04,Long,1112,116.83,129909.58,-703.15
TR009616,2025-09-10,PWR,T06,Short,1953,96.93,189304.99,5195.97
TR009617,2025-09-10,COAL,T02,Short,1858,115.03,213724.37,-2411.95
TR009618,2025-09-10,CO2,T02,Short,657,74.52,48957.81,681.82
TR009619,2025-09-10,CO2,T03,Long,626,79.4,49705.9,450.01
TR009620,2025-09-10,CO2,T02,Long,351,75.58,26529.57,46.13
TR009621,2025-09-10,PWR,T06,Long,1326,91.35,121131.39,-3569.89
TR009622,2025-09-10,PWR,T06,Long,298,92.67,27615.56,-156.91
TR009623,2025-09-10,CO2,T06,Long,1572,72.36,113744.35,1043.03
TR009624,2025-09-10,CO2,T06,Short,1269,66.0,83750.08,-1152.62
TR009625,2025-09-10,CO2,T01,Long,1279,66.02,84442.83,-579.27
TR009626,2025-09-10,COAL,T01,Short,554,115.15,63791.57,-472.84
TR009627,2025-09-10,CO2,T06,Long,1884,65.7,123776.76,-696.16
TR009628,2025-09-10,PWR,T05,Long,1965,105.95,208183.38,718.4
TR009629,2025-09-10,PWR,T08,Long,1010,93.78,94720.02,-866.41
TR009630,2025-09-10,CO2,T07,Short,1761,66.03,116284.19,1535.66
TR009631,2025-09-10,PWR,T02,Long,1945,101.91,198215.1,-659.74
TR009632,2025-09-10,COAL,T01,Long,1888,112.04,211538.83,-3872.17
TR009633,2025-09-10,CO2,T07,Short,1247,72.16,89982.51,-1122.72
TR009634,2025-09-10,GAS,T03,Short,658,37.55,24706.0,-433.46
TR009635,2025-09-10,GAS,T08,Long,1008,39.12,39428.8,-154.33
TR009636,2025-09-10,CO2,T02,Long,844,67.74,57172.28,-205.77
TR009637,2025-09-11,GAS,T01,Short,1566,39.02,61099.73,567.23
TR009638,2025-09-11,CO2,T02,Long,1402,75.81,106279.99,-1269.91
TR009639,2025-09-11,GAS,T01,Short,1909,40.32,76961.71,-1250.8
TR009640,2025-09-11,CO2,T01,Long,556,65.58,36462.07,165.9
TR009641,2025-09-11,GAS,T01,Long,964,38.02,36652.04,-236.27
TR009642,2025-09-11,GAS,T08,Short,1469,39.71,58327.02,885.77
TR009643,2025-09-11,PWR,T06,Long,1797,80.71,145034.14,1074.94
TR009644,2025-09-11,GAS,T06,Long,1702,38.52,65569.25,-1734.17
TR009645,2025-09-11,GAS,T01,Short,934,36.87,34434.0,681.55
TR009646,2025-09-11,CO2,T06,Short,1133,69.36,78586.96,-414.23
TR009647,2025-09-11,GAS,T05,Short,1071,38.01,40712.76,-1339.55
TR009648,2025-09-11,PWR,T04,Long,713,97.47,69498.13,-781.44
TR009649,2025-09-11,COAL,T01,Long,886,108.72,96327.56,337.65
TR009650,2025-09-11,PWR,T02,Long,1122,98.68,110719.35,-3662.29
TR009651,2025-09-11,COAL,T02,Long,1483,110.35,163650.87,1022.49
TR009652,2025-09-11,PWR,T02,Long,1290,90.54,116794.11,2552.42
TR009653,2025-09-11,GAS,T04,Long,1464,37.42,54783.24,1164.96
TR009654,2025-09-11,COAL,T04,Long,1316,115.81,152405.48,1243.25
TR009655,2025-09-11,GAS,T07,Short,1036,40.16,41603.52,-629.96
TR009656,2025-09-11,PWR,T03,Short,1886,102.58,193466.69,-1317.17
TR009657,2025-09-11,COAL,T05,Short,1220,116.69,142359.99,-152.26
TR009658,2025-09-11,CO2,T07,Short,1504,69.91,105142.08,-2245.39
TR009659,2025-09-12,COAL,T07,Long,1334,117.08,156183.56,-186.68
TR009660,2025-09-12,GAS,T05,Long,940,38.58,36265.99,-292.74
TR009661,2025-09-12,PWR,T07,Short,1102,86.76,95606.65,-991.35
TR009662,2025-09-12,PWR,T05,Short,1939,94.37,182973.79,-451.33
TR009663,2025-09-12,GAS,T07,Short,1070,38.85,41566.22,378.83
TR009664,2025-09-12,CO2,T03,Short,239,68.21,16301.83,269.36
TR009665,2025-09-12,PWR,T05,Long,370,98.99,36625.86,-228.59
TR009666,2025-09-12,PWR,T01,Long,1392,92.29,128473.34,2211.8
TR009667,2025-09-12,PWR,T02,Long,1313,84.74,111263.58,-140.57
TR009668,2025-09-12,PWR,T05,Long,942,93.38,87968.33,-608.55
TR009669,2025-09-12,CO2,T01,Short,1181,73.38,86660.0,591.84
TR009670,2025-09-12,GAS,T04,Short,1383,37.51,51875.39,-1202.01
TR009671,2025-09-12,COAL,T04,Short,865,114.96,99438.92,2447.93
TR009672,2025-09-12,CO2,T07,Short,606,69.71,42241.93,970.32
TR009673,2025-09-12,CO2,T07,Long,1994,70.8,141182.8,-505.01
TR009674,2025-09-12,PWR,T08,Short,1367,105.84,144680.93,-1333.1
TR009675,2025-09-12,CO2,T08,Long,873,78.19,68264.13,-1132.17
TR009676,2025-09-12,COAL,T07,Long,377,115.47,43533.22,224.5
TR009677,2025-09-12,COAL,T08,Short,1378,114.9,158335.67,-1421.48
TR009678,2025-09-12,CO2,T04,Long,1692,65.19,110298.15,281.69
TR009679,2025-09-12,CO2,T08,Short,182,73.0,13285.72,-40.15
TR009680,2025-09-12,PWR,T07,Short,338,91.41,30897.12,-391.01
TR009681,2025-09-12,COAL,T08,Long,1208,116.0,140129.56,-711.93
TR009682,2025-09-15,PWR,T02,Long,609,83.46,50829.57,259.34
TR009683,2025-09-15,COAL,T02,Long,770,116.93,90039.85,1231.79
TR009684,2025-09-15,GAS,T08,Long,580,35.81,20770.53,-204.94
TR009685,2025-09-15,COAL,T01,Long,1921,114.48,219920.26,3978.93
TR009686,2025-09-15,PWR,T03,Short,1396,87.8,122570.21,-3012.27
TR009687,2025-09-15,COAL,T07,Short,403,113.08,45570.94,-313.82
TR009688,2025-09-15,COAL,T05,Short,1162,111.03,129011.86,-294.11
TR009689,2025-09-15,GAS,T02,Short,1614,38.46,62066.53,739.21
TR009690,2025-09-15,GAS,T07,Long,1300,38.98,50671.49,224.92
TR009691,2025-09-15,PWR,T01,Long,66,86.94,5738.03,-27.37
TR009692,2025-09-15,COAL,T07,Long,498,118.49,59006.93,655.73
TR009693,2025-09-15,CO2,T05,Long,1024,71.8,73523.16,2454.67
TR009694,2025-09-15,CO2,T03,Long,207,69.33,14352.08,-42.74
TR009695,2025-09-15,COAL,T01,Long,749,114.49,85752.22,-830.62
TR009696,2025-09-15,COAL,T03,Long,1191,110.43,131520.77,5700.06
TR009697,2025-09-15,CO2,T04,Long,649,63.54,41238.99,-389.86
TR009698,2025-09-15,COAL,T01,Long,1327,125.16,166084.77,-2958.31
TR009699,2025-09-15,COAL,T01,Long,272,116.16,31596.77,226.82
TR009700,2025-09-15,PWR,T04,Short,1374,96.03,131944.78,-731.7
TR009701,2025-09-15,COAL,T08,Short,225,117.13,26354.49,-40.52
TR009702,2025-09-15,PWR,T03,Short,1717,95.22,163493.75,-1406.44
TR009703,2025-09-15,COAL,T05,Short,516,118.56,61176.86,-1416.24
TR009704,2025-09-15,GAS,T08,Long,1379,38.47,53047.67,213.25
TR009705,2025-09-15,GAS,T07,Long,1640,37.48,61469.33,286.37
TR009706,2025-09-15,COAL,T03,Long,1760,113.68,200084.7,-3725.47
TR009707,2025-09-16,COAL,T01,Long,1257,115.71,145443.07,-1272.95
TR009708,2025-09-16,PWR,T05,Long,1226,91.7,112422.4,96.29
TR009709,2025-09-16,COAL,T08,Long,456,117.29,53484.95,-730.38
TR009710,2025-09-16,COAL,T06,Short,477,113.22,54005.02,533.42
TR009711,2025-09-16,CO2,T08,Long,253,74.25,18786.29,259.83
TR009712,2025-09-16,COAL,T05,Long,1436,108.19,155360.44,412.59
TR009713,2025-09-16,CO2,T01,Long,1706,74.5,127093.9,1773.47
TR009714,2025-09-16,CO2,T06,Short,1670,76.1,127084.43,970.04
TR009715,2025-09-16,CO2,T04,Long,1870,72.04,134714.3,2066.85
TR009716,2025-09-16,GAS,T06,Long,820,38.4,31491.08,-392.13
TR009717,2025-09-16,CO2,T02,Long,755,69.03,52115.04,421.68
TR009718,2025-09-16,PWR,T01,Long,1933,94.73,183109.73,971.15
TR009719,2025-09-16,GAS,T02,Long,908,35.87,32574.28,498.05
TR009720,2025-09-16,CO2,T01,Short,647,70.41,45552.1,-252.2
TR009721,2025-09-16,COAL,T07,Long,1636,118.45,193786.64,-1734.28
TR009722,2025-09-16,CO2,T03,Short,286,70.73,20227.35,-143.49
TR009723,2025-09-16,COAL,T05,Long,967,115.97,112142.38,2909.34
TR009724,2025-09-16,CO2,T01,Long,1289,75.97,97922.9,-1447.16
TR009725,2025-09-16,PWR,T05,Long,504,82.8,41732.26,31.81
TR009726,2025-09-16,PWR,T05,Short,892,97.2,86698.96,-961.67
TR009727,2025-09-16,CO2,T06,Long,1004,70.44,70718.29,-1117.06
TR009728,2025-09-16,COAL,T03,Long,1867,117.34,219070.0,-1822.9
TR009729,2025-09-17,PWR,T06,Short,1217,93.02,113204.71,276.5
TR009730,2025-09-17,GAS,T06,Short,1482,38.62,57237.92,791.67
TR009731,2025-09-17,COAL,T01,Short,1325,115.29,152758.45,453.5
TR009732,2025-09-17,GAS,T04,Long,527,37.35,19681.13,-242.58
TR009733,2025-09-17,GAS,T03,Long,1068,38.98,41627.8,-136.34
TR009734,2025-09-17,COAL,T05,Short,363,115.6,41963.19,-271.11
TR009735,2025-09-17,GAS,T01,Long,605,36.61,22150.3,-669.69
TR009736,2025-09-17,COAL,T08,Long,374,116.91,43724.53,925.11
TR009737,2025-09-17,COAL,T03,Long,1877,119.49,224290.54,1265.0
TR009738,2025-09-17,CO2,T02,Long,434,72.04,31265.36,-163.8
TR009739,2025-09-17,COAL,T01,Long,688,111.9,76988.43,993.18
TR009740,2025-09-17,GAS,T07,Long,427,38.69,16520.9,348.18
TR009741,2025-09-17,GAS,T07,Short,235,38.2,8977.7,-196.27
TR009742,2025-09-17,CO2,T04,Long,1198,71.29,85401.08,761.1
TR009743,2025-09-17,PWR,T06,Short,57,89.16,5081.93,-47.71
TR009744,2025-09-18,GAS,T02,Long,1197,37.42,44792.43,-758.79
TR009745,2025-09-18,PWR,T07,Short,676,90.86,61422.89,-26.56
TR009746,2025-09-18,GAS,T01,Long,901,37.21,33528.54,-257.36
TR009747,2025-09-18,COAL,T01,Short,1267,119.72,151689.12,-3934.87
TR009748,2025-09-18,COAL,T04,Long,435,118.0,51329.08,-712.36
TR009749,2025-09-18,COAL,T04,Long,1124,115.9,130266.33,-5773.02
TR009750,2025-09-18,CO2,T04,Long,891,66.99,59686.2,2043.79
TR009751,2025-09-18,PWR,T04,Short,763,97.58,74453.38,-463.85
TR009752,2025-09-18,PWR,T07,Long,1075,86.1,92553.39,547.03
TR009753,2025-09-18,PWR,T02,Long,1244,91.37,113669.37,1343.56
TR009754,2025-09-18,PWR,T02,Long,776,97.14,75379.97,1047.07
TR009755,2025-09-18,COAL,T06,Long,525,119.31,62639.02,607.78
TR009756,2025-09-18,COAL,T07,Short,1352,119.27,161253.38,-1732.19
TR009757,2025-09-18,COAL,T06,Long,685,111.44,76336.32,705.23
TR009758,2025-09-18,COAL,T06,Short,1053,113.9,119936.98,-2390.12
TR009759,2025-09-19,GAS,T01,Long,310,35.9,11127.89,-23.17
TR009760,2025-09-19,PWR,T05,Long,750,89.28,66963.33,569.21
TR009761,2025-09-19,GAS,T01,Long,842,39.23,33029.52,73.34
TR009762,2025-09-19,PWR,T03,Short,424,83.33,35333.8,549.7
TR009763,2025-09-19,CO2,T07,Short,1450,68.51,99344.57,-611.52
TR009764,2025-09-19,GAS,T01,Long,1859,39.05,72591.55,1485.5
TR009765,2025-09-19,PWR,T02,Short,510,95.68,48796.47,716.33
TR009766,2025-09-19,GAS,T01,Long,269,38.38,10323.04,-131.07
TR009767,2025-09-19,PWR,T06,Long,158,96.66,15273.07,59.94
TR009768,2025-09-19,CO2,T03,Long,909,74.97,68149.92,189.27
TR009769,2025-09-19,GAS,T06,Short,686,38.06,26106.18,-686.98
TR009770,2025-09-19,GAS,T06,Short,1352,37.52,50729.8,-329.09
TR009771,2025-09-19,COAL,T06,Long,1483,120.67,178947.99,-1321.02
TR009772,2025-09-19,COAL,T08,Short,1781,119.75,213281.27,6723.49
TR009773,2025-09-19,GAS,T07,Short,1905,36.5,69530.05,-461.64
TR009774,2025-09-19,COAL,T04,Long,1880,114.65,215550.68,-2423.7
TR009775,2025-09-19,GAS,T02,Short,1961,39.02,76516.83,-2652.97
TR009776,2025-09-19,CO2,T06,Long,730,68.11,49720.77,693.87
TR009777,2025-09-19,PWR,T07,Long,1407,90.13,126818.48,-944.47
TR009778,2025-09-19,COAL,T01,Short,321,114.52,36760.47,-236.2
TR009779,2025-09-19,COAL,T01,Short,285,120.03,34209.47,-1054.08
TR009780,2025-09-22,COAL,T07,Short,905,116.55,105473.56,-2056.71
TR009781,2025-09-22,CO2,T04,Short,867,68.95,59781.67,-684.07
TR009782,2025-09-22,COAL,T04,Short,1276,116.1,148144.99,-3453.0
TR009783,2025-09-22,COAL,T04,Long,1288,120.93,155759.59,4053.78
TR009784,2025-09-22,CO2,T08,Long,517,73.54,38019.0,219.95
TR009785,2025-09-22,CO2,T07,Long,1648,72.16,118924.66,1102.47
TR009786,2025-09-22,COAL,T07,Long,1823,113.56,207027.15,-2517.7
TR009787,2025-09-22,PWR,T03,Long,1720,89.41,153777.23,2953.97
TR009788,2025-09-22,COAL,T07,Long,1733,117.53,203686.07,-1021.56
TR009789,2025-09-22,PWR,T03,Long,615,91.05,55994.83,-520.26
TR009790,2025-09-22,PWR,T07,Short,411,87.41,35926.07,384.45
TR009791,2025-09-22,GAS,T05,Short,1243,34.8,43260.35,683.39
TR009792,2025-09-22,CO2,T01,Long,1600,74.49,119181.97,-43.22
TR009793,2025-09-22,COAL,T07,Long,443,120.25,53269.29,-558.23
TR009794,2025-09-22,GAS,T03,Long,274,37.28,10215.48,11.38
TR009795,2025-09-22,PWR,T03,Short,789,84.5,66670.23,1293.3
TR009796,2025-09-22,COAL,T05,Long,448,115.09,51558.96,71.75
TR009797,2025-09-22,GAS,T06,Short,933,37.97,35426.28,-370.59
TR009798,2025-09-23,COAL,T01,Long,478,115.95,55423.12,904.28
TR009799,2025-09-23,CO2,T03,Short,1782,69.66,124134.04,2099.83
TR009800,2025-09-23,COAL,T04,Long,1178,122.19,143934.57,-106.2
TR009801,2025-09-23,PWR,T03,Short,1509,89.82,135535.16,-1476.16
TR009802,2025-09-23,GAS,T04,Long,832,38.66,32161.5,283.08
TR009803,2025-09-23,CO2,T06,Short,828,75.13,62203.5,1137.66
TR009804,2025-09-23,PWR,T04,Short,586,96.97,56825.67,-53.54
TR009805,2025-09-23,PWR,T01,Long,928,96.4,89460.88,281.9
TR009806,2025-09-23,PWR,T07,Long,1711,88.82,151966.85,1149.02
TR009807,2025-09-23,COAL,T06,Short,1894,118.96,225318.76,5864.31
TR009808,2025-09-23,PWR,T02,Long,314,91.89,28853.67,-516.95
TR009809,2025-09-23,CO2,T08,Long,1073,72.57,77864.12,-1086.33
TR009810,2025-09-23,COAL,T04,Long,498,120.81,60162.08,109.01
TR009811,2025-09-23,COAL,T04,Long,314,124.84,39201.19,-628.41
TR009812,2025-09-23,CO2,T08,Long,158,77.44,12236.14,-85.51
TR009813,2025-09-23,COAL,T04,Short,818,116.4,95216.36,-638.77
TR009814,2025-09-23,COAL,T07,Short,676,112.48,76038.63,-1460.65
TR009815,2025-09-23,PWR,T04,Long,1140,86.92,99093.19,2474.6
TR009816,2025-09-23,COAL,T04,Long,1028,116.29,119550.2,-1180.41
TR009817,2025-09-23,PWR,T01,Short,1652,85.54,141312.67,-2097.91
TR009818,2025-09-23,CO2,T07,Short,1808,65.77,118908.28,-2030.27
TR009819,2025-09-23,COAL,T03,Long,102,113.89,11617.23,-101.06
TR009820,2025-09-24,GAS,T08,Short,1428,40.77,58214.08,-421.41
TR009821,2025-09-24,COAL,T08,Long,166,115.21,19124.38,510.28
TR009822,2025-09-24,PWR,T05,Long,1374,94.25,129498.63,4768.15
TR009823,2025-09-24,PWR,T05,Long,1222,96.58,118014.67,1444.05
TR009824,2025-09-24,GAS,T04,Short,1674,40.09,67118.42,1941.02
TR009825,2025-09-24,PWR,T06,Long,829,96.71,80168.92,-956.84
TR009826,2025-09-24,COAL,T07,Long,810,106.88,86569.1,-989.74
TR009827,2025-09-24,CO2,T05,Short,1546,64.89,100323.34,-1812.77
TR009828,2025-09-24,GAS,T03,Short,1451,38.65,56084.83,153.77
TR009829,2025-09-24,PWR,T05,Short,1477,85.93,126919.29,1680.54
TR009830,2025-09-24,PWR,T04,Long,659,94.87,62518.42,1118.24
TR009831,2025-09-24,PWR,T05,Short,780,87.71,68417.03,51.12
TR009832,2025-09-24,GAS,T04,Short,533,37.96,20233.11,-72.67
TR009833,2025-09-24,PWR,T06,Long,1790,92.23,165096.5,-1835.55
TR009834,2025-09-24,PWR,T07,Short,345,95.97,33110.21,4.69
TR009835,2025-09-24,PWR,T08,Short,666,86.43,57560.6,-297.54
TR009836,2025-09-25,COAL,T02,Short,385,119.15,45871.59,370.46
TR009837,2025-09-25,PWR,T06,Long,621,89.86,55800.25,-165.94
TR009838,2025-09-25,COAL,T07,Long,789,111.52,87988.64,200.2
TR009839,2025-09-25,COAL,T02,Short,1883,119.19,224430.86,2173.91
TR009840,2025-09-25,PWR,T02,Short,643,93.91,60384.75,772.69
TR009841,2025-09-25,GAS,T01,Long,575,42.98,24712.04,180.07
TR009842,2025-09-25,PWR,T08,Long,1544,94.75,146293.56,2346.44
TR009843,2025-09-25,COAL,T03,Long,1049,114.25,119848.88,2218.38
TR009844,2025-09-25,PWR,T06,Short,555,91.57,50822.9,-56.8
TR009845,2025-09-25,CO2,T07,Short,1090,68.96,75162.74,-1251.6
TR009846,2025-09-25,PWR,T07,Long,797,89.4,71251.42,1102.59
TR009847,2025-09-25,GAS,T05,Long,1574,36.16,56914.45,-1211.3
TR009848,2025-09-25,CO2,T03,Long,1468,68.89,101133.47,-470.53
TR009849,2025-09-25,PWR,T06,Short,1760,98.04,172556.28,-1453.77
TR009850,2025-09-25,COAL,T04,Short,246,117.37,28873.05,-68.59
TR009851,2025-09-25,CO2,T08,Short,822,65.0,53433.28,1289.99
TR009852,2025-09-25,COAL,T02,Long,1622,113.53,184151.48,662.77
TR009853,2025-09-25,COAL,T05,Long,663,119.9,79495.97,773.06
TR009854,2025-09-25,COAL,T08,Long,783,113.36,88760.23,774.12
TR009855,2025-09-25,GAS,T08,Short,1629,36.74,59853.73,514.96
TR009856,2025-09-26,CO2,T06,Long,1201,72.16,86659.77,-259.99
TR009857,2025-09-26,PWR,T06,Long,284,101.45,28812.93,210.78
TR009858,2025-09-26,GAS,T03,Long,673,36.78,24755.17,-472.1
TR009859,2025-09-26,COAL,T08,Short,1755,121.1,212534.88,-2281.61
TR009860,2025-09-26,COAL,T01,Short,635,121.1,76899.01,809.96
TR009861,2025-09-26,CO2,T02,Long,195,69.7,13592.07,296.11
TR009862,2025-09-26,CO2,T02,Long,549,71.06,39010.54,1438.29
TR009863,2025-09-26,GAS,T06,Short,108,38.02,4105.95,11.37
TR009864,2025-09-26,GAS,T02,Short,351,39.78,13963.34,57.51
TR009865,2025-09-26,GAS,T03,Long,1753,38.47,67444.06,-229.16
TR009866,2025-09-26,GAS,T04,Long,1637,35.63,58333.81,-1106.6
TR009867,2025-09-26,CO2,T04,Long,1350,70.43,95075.88,-602.11
TR009868,2025-09-26,GAS,T05,Short,1153,36.85,42486.01,-265.57
TR009869,2025-09-26,PWR,T05,Long,721,77.14,55618.38,-824.67
TR009870,2025-09-26,PWR,T08,Long,203,96.46,19581.57,-301.53
TR009871,2025-09-26,GAS,T02,Short,1540,38.48,59261.13,1165.2
TR009872,2025-09-26,GAS,T01,Long,371,39.0,14469.82,4.74
TR009873,2025-09-26,COAL,T02,Short,1979,113.82,225247.55,1610.82
TR009874,2025-09-26,CO2,T01,Long,824,75.19,61957.1,1243.58
TR009875,2025-09-26,CO2,T06,Long,1772,65.44,115959.2,3907.32
TR009876,2025-09-26,CO2,T01,Long,1993,70.03,139569.92,-429.52
TR009877,2025-09-26,PWR,T07,Short,1243,98.45,122373.85,-1112.78
TR009878,2025-09-29,CO2,T07,Short,1170,71.9,84127.01,-88.39
TR009879,2025-09-29,CO2,T06,Long,252,72.92,18376.3,-116.62
TR009880,2025-09-29,COAL,T02,Short,899,124.43,111861.12,-295.16
TR009881,2025-09-29,COAL,T08,Long,333,119.15,39677.21,-337.18
TR009882,2025-09-29,PWR,T03,Long,394,85.74,33781.08,-69.2
TR009883,2025-09-29,GAS,T04,Long,796,36.21,28822.66,465.76
TR009884,2025-09-29,GAS,T07,Long,1638,36.26,59397.43,-346.66
TR009885,2025-09-29,COAL,T01,Short,509,114.8,58433.49,719.46
TR009886,2025-09-29,COAL,T07,Long,1602,112.76,180634.39,2139.93
TR009887,2025-09-29,CO2,T01,Long,230,72.49,16673.52,256.08
TR009888,2025-09-29,CO2,T07,Long,1505,71.65,107839.44,776.83
TR009889,2025-09-29,CO2,T06,Short,496,67.78,33617.58,-381.07
TR009890,2025-09-29,GAS,T02,Long,1674,39.29,65767.46,994.72
TR009891,2025-09-29,CO2,T04,Long,1780,73.07,130065.78,791.07
TR009892,2025-09-29,COAL,T08,Short,1747,120.64,210760.34,-5170.0
TR009893,2025-09-29,GAS,T05,Long,1033,36.93,38147.57,-480.73
TR009894,2025-09-29,GAS,T06,Short,1987,37.61,74729.97,-211.74
TR009895,2025-09-29,PWR,T07,Long,1399,105.81,148026.48,492.74
TR009896,2025-09-29,CO2,T05,Short,1292,74.84,96698.93,-663.86
TR009897,2025-09-29,COAL,T05,Long,1950,120.51,234994.93,4223.04
TR009898,2025-09-29,CO2,T03,Long,264,68.64,18121.6,117.85
TR009899,2025-09-29,COAL,T07,Long,1262,110.44,139372.34,4142.28
TR009900,2025-09-29,PWR,T02,Long,332,96.39,32000.32,-437.48
TR009901,2025-09-29,CO2,T07,Long,1756,74.57,130942.54,4202.42
TR009902,2025-09-29,COAL,T02,Short,624,120.89,75434.59,-79.79
TR009903,2025-09-29,GAS,T08,Short,756,39.09,29549.73,306.57
TR009904,2025-09-29,COAL,T04,Long,1005,113.82,114387.76,1732.09
TR009905,2025-09-29,CO2,T02,Long,1230,74.11,91157.61,-1447.38
TR009906,2025-09-30,PWR,T03,Short,1570,84.05,131964.14,-754.64
TR009907,2025-09-30,CO2,T08,Long,1161,68.78,79853.08,-12.24
TR009908,2025-09-30,CO2,T01,Long,1992,73.84,147094.33,2003.35
TR009909,2025-09-30,COAL,T08,Long,996,117.34,116868.24,-2025.99
TR009910,2025-09-30,COAL,T08,Long,1322,118.51,156664.5,2759.64
TR009911,2025-09-30,PWR,T06,Short,327,96.83,31662.72,637.29
TR009912,2025-09-30,PWR,T06,Long,886,86.26,76422.23,-153.36
TR009913,2025-09-30,PWR,T03,Short,250,83.12,20779.5,-327.52
TR009914,2025-09-30,GAS,T06,Short,549,35.75,19628.99,93.53
TR009915,2025-09-30,COAL,T01,Long,1993,112.44,224091.73,653.2
TR009916,2025-09-30,COAL,T06,Long,1885,116.63,219842.53,-2582.18
TR009917,2025-09-30,PWR,T02,Long,1438,89.63,128883.57,2064.46
TR009918,2025-09-30,CO2,T05,Short,1657,65.16,107975.61,-3100.31
TR009919,2025-09-30,CO2,T01,Long,1387,73.28,101646.11,610.59
TR009920,2025-09-30,COAL,T07,Long,1895,114.28,216564.46,3723.99
TR009921,2025-09-30,PWR,T06,Long,1501,97.87,146898.96,2889.38
TR009922,2025-09-30,CO2,T06,Short,1288,67.14,86482.09,-1180.11
TR009923,2025-09-30,CO2,T05,Long,1550,68.16,105643.24,-1949.15
TR009924,2025-09-30,GAS,T05,Long,1974,37.28,73593.65,-856.33
TR009925,2025-09-30,CO2,T03,Long,905,67.41,61002.2,1154.94
TR009926,2025-09-30,COAL,T06,Short,1417,115.06,163045.13,2947.49
TR009927,2025-09-30,GAS,T08,Long,943,36.29,34217.23,-313.97
TR009928,2025-10-01,COAL,T04,Long,1732,112.04,194061.59,851.88
TR009929,2025-10-01,PWR,T02,Long,1083,86.4,93566.89,1361.39
TR009930,2025-10-01,GAS,T04,Long,873,39.34,34342.57,1027.25
TR009931,2025-10-01,CO2,T06,Long,1043,72.54,75660.6,1516.54
TR009932,2025-10-01,PWR,T02,Long,1943,93.29,181255.86,2598.76
TR009933,2025-10-01,CO2,T02,Long,1195,67.51,80677.18,-1148.97
TR009934,2025-10-01,COAL,T07,Short,1421,121.87,173184.14,-3147.01
TR009935,2025-10-01,COAL,T04,Short,1358,116.79,158599.94,351.23
TR009936,2025-10-01,GAS,T05,Long,59,36.65,2162.6,-3.2
TR009937,2025-10-01,GAS,T08,Long,1482,36.37,53904.56,542.88
TR009938,2025-10-01,GAS,T08,Long,444,39.53,17551.32,22.23
TR009939,2025-10-01,GAS,T08,Long,547,39.6,21663.61,-311.16
TR009940,2025-10-01,COAL,T03,Long,894,111.35,99546.04,-69.23
TR009941,2025-10-01,PWR,T04,Short,534,96.28,51415.68,-1324.51
TR009942,2025-10-01,GAS,T04,Long,556,37.44,20815.57,-208.05
TR009943,2025-10-01,PWR,T07,Long,423,97.0,41030.3,259.14
TR009944,2025-10-01,GAS,T05,Long,671,40.72,27321.51,-20.23
TR009945,2025-10-01,PWR,T06,Long,1918,103.02,197595.41,4106.37
TR009946,2025-10-01,GAS,T04,Long,331,38.4,12710.94,-294.4
TR009947,2025-10-01,GAS,T06,Short,1216,39.89,48503.61,236.02
TR009948,2025-10-01,COAL,T08,Long,616,115.11,70906.65,-405.77
TR009949,2025-10-01,COAL,T03,Short,1562,114.74,179219.57,658.79
TR009950,2025-10-02,PWR,T07,Long,787,95.39,75072.44,-874.71
TR009951,2025-10-02,CO2,T01,Short,658,71.82,47255.77,568.81
TR009952,2025-10-02,PWR,T03,Long,1888,100.91,190523.82,-1853.22
TR009953,2025-10-02,CO2,T04,Long,1203,64.71,77840.51,369.05
TR009954,2025-10-02,COAL,T06,Long,1144,113.26,129563.91,-3640.99
TR009955,2025-10-02,CO2,T08,Long,1388,67.25,93340.28,-1697.72
TR009956,2025-10-02,PWR,T01,Long,966,88.03,85035.6,1132.5
TR009957,2025-10-02,COAL,T03,Long,1790,118.64,212362.72,-4536.99
TR009958,2025-10-02,GAS,T08,Short,1330,36.96,49160.12,221.88
TR009959,2025-10-02,PWR,T05,Long,1888,91.64,173020.22,-200.45
TR009960,2025-10-02,PWR,T03,Long,192,103.17,19809.23,-44.56
TR009961,2025-10-02,GAS,T01,Short,1240,37.46,46446.43,-506.13
TR009962,2025-10-02,COAL,T06,Short,838,123.62,103593.89,-164.6
TR009963,2025-10-02,COAL,T01,Long,387,114.02,44125.08,-376.88
TR009964,2025-10-02,PWR,T03,Short,208,88.57,18422.31,-288.6
TR009965,2025-10-02,COAL,T08,Long,95,113.82,10812.6,231.37
TR009966,2025-10-02,CO2,T06,Long,1454,69.45,100981.9,1429.97
TR009967,2025-10-02,PWR,T04,Short,1864,92.11,171697.67,1960.62
TR009968,2025-10-02,COAL,T03,Long,62,117.44,7281.36,-238.58
TR009969,2025-10-02,PWR,T06,Long,1916,86.06,164890.82,474.77
TR009970,2025-10-02,GAS,T05,Long,1756,39.78,69855.8,403.76
TR009971,2025-10-02,COAL,T02,Long,471,112.06,52781.94,-491.52
TR009972,2025-10-02,PWR,T07,Long,100,92.58,9257.97,-38.03
TR009973,2025-10-02,COAL,T08,Long,1826,114.46,209010.33,1730.62
TR009974,2025-10-02,PWR,T06,Short,806,90.35,72823.73,-1521.49
TR009975,2025-10-02,PWR,T07,Short,1256,97.01,121844.7,-1171.48
TR009976,2025-10-02,PWR,T05,Long,424,84.68,35904.93,427.44
TR009977,2025-10-02,COAL,T07,Long,102,114.72,11701.26,-275.29
TR009978,2025-10-03,GAS,T04,Long,178,39.57,7044.31,-184.64
TR009979,2025-10-03,GAS,T06,Short,408,37.93,15475.42,266.49
TR009980,2025-10-03,PWR,T03,Short,1309,85.88,112416.11,-142.3
TR009981,2025-10-03,COAL,T02,Long,1371,116.89,160250.43,1549.6
TR009982,2025-10-03,COAL,T02,Long,444,119.87,53220.32,339.64
TR009983,2025-10-03,CO2,T08,Long,829,66.69,55283.32,-756.45
TR009984,2025-10-03,CO2,T04,Short,1532,72.99,111825.43,2061.47
TR009985,2025-10-03,PWR,T02,Short,758,87.15,66060.14,-2121.98
TR009986,2025-10-03,PWR,T01,Long,1782,99.02,176447.19,-616.73
TR009987,2025-10-03,CO2,T04,Short,820,73.79,60505.1,-541.92
TR009988,2025-10-03,GAS,T07,Long,825,36.39,30019.03,316.17
TR009989,2025-10-03,GAS,T02,Long,1569,39.93,62657.53,-412.06
TR009990,2025-10-03,COAL,T03,Long,1720,121.19,208449.99,3041.18
TR009991,2025-10-03,CO2,T04,Long,79,69.76,5511.43,-33.06
TR009992,2025-10-03,PWR,T08,Long,1657,87.67,145265.13,2065.92
TR009993,2025-10-03,GAS,T08,Short,824,37.89,31224.33,-1233.92
TR009994,2025-10-03,COAL,T08,Short,387,114.15,44176.84,1007.97
TR009995,2025-10-03,CO2,T08,Short,159,78.51,12483.69,-46.79
TR009996,2025-10-03,COAL,T01,Long,1262,117.87,148757.04,1622.86
TR009997,2025-10-06,GAS,T05,Short,923,38.73,35743.6,-961.63
TR009998,2025-10-06,COAL,T08,Short,125,123.26,15407.98,40.05
TR009999,2025-10-06,CO2,T03,Short,164,69.38,11378.08,-51.16
TR010000,2025-10-06,PWR,T08,Long,1689,95.33,161004.12,1593.81
TR010001,2025-10-06,CO2,T07,Long,1110,75.27,83551.14,1345.42
TR010002,2025-10-06,PWR,T05,Long,737,91.94,67759.0,-247.11
TR010003,2025-10-06,PWR,T04,Long,1146,97.49,111722.27,644.87
TR010004,2025-10-06,PWR,T04,Long,1892,88.11,166701.45,931.72
TR010005,2025-10-06,COAL,T05,Long,817,118.28,96635.76,-4047.99
TR010006,2025-10-06,PWR,T04,Short,151,93.54,14124.86,-14.3
TR010007,2025-10-06,GAS,T01,Short,1767,38.61,68231.37,225.16
TR010008,2025-10-06,GAS,T04,Long,339,40.67,13786.8,109.53
TR010009,2025-10-06,COAL,T05,Short,1365,116.58,159134.74,1394.02
TR010010,2025-10-06,CO2,T03,Long,1913,71.49,136760.25,-648.77
TR010011,2025-10-06,CO2,T07,Short,90,68.83,6195.05,122.06
TR010012,2025-10-06,GAS,T08,Long,1244,35.37,43995.36,290.12
TR010013,2025-10-06,COAL,T08,Long,104,121.93,12681.08,83.44
TR010014,2025-10-06,PWR,T06,Long,667,103.26,68873.93,2257.36
TR010015,2025-10-06,CO2,T01,Long,595,70.71,42071.3,338.27
TR010016,2025-10-07,GAS,T07,Short,1686,38.79,65394.34,909.37
TR010017,2025-10-07,GAS,T01,Short,970,41.87,40610.47,-72.85
TR010018,2025-10-07,CO2,T05,Long,704,72.51,51048.65,-564.6
TR010019,2025-10-07,CO2,T03,Short,727,66.34,48229.27,117.04
TR010020,2025-10-07,COAL,T07,Long,875,121.5,106312.42,-340.43
TR010021,2025-10-07,GAS,T04,Long,387,40.26,15578.87,46.9
TR010022,2025-10-07,GAS,T07,Long,51,39.08,1992.84,47.3
TR010023,2025-10-07,CO2,T04,Short,742,75.44,55974.11,-952.98
TR010024,2025-10-07,CO2,T05,Long,425,71.18,30250.4,155.29
TR010025,2025-10-07,CO2,T01,Long,1136,71.05,80714.12,1061.2
TR010026,2025-10-07,PWR,T08,Long,648,90.04,58345.25,789.72
TR010027,2025-10-07,PWR,T03,Short,612,77.45,47397.81,1305.44
TR010028,2025-10-07,CO2,T02,Long,1048,71.63,75066.19,680.44
TR010029,2025-10-07,GAS,T05,Long,68,41.22,2802.97,6.43
TR010030,2025-10-07,CO2,T03,Long,422,73.93,31200.28,-567.43
TR010031,2025-10-08,GAS,T02,Long,528,39.85,21040.82,403.58
TR010032,2025-10-08,CO2,T05,Long,1296,67.89,87985.79,1551.67
TR010033,2025-10-08,PWR,T08,Long,290,91.28,26472.3,197.38
TR010034,2025-10-08,PWR,T01,Long,469,90.66,42518.8,-120.85
TR010035,2025-10-08,COAL,T05,Short,710,111.23,78971.16,1318.22
TR010036,2025-10-08,COAL,T07,Short,1279,118.8,151942.94,62.0
TR010037,2025-10-08,COAL,T07,Long,1437,117.79,169268.93,1768.18
TR010038,2025-10-08,GAS,T07,Short,993,38.82,38546.0,103.14
TR010039,2025-10-08,CO2,T08,Long,124,73.91,9165.25,226.48
TR010040,2025-10-08,COAL,T08,Short,1516,112.98,171278.46,-344.44
TR010041,2025-10-08,CO2,T05,Long,1389,70.6,98059.21,-3538.98
TR010042,2025-10-08,GAS,T05,Long,1507,35.95,54172.92,560.98
TR010043,2025-10-08,PWR,T03,Short,364,83.56,30416.51,-226.6
TR010044,2025-10-08,PWR,T04,Short,838,91.95,77052.74,564.3
TR010045,2025-10-08,CO2,T05,Long,1088,79.81,86835.18,-780.49
TR010046,2025-10-08,PWR,T05,Long,969,92.37,89505.99,-652.96
TR010047,2025-10-08,COAL,T01,Short,1628,116.51,189676.71,5135.77
TR010048,2025-10-09,COAL,T06,Short,1001,124.65,124779.03,-1422.32
TR010049,2025-10-09,PWR,T08,Short,461,92.95,42847.75,-76.17
TR010050,2025-10-09,GAS,T06,Long,1714,38.67,66273.37,172.49
TR010051,2025-10-09,CO2,T02,Short,274,71.91,19704.4,-191.13
TR010052,2025-10-09,GAS,T05,Long,1048,39.11,40986.83,602.35
TR010053,2025-10-09,PWR,T04,Long,155,82.1,12724.74,35.08
TR010054,2025-10-09,COAL,T03,Short,325,117.97,38338.63,-157.89
TR010055,2025-10-09,PWR,T08,Short,338,89.58,30277.13,356.55
TR010056,2025-10-09,GAS,T07,Short,1536,38.67,59402.4,749.22
TR010057,2025-10-09,PWR,T02,Long,268,91.2,24441.79,362.86
TR010058,2025-10-09,PWR,T02,Long,542,87.67,47515.34,-29.26
TR010059,2025-10-09,CO2,T07,Short,984,74.16,72971.88,1816.35
TR010060,2025-10-09,PWR,T04,Short,1309,95.45,124938.98,1255.73
TR010061,2025-10-09,COAL,T05,Short,461,115.19,53104.61,-1930.15
TR010062,2025-10-09,PWR,T05,Long,1444,94.22,136055.55,-3159.97
TR010063,2025-10-09,GAS,T08,Short,670,35.54,23809.23,140.57
TR010064,2025-10-09,PWR,T02,Long,1917,76.06,145802.52,1085.96
TR010065,2025-10-09,COAL,T01,Short,78,113.43,8847.91,36.05
TR010066,2025-10-09,CO2,T03,Short,293,68.75,20142.4,139.01
TR010067,2025-10-10,PWR,T08,Long,868,97.04,84233.28,1691.02
TR010068,2025-10-10,PWR,T06,Short,1514,91.74,138892.8,274.63
TR010069,2025-10-10,COAL,T07,Long,266,109.44,29110.74,390.95
TR010070,2025-10-10,COAL,T03,Long,1996,122.56,244619.91,1214.73
TR010071,2025-10-10,CO2,T08,Long,630,68.97,43448.96,685.0
TR010072,2025-10-10,PWR,T07,Short,1269,88.33,112091.25,898.47
TR010073,2025-10-10,PWR,T07,Short,1157,85.38,98780.05,-1637.48
TR010074,2025-10-10,PWR,T01,Long,161,98.55,15866.57,340.13
TR010075,2025-10-10,GAS,T08,Long,1009,38.94,39293.5,466.48
TR010076,2025-10-10,COAL,T08,Long,935,118.07,110393.08,383.67
TR010077,2025-10-10,CO2,T07,Short,782,70.87,55416.9,1132.72
TR010078,2025-10-10,CO2,T02,Long,312,72.38,22583.22,-444.81
TR010079,2025-10-10,CO2,T07,Long,1446,73.6,106428.52,607.6
TR010080,2025-10-10,CO2,T06,Long,483,71.81,34684.72,-100.11
TR010081,2025-10-10,PWR,T03,Short,260,84.6,21995.66,280.32
TR010082,2025-10-10,CO2,T06,Long,1374,75.48,103707.62,-1315.86
TR010083,2025-10-10,PWR,T08,Long,659,78.17,51511.6,95.21
TR010084,2025-10-10,GAS,T07,Long,664,35.58,23626.96,-48.18
TR010085,2025-10-10,PWR,T08,Long,1033,96.31,99488.82,-208.72
TR010086,2025-10-10,GAS,T04,Long,252,39.84,10039.66,176.75
TR010087,2025-10-10,COAL,T08,Long,1290,107.74,138987.58,1681.8
TR010088,2025-10-10,PWR,T05,Short,644,88.34,56889.92,-188.02
TR010089,2025-10-10,PWR,T05,Long,93,90.51,8417.82,82.78
TR010090,2025-10-10,CO2,T06,Short,376,66.22,24900.01,599.16
TR010091,2025-10-10,CO2,T05,Short,165,77.22,12741.15,-345.86
TR010092,2025-10-10,COAL,T05,Short,1690,121.13,204715.67,954.61
TR010093,2025-10-10,COAL,T03,Short,1010,114.11,115253.01,355.23
TR010094,2025-10-10,CO2,T04,Short,703,71.78,50462.88,-373.77
TR010095,2025-10-13,CO2,T07,Long,817,71.89,58733.77,678.7
TR010096,2025-10-13,PWR,T04,Long,80,84.34,6747.56,24.79
TR010097,2025-10-13,GAS,T02,Long,516,38.7,19969.4,591.01
TR010098,2025-10-13,GAS,T03,Short,1045,38.41,40138.51,100.58
TR010099,2025-10-13,GAS,T07,Long,585,37.94,22196.35,-486.88
TR010100,2025-10-13,PWR,T08,Long,360,89.48,32214.56,-323.62
TR010101,2025-10-13,CO2,T06,Long,1611,65.63,105732.41,-884.99
TR010102,2025-10-13,PWR,T03,Long,1527,96.94,148031.42,-3706.85
TR010103,2025-10-13,GAS,T03,Short,590,35.36,20862.8,-126.56
TR010104,2025-10-13,PWR,T02,Short,1598,91.2,145732.38,-984.5
TR010105,2025-10-13,GAS,T02,Short,1432,36.47,52221.35,353.8
TR010106,2025-10-13,PWR,T02,Short,1293,88.1,113907.15,-2123.82
TR010107,2025-10-13,PWR,T01,Long,82,90.94,7457.27,15.15
TR010108,2025-10-13,COAL,T05,Short,929,110.1,102279.07,-1223.95
TR010109,2025-10-13,GAS,T01,Long,1716,37.83,64910.43,-248.5
TR010110,2025-10-13,GAS,T03,Short,253,40.48,10242.04,16.98
TR010111,2025-10-13,GAS,T08,Long,1092,38.6,42146.16,41.23
TR010112,2025-10-13,CO2,T01,Short,278,65.74,18277.02,7.58
TR010113,2025-10-13,PWR,T04,Long,1553,92.41,143516.81,-148.86
TR010114,2025-10-13,PWR,T02,Short,1759,83.73,147280.83,4046.88
TR010115,2025-10-13,GAS,T05,Long,676,39.89,26965.4,-346.71
TR010116,2025-10-13,PWR,T02,Short,1263,100.11,126437.62,-3620.66
TR010117,2025-10-13,PWR,T08,Long,722,89.12,64344.85,-1155.49
TR010118,2025-10-14,CO2,T01,Short,1986,72.1,143181.84,-460.67
TR010119,2025-10-14,GAS,T06,Short,250,41.83,10457.43,41.92
TR010120,2025-10-14,CO2,T03,Long,1494,70.94,105988.13,-1173.52
TR010121,2025-10-14,CO2,T03,Long,1666,71.66,119391.48,-646.39
TR010122,2025-10-14,CO2,T08,Short,1476,76.24,112523.3,378.04
TR010123,2025-10-14,GAS,T05,Long,502,39.56,19857.48,349.43
TR010124,2025-10-14,CO2,T07,Long,55,72.73,4000.16,-13.34
TR010125,2025-10-14,COAL,T04,Short,627,108.32,67919.67,1070.86
TR010126,2025-10-14,GAS,T03,Short,1357,38.61,52391.25,-1000.34
TR010127,2025-10-14,CO2,T06,Short,1115,79.92,89110.61,-739.58
TR010128,2025-10-14,CO2,T04,Long,876,66.57,58312.42,642.65
TR010129,2025-10-14,CO2,T05,Long,1441,68.0,97990.26,-18.63
TR010130,2025-10-14,COAL,T02,Short,713,118.44,84445.25,637.09
TR010131,2025-10-14,COAL,T04,Long,640,112.0,71681.16,205.15
TR010132,2025-10-14,CO2,T08,Short,1609,68.61,110389.39,-387.86
TR010133,2025-10-14,GAS,T08,Short,1413,37.3,52698.58,141.29
TR010134,2025-10-14,GAS,T02,Long,1135,36.57,41506.66,825.27
TR010135,2025-10-14,PWR,T07,Short,264,93.73,24744.57,167.13
TR010136,2025-10-14,CO2,T06,Long,255,68.88,17563.96,197.2
TR010137,2025-10-15,GAS,T03,Long,1817,36.53,66381.08,207.92
TR010138,2025-10-15,CO2,T08,Short,192,66.07,12686.32,-61.15
TR010139,2025-10-15,CO2,T04,Long,1118,73.32,81966.21,-1423.73
TR010140,2025-10-15,PWR,T04,Short,77,93.81,7223.11,67.9
TR010141,2025-10-15,COAL,T02,Short,1116,122.14,136310.68,-838.25
TR010142,2025-10-15,PWR,T01,Long,1286,89.39,114956.97,-1108.48
TR010143,2025-10-15,GAS,T08,Short,1969,38.76,76321.22,-1770.55
TR010144,2025-10-15,PWR,T06,Long,1762,97.32,171481.74,1353.24
TR010145,2025-10-15,CO2,T04,Short,379,74.04,28060.39,553.17
TR010146,2025-10-15,PWR,T06,Short,888,92.13,81812.39,557.54
TR010147,2025-10-15,PWR,T01,Long,662,93.41,61835.28,3178.67
TR010148,2025-10-15,GAS,T06,Long,643,38.12,24509.03,-105.23
TR010149,2025-10-15,CO2,T02,Long,1228,73.82,90656.04,1177.73
TR010150,2025-10-15,PWR,T02,Short,1895,90.65,171780.5,915.56
TR010151,2025-10-15,GAS,T05,Short,1684,35.92,60495.46,-491.78
TR010152,2025-10-15,GAS,T01,Long,577,37.75,21780.85,-22.41
TR010153,2025-10-15,GAS,T06,Short,1887,35.8,67561.53,2882.54
TR010154,2025-10-15,CO2,T03,Long,1147,75.33,86400.5,-658.86
TR010155,2025-10-15,CO2,T07,Short,1033,71.74,74103.56,-186.97
TR010156,2025-10-15,CO2,T02,Long,922,76.91,70906.94,-732.47
TR010157,2025-10-16,COAL,T01,Long,1389,118.73,164911.92,-1084.3
TR010158,2025-10-16,GAS,T03,Short,238,37.72,8977.13,98.24
TR010159,2025-10-16,CO2,T04,Long,1524,68.82,104874.59,2561.62
TR010160,2025-10-16,CO2,T07,Long,1526,72.93,111292.44,-2067.68
TR010161,2025-10-16,GAS,T08,Long,67,38.52,2580.77,11.64
TR010162,2025-10-16,PWR,T05,Short,1303,90.84,118366.59,1463.97
TR010163,2025-10-16,COAL,T03,Short,838,119.66,100278.49,-504.32
TR010164,2025-10-16,COAL,T08,Short,542,115.62,62665.42,32.37
TR010165,2025-10-16,GAS,T06,Short,887,36.68,32534.95,-432.3
TR010166,2025-10-16,COAL,T06,Short,1788,113.8,203478.23,2894.14
TR010167,2025-10-16,GAS,T07,Short,1231,36.86,45371.99,-1080.21
TR010168,2025-10-16,COAL,T07,Short,1196,113.92,136247.16,-1126.92
TR010169,2025-10-16,COAL,T03,Long,516,118.93,61366.87,488.42
TR010170,2025-10-16,CO2,T08,Long,408,71.74,29269.01,-242.46
TR010171,2025-10-16,CO2,T04,Long,1471,74.45,109521.15,770.56
TR010172,2025-10-16,GAS,T02,Long,1744,37.91,66112.27,160.9
TR010173,2025-10-17,GAS,T01,Long,404,37.79,15268.19,76.49
TR010174,2025-10-17,COAL,T07,Long,1006,124.11,124852.38,944.04
TR010175,2025-10-17,CO2,T02,Long,1245,67.13,83575.29,-757.78
TR010176,2025-10-17,GAS,T01,Short,226,35.67,8060.46,-59.74
TR010177,2025-10-17,COAL,T02,Short,1521,113.44,172548.38,237.47
TR010178,2025-10-17,GAS,T06,Short,203,37.34,7579.59,-55.51
TR010179,2025-10-17,COAL,T04,Long,1366,122.99,168005.52,4043.89
TR010180,2025-10-17,CO2,T02,Short,758,68.95,52267.35,349.88
TR010181,2025-10-17,GAS,T02,Short,1186,37.69,44700.81,485.78
TR010182,2025-10-17,COAL,T02,Long,1591,121.19,192820.15,3211.59
TR010183,2025-10-17,COAL,T06,Long,232,109.85,25485.39,-87.31
TR010184,2025-10-17,COAL,T04,Short,1367,114.26,156188.72,-1289.72
TR010185,2025-10-17,PWR,T03,Short,1518,104.84,159147.06,-1335.14
TR010186,2025-10-17,GAS,T07,Short,924,36.15,33400.4,-331.58
TR010187,2025-10-17,GAS,T07,Short,758,40.26,30515.43,32.29
TR010188,2025-10-17,CO2,T04,Short,1789,68.25,122104.77,-1976.2
TR010189,2025-10-17,COAL,T08,Long,347,113.89,39518.72,132.92
TR010190,2025-10-17,COAL,T06,Short,498,115.01,57275.31,546.6
TR010191,2025-10-17,PWR,T04,Short,1803,99.11,178692.58,-3508.54
TR010192,2025-10-17,GAS,T08,Long,997,37.16,37051.76,-677.23
TR010193,2025-10-17,CO2,T04,Long,1763,67.27,118591.54,-1842.09
TR010194,2025-10-17,CO2,T02,Short,57,76.05,4334.78,-133.95
TR010195,2025-10-17,PWR,T01,Short,1156,90.8,104960.87,-291.48
TR010196,2025-10-17,PWR,T08,Long,1021,95.79,97806.0,2140.62
TR010197,2025-10-17,PWR,T02,Short,191,92.39,17646.17,26.37
TR010198,2025-10-17,GAS,T08,Long,1273,39.75,50604.13,86.66
TR010199,2025-10-17,GAS,T03,Long,487,41.82,20367.44,471.16
TR010200,2025-10-17,PWR,T06,Short,572,84.54,48354.86,71.12
TR010201,2025-10-17,COAL,T02,Short,268,117.29,31432.68,-165.82
TR010202,2025-10-20,GAS,T05,Long,1111,39.49,43878.39,356.17
TR010203,2025-10-20,GAS,T01,Long,129,37.5,4837.0,15.5
TR010204,2025-10-20,PWR,T08,Long,1824,92.74,169150.71,-440.83
TR010205,2025-10-20,PWR,T07,Long,752,90.07,67730.64,-60.88
TR010206,2025-10-20,COAL,T03,Long,407,117.81,47949.67,-1301.99
TR010207,2025-10-20,COAL,T03,Short,246,111.89,27524.17,-607.94
TR010208,2025-10-20,GAS,T05,Long,251,38.16,9577.6,133.03
TR010209,2025-10-20,GAS,T05,Long,1710,39.74,67946.93,-298.62
TR010210,2025-10-20,COAL,T01,Long,1698,110.56,187728.45,-1785.29
TR010211,2025-10-20,PWR,T06,Long,102,86.87,8860.89,36.61
TR010212,2025-10-20,GAS,T01,Short,350,37.53,13134.53,-151.01
TR010213,2025-10-20,CO2,T04,Short,230,72.57,16691.38,205.02
TR010214,2025-10-20,COAL,T03,Long,1633,117.11,191234.95,-960.69
TR010215,2025-10-20,PWR,T07,Short,217,85.93,18645.83,222.5
TR010216,2025-10-20,CO2,T08,Short,1863,71.0,132271.9,3345.5
TR010217,2025-10-20,PWR,T02,Short,1952,92.96,181455.01,-274.7
TR010218,2025-10-20,GAS,T01,Long,640,41.09,26297.13,985.75
TR010219,2025-10-20,COAL,T02,Short,1897,114.04,216333.15,277.93
TR010220,2025-10-20,COAL,T04,Long,78,116.22,9065.19,46.65
TR010221,2025-10-20,PWR,T01,Short,1666,99.54,165829.45,-3658.19
TR010222,2025-10-20,COAL,T01,Long,320,111.74,35757.95,828.07
TR010223,2025-10-20,COAL,T01,Short,626,121.67,76166.08,-1091.33
TR010224,2025-10-20,CO2,T06,Short,781,66.41,51869.0,467.12
TR010225,2025-10-21,PWR,T06,Long,629,83.61,52590.55,-766.23
TR010226,2025-10-21,CO2,T06,Long,1051,71.41,75051.7,1703.43
TR010227,2025-10-21,GAS,T07,Short,1510,39.78,60067.83,305.89
TR010228,2025-10-21,PWR,T04,Long,1905,97.55,185826.39,-1690.08
TR010229,2025-10-21,GAS,T06,Long,324,37.26,12071.53,-12.1
TR010230,2025-10-21,GAS,T06,Short,1365,36.55,49893.14,-1391.21
TR010231,2025-10-21,GAS,T05,Short,325,38.45,12496.36,-43.49
TR010232,2025-10-21,GAS,T03,Long,1681,39.47,66352.03,1305.97
TR010233,2025-10-21,PWR,T04,Long,1503,101.55,152631.77,1007.63
TR010234,2025-10-21,COAL,T04,Short,695,114.73,79735.39,81.36
TR010235,2025-10-21,COAL,T07,Long,562,111.4,62605.25,1004.14
TR010236,2025-10-21,PWR,T04,Long,1152,104.03,119847.08,542.38
TR010237,2025-10-21,GAS,T06,Long,845,40.5,34225.31,-42.51
TR010238,2025-10-21,CO2,T01,Long,1313,72.49,95177.08,-759.24
TR010239,2025-10-21,COAL,T02,Long,1097,122.92,134848.59,-460.53
TR010240,2025-10-21,COAL,T07,Long,1040,118.25,122980.31,-1237.16
TR010241,2025-10-21,CO2,T02,Short,1027,71.93,73873.82,-65.74
TR010242,2025-10-22,CO2,T07,Short,1351,74.14,100160.16,331.61
TR010243,2025-10-22,COAL,T06,Short,797,115.87,92348.51,1613.56
TR010244,2025-10-22,COAL,T07,Long,1278,119.84,153159.83,2431.42
TR010245,2025-10-22,PWR,T02,Short,1571,86.53,135944.24,-4972.6
TR010246,2025-10-22,CO2,T07,Short,280,72.35,20258.01,-337.0
TR010247,2025-10-22,GAS,T01,Long,333,40.68,13545.45,87.3
TR010248,2025-10-22,PWR,T07,Long,519,89.58,46489.66,-411.71
TR010249,2025-10-22,COAL,T07,Long,1111,119.72,133004.15,1928.58
TR010250,2025-10-22,PWR,T07,Long,65,95.9,6233.7,-5.28
TR010251,2025-10-22,CO2,T04,Long,98,78.29,7671.97,31.27
TR010252,2025-10-22,CO2,T02,Short,1659,71.9,119275.43,-2097.14
TR010253,2025-10-22,PWR,T05,Long,729,94.02,68543.98,-1947.55
TR010254,2025-10-22,PWR,T06,Short,1360,89.89,122248.57,138.88
TR010255,2025-10-22,PWR,T03,Long,1616,92.84,150022.54,-2219.08
TR010256,2025-10-22,GAS,T03,Long,911,39.15,35662.04,-510.85
TR010257,2025-10-22,PWR,T08,Long,1094,88.19,96478.02,1140.63
TR010258,2025-10-22,COAL,T05,Short,1671,113.74,190057.59,2292.86
TR010259,2025-10-22,GAS,T03,Short,945,39.84,37644.99,666.45
TR010260,2025-10-22,GAS,T04,Short,1445,39.98,57774.26,110.34
TR010261,2025-10-23,PWR,T07,Long,617,88.25,54452.23,1125.36
TR010262,2025-10-23,COAL,T03,Short,506,115.21,58293.87,-452.87
TR010263,2025-10-23,COAL,T06,Long,1755,115.87,203355.16,5320.79
TR010264,2025-10-23,PWR,T04,Long,1643,89.92,147742.81,1181.75
TR010265,2025-10-23,COAL,T02,Long,278,117.36,32627.33,-259.39
TR010266,2025-10-23,PWR,T04,Long,1546,88.98,137564.44,-677.24
TR010267,2025-10-23,GAS,T04,Long,877,36.11,31667.39,-207.78
TR010268,2025-10-23,CO2,T04,Short,1143,70.44,80515.23,2647.58
TR010269,2025-10-23,PWR,T05,Short,451,91.87,41435.23,-689.26
TR010270,2025-10-23,COAL,T07,Long,1184,114.43,135480.83,-2805.5
TR010271,2025-10-23,COAL,T04,Long,1133,113.56,128668.49,752.68
TR010272,2025-10-23,COAL,T02,Long,1060,117.35,124392.14,809.84
TR010273,2025-10-23,GAS,T07,Short,1812,40.21,72866.33,371.58
TR010274,2025-10-23,CO2,T05,Short,391,77.56,30326.1,257.41
TR010275,2025-10-23,CO2,T08,Short,652,71.96,46920.33,-712.66
TR010276,2025-10-23,COAL,T06,Short,299,122.63,36665.29,221.75
TR010277,2025-10-23,GAS,T07,Long,1416,39.84,56418.95,-380.34
TR010278,2025-10-23,CO2,T06,Long,975,73.22,71387.62,989.56
TR010279,2025-10-23,CO2,T03,Short,588,68.91,40520.98,827.87
TR010280,2025-10-23,PWR,T07,Long,677,97.43,65960.64,-470.85
TR010281,2025-10-23,PWR,T04,Short,236,91.36,21561.2,-138.6
TR010282,2025-10-23,COAL,T03,Long,1662,117.83,195833.29,-682.17
TR010283,2025-10-23,COAL,T01,Long,54,120.62,6513.47,-121.9
TR010284,2025-10-23,CO2,T01,Long,1132,72.54,82113.69,378.63
TR010285,2025-10-23,CO2,T08,Short,1667,68.06,113461.98,-975.82
TR010286,2025-10-23,GAS,T07,Short,1862,39.83,74158.74,611.6
TR010287,2025-10-23,COAL,T05,Short,467,116.43,54373.67,-333.28
TR010288,2025-10-23,PWR,T07,Long,1884,95.21,179382.8,-1865.44
TR010289,2025-10-24,COAL,T01,Short,1900,112.61,213965.14,-1270.41
TR010290,2025-10-24,COAL,T08,Short,467,110.57,51635.52,529.35
TR010291,2025-10-24,CO2,T01,Long,995,75.0,74621.78,-741.69
TR010292,2025-10-24,PWR,T07,Long,1097,88.97,97604.09,585.91
TR010293,2025-10-24,COAL,T04,Long,568,112.91,64134.55,355.37
TR010294,2025-10-24,CO2,T07,Short,1223,71.16,87028.12,-281.15
TR010295,2025-10-24,GAS,T03,Short,590,37.55,22156.01,-384.55
TR010296,2025-10-24,GAS,T05,Short,1150,39.35,45256.71,-406.98
TR010297,2025-10-24,COAL,T04,Short,1205,116.32,140161.51,511.13
TR010298,2025-10-24,GAS,T05,Long,1075,37.59,40412.79,424.62
TR010299,2025-10-24,PWR,T05,Short,151,91.37,13796.55,304.26
TR010300,2025-10-24,CO2,T06,Long,1079,70.89,76486.75,88.23
TR010301,2025-10-24,CO2,T08,Short,1978,70.97,140378.0,3279.8
TR010302,2025-10-24,COAL,T01,Long,1340,119.17,159681.56,-2020.01
TR010303,2025-10-24,GAS,T03,Long,1919,36.5,70043.38,-1218.64
TR010304,2025-10-27,CO2,T06,Long,1064,76.39,81282.67,1774.52
TR010305,2025-10-27,GAS,T02,Short,1372,38.58,52932.77,228.06
TR010306,2025-10-27,PWR,T04,Short,319,91.3,29125.61,-179.63
TR010307,2025-10-27,CO2,T03,Long,1204,72.81,87663.96,1717.27
TR010308,2025-10-27,PWR,T05,Long,986,98.21,96832.98,-925.21
TR010309,2025-10-27,GAS,T01,Long,1608,37.68,60595.3,1842.97
TR010310,2025-10-27,CO2,T05,Short,100,71.57,7157.15,10.33
TR010311,2025-10-27,GAS,T03,Long,932,37.99,35403.72,-750.14
TR010312,2025-10-27,GAS,T01,Long,1789,40.07,71692.81,387.32
TR010313,2025-10-27,PWR,T04,Long,1827,91.82,167746.25,-2588.63
TR010314,2025-10-27,PWR,T08,Long,1061,93.65,99361.36,-516.46
TR010315,2025-10-27,PWR,T06,Short,590,97.81,57708.18,-673.12
TR010316,2025-10-27,PWR,T01,Short,421,79.99,33674.72,-490.2
TR010317,2025-10-27,GAS,T05,Short,1277,38.97,49761.5,930.57
TR010318,2025-10-27,PWR,T08,Short,528,96.42,50910.88,72.47
TR010319,2025-10-27,GAS,T01,Long,1500,40.27,60410.31,403.79
TR010320,2025-10-27,PWR,T05,Long,687,86.46,59398.06,-776.92
TR010321,2025-10-27,CO2,T02,Long,1334,68.18,90946.22,501.67
TR010322,2025-10-27,CO2,T07,Long,971,70.74,68687.95,-663.81
TR010323,2025-10-27,CO2,T08,Long,1922,67.17,129099.54,826.46
TR010324,2025-10-27,PWR,T06,Long,369,91.76,33857.74,210.58
TR010325,2025-10-28,CO2,T04,Long,1692,73.11,123700.52,-1727.21
TR010326,2025-10-28,GAS,T07,Long,278,37.18,10336.44,228.85
TR010327,2025-10-28,COAL,T08,Short,304,121.82,37033.16,-314.78
TR010328,2025-10-28,CO2,T05,Long,584,74.75,43652.81,1098.87
TR010329,2025-10-28,GAS,T06,Long,1298,37.81,49073.1,1157.54
TR010330,2025-10-28,GAS,T07,Long,1770,36.47,64558.05,439.65
TR010331,2025-10-28,GAS,T01,Short,1467,37.8,55454.01,66.05
TR010332,2025-10-28,GAS,T02,Long,1388,39.46,54777.26,-49.27
TR010333,2025-10-28,PWR,T01,Long,672,89.74,60305.09,-1089.97
TR010334,2025-10-28,COAL,T01,Short,1909,112.5,214753.56,-2868.41
TR010335,2025-10-28,GAS,T01,Long,247,36.03,8900.21,3.49
TR010336,2025-10-28,COAL,T05,Long,187,116.44,21773.54,137.56
TR010337,2025-10-28,COAL,T06,Long,1509,114.4,172628.08,2208.99
TR010338,2025-10-28,CO2,T08,Long,1581,68.73,108663.3,-538.31
TR010339,2025-10-28,COAL,T03,Short,753,113.23,85261.58,-386.26
TR010340,2025-10-28,GAS,T07,Long,469,37.4,17540.21,-142.08
TR010341,2025-10-28,COAL,T03,Long,629,116.46,73250.88,1041.81
TR010342,2025-10-28,GAS,T01,Long,235,38.0,8929.73,127.42
TR010343,2025-10-29,PWR,T03,Long,1400,96.32,134850.8,-3234.19
TR010344,2025-10-29,CO2,T07,Short,402,73.1,29386.97,699.24
TR010345,2025-10-29,COAL,T08,Long,843,114.69,96685.87,-219.27
TR010346,2025-10-29,GAS,T03,Short,204,37.8,7710.86,145.22
TR010347,2025-10-29,GAS,T03,Short,1101,37.17,40923.89,-628.35
TR010348,2025-10-29,CO2,T04,Long,725,74.96,54342.84,278.7
TR010349,2025-10-29,CO2,T06,Short,904,71.87,64972.55,1681.03
TR010350,2025-10-29,COAL,T04,Long,1487,125.41,186483.63,-521.01
TR010351,2025-10-29,GAS,T05,Short,1646,37.61,61911.49,-625.86
TR010352,2025-10-29,GAS,T03,Long,1081,38.24,41340.52,-567.94
TR010353,2025-10-29,CO2,T06,Long,1934,71.02,137352.79,754.44
TR010354,2025-10-29,CO2,T08,Short,144,73.04,10517.64,177.29
TR010355,2025-10-29,GAS,T03,Long,478,39.82,19035.91,-313.61
TR010356,2025-10-29,COAL,T04,Short,1512,110.2,166622.1,693.37
TR010357,2025-10-29,CO2,T08,Long,1029,64.87,66749.0,28.56
TR010358,2025-10-29,CO2,T05,Long,1099,72.7,79894.3,-803.34
TR010359,2025-10-29,GAS,T08,Long,153,37.19,5690.32,-4.76
TR010360,2025-10-29,CO2,T01,Short,310,69.41,21517.37,-113.71
TR010361,2025-10-29,PWR,T06,Short,352,85.45,30078.97,-290.52
TR010362,2025-10-29,GAS,T06,Short,830,38.65,32079.03,106.48
TR010363,2025-10-29,GAS,T08,Long,309,41.0,12668.98,18.35
TR010364,2025-10-29,GAS,T05,Short,1094,41.24,45119.32,496.67
TR010365,2025-10-29,CO2,T05,Short,1373,74.07,101691.47,-477.62
TR010366,2025-10-29,CO2,T06,Short,1356,67.01,90867.32,1048.28
TR010367,2025-10-29,GAS,T07,Long,1336,36.86,49243.44,421.32
TR010368,2025-10-30,COAL,T08,Short,1416,117.39,166226.56,-612.49
TR010369,2025-10-30,PWR,T03,Short,736,81.9,60279.98,300.26
TR010370,2025-10-30,CO2,T05,Short,333,66.12,22017.12,-147.4
TR010371,2025-10-30,GAS,T03,Long,313,39.68,12421.19,-157.26
TR010372,2025-10-30,CO2,T03,Long,834,72.36,60349.24,-892.19
TR010373,2025-10-30,COAL,T04,Short,1119,124.15,138919.75,1176.3
TR010374,2025-10-30,PWR,T08,Long,400,98.64,39457.27,-693.34
TR010375,2025-10-30,GAS,T05,Short,437,41.13,17972.38,15.05
TR010376,2025-10-30,COAL,T02,Short,1648,121.69,200538.96,1566.29
TR010377,2025-10-30,COAL,T01,Long,1518,115.78,175757.72,1382.88
TR010378,2025-10-30,GAS,T01,Long,692,41.22,28527.58,-215.91
TR010379,2025-10-30,PWR,T02,Long,745,90.62,67508.88,764.76
TR010380,2025-10-30,COAL,T01,Long,1439,119.52,171990.85,-246.83
TR010381,2025-10-30,GAS,T03,Short,349,39.18,13673.61,-87.79
TR010382,2025-10-30,COAL,T08,Short,1185,115.51,136882.14,-1727.96
TR010383,2025-10-30,GAS,T08,Long,1138,39.05,44434.08,-777.41
TR010384,2025-10-30,COAL,T04,Short,248,118.36,29352.93,-567.45
TR010385,2025-10-30,PWR,T02,Long,1920,99.59,191207.55,1803.61
TR010386,2025-10-30,COAL,T08,Long,275,101.99,28048.23,-229.71
TR010387,2025-10-30,PWR,T08,Short,179,91.11,16308.88,43.86
TR010388,2025-10-30,CO2,T04,Long,1832,70.36,128900.12,-988.1
TR010389,2025-10-30,PWR,T07,Short,1708,97.44,166428.42,813.75
TR010390,2025-10-30,COAL,T07,Long,1176,109.56,128846.43,-1044.33
TR010391,2025-10-30,GAS,T08,Short,1239,38.56,47778.76,439.33
TR010392,2025-10-30,CO2,T07,Short,862,68.22,58807.25,1221.96
TR010393,2025-10-30,GAS,T05,Long,189,36.73,6942.86,-8.9
TR010394,2025-10-30,CO2,T06,Long,244,73.18,17856.13,46.6
TR010395,2025-10-30,GAS,T03,Short,1978,39.33,77791.43,67.44
TR010396,2025-10-31,GAS,T07,Short,928,36.88,34223.61,84.55
TR010397,2025-10-31,COAL,T05,Long,1052,120.72,127002.24,3871.11
TR010398,2025-10-31,GAS,T03,Short,1397,39.53,55226.45,-412.28
TR010399,2025-10-31,CO2,T04,Long,524,73.08,38293.59,37.99
TR010400,2025-10-31,CO2,T05,Short,134,68.53,9182.91,-21.35
TR010401,2025-10-31,GAS,T06,Short,1513,40.94,61947.11,855.46
TR010402,2025-10-31,COAL,T01,Short,1094,118.08,129180.41,1092.26
TR010403,2025-10-31,CO2,T06,Long,1157,78.04,90293.23,2995.71
TR010404,2025-10-31,GAS,T06,Short,565,36.87,20830.66,-436.14
TR010405,2025-10-31,GAS,T07,Long,1575,36.41,57341.28,150.59
TR010406,2025-10-31,COAL,T03,Long,346,117.89,40790.22,699.19
TR010407,2025-10-31,CO2,T02,Long,735,69.61,51166.22,-41.51
TR010408,2025-10-31,COAL,T05,Short,1506,113.42,170810.71,-620.79
TR010409,2025-10-31,GAS,T05,Short,918,39.22,36005.04,-241.57
TR010410,2025-10-31,COAL,T07,Short,1583,114.38,181068.47,105.56
TR010411,2025-10-31,COAL,T04,Long,1143,120.61,137861.97,-2517.84
TR010412,2025-10-31,GAS,T07,Long,1523,37.57,57223.7,-855.53
TR010413,2025-10-31,GAS,T08,Long,387,41.44,16036.27,30.38
TR010414,2025-10-31,COAL,T02,Long,683,120.26,82135.29,849.16
TR010415,2025-10-31,COAL,T06,Short,608,113.34,68907.7,-43.16
TR010416,2025-10-31,CO2,T06,Long,927,70.98,65801.37,332.84
TR010417,2025-10-31,CO2,T02,Short,90,68.12,6130.43,-11.23
TR010418,2025-10-31,COAL,T04,Short,703,116.36,81798.36,-1977.79
TR010419,2025-11-03,COAL,T07,Long,1431,115.26,164931.46,354.1
TR010420,2025-11-03,GAS,T02,Short,1580,39.5,62402.92,-2.91
TR010421,2025-11-03,COAL,T07,Long,395,116.36,45962.17,-1084.41
TR010422,2025-11-03,COAL,T08,Long,1437,115.93,166587.1,-2893.35
TR010423,2025-11-03,GAS,T08,Long,531,40.38,21442.65,-28.93
TR010424,2025-11-03,CO2,T08,Long,1279,67.39,86187.53,-148.3
TR010425,2025-11-03,CO2,T06,Long,685,70.93,48589.93,205.64
TR010426,2025-11-03,COAL,T02,Long,56,112.01,6272.47,147.66
TR010427,2025-11-03,CO2,T08,Long,1946,71.26,138679.12,2604.87
TR010428,2025-11-03,GAS,T03,Long,1116,39.62,44211.22,218.61
TR010429,2025-11-03,GAS,T08,Short,156,40.1,6255.79,-13.68
TR010430,2025-11-03,CO2,T08,Short,1717,74.0,127066.58,-2495.28
TR010431,2025-11-03,PWR,T02,Short,1181,83.23,98293.78,-336.22
TR010432,2025-11-03,COAL,T01,Short,81,115.15,9327.49,-350.82
TR010433,2025-11-03,COAL,T04,Long,1319,115.2,151944.71,-2242.38
TR010434,2025-11-03,COAL,T02,Long,1489,122.65,182619.05,880.53
TR010435,2025-11-03,GAS,T05,Short,806,36.74,29614.24,158.15
TR010436,2025-11-03,GAS,T02,Long,149,37.56,5596.51,-94.03
TR010437,2025-11-03,PWR,T02,Short,1712,93.03,159272.14,-12.61
TR010438,2025-11-03,GAS,T03,Long,1053,37.52,39512.27,-304.87
TR010439,2025-11-03,COAL,T04,Long,1018,111.73,113736.88,1863.29
TR010440,2025-11-03,PWR,T04,Long,1717,80.19,137684.29,1940.08
TR010441,2025-11-04,COAL,T02,Long,1389,118.13,164088.3,-773.8
TR010442,2025-11-04,CO2,T04,Long,75,67.45,5059.09,213.62
TR010443,2025-11-04,COAL,T02,Long,1011,112.92,114157.74,902.36
TR010444,2025-11-04,CO2,T06,Long,1416,70.31,99554.05,1245.75
TR010445,2025-11-04,COAL,T05,Short,157,117.84,18500.58,437.87
TR010446,2025-11-04,PWR,T02,Long,840,92.81,77956.46,-155.58
TR010447,2025-11-04,CO2,T04,Short,1231,70.82,87174.29,3122.24
TR010448,2025-11-04,CO2,T07,Long,1878,73.05,137184.56,694.91
TR010449,2025-11-04,GAS,T05,Long,531,40.34,21418.76,372.61
TR010450,2025-11-04,GAS,T02,Short,731,36.37,26585.0,-136.57
TR010451,2025-11-04,COAL,T01,Long,1376,113.73,156493.21,5060.01
TR010452,2025-11-04,COAL,T05,Short,571,119.88,68452.79,12.43
TR010453,2025-11-04,PWR,T08,Short,1988,92.28,183448.53,2216.34
TR010454,2025-11-04,PWR,T08,Short,191,92.78,17720.81,-400.54
TR010455,2025-11-04,PWR,T03,Long,1926,87.6,168714.51,4273.86
TR010456,2025-11-04,COAL,T07,Long,1737,121.23,210569.63,-666.7
TR010457,2025-11-04,PWR,T06,Short,743,100.07,74353.44,274.02
TR010458,2025-11-05,PWR,T01,Short,139,89.93,12500.04,10.54
TR010459,2025-11-05,PWR,T07,Short,1889,91.92,173630.13,1056.94
TR010460,2025-11-05,PWR,T07,Long,1546,85.81,132669.4,-213.43
TR010461,2025-11-05,GAS,T03,Short,704,37.73,26559.45,-593.54
TR010462,2025-11-05,GAS,T08,Short,1287,37.99,48891.47,177.41
TR010463,2025-11-05,PWR,T06,Long,459,92.94,42660.59,744.98
TR010464,2025-11-05,GAS,T04,Long,1249,38.33,47871.08,137.16
TR010465,2025-11-05,PWR,T07,Long,1858,88.2,163880.22,2578.88
TR010466,2025-11-05,COAL,T07,Long,238,119.38,28411.83,-590.26
TR010467,2025-11-05,GAS,T01,Short,1694,37.61,63719.67,-972.01
TR010468,2025-11-05,CO2,T05,Short,1932,74.29,143535.53,3964.9
TR010469,2025-11-05,GAS,T02,Short,1301,39.0,50736.35,317.89
TR010470,2025-11-05,CO2,T01,Short,904,76.68,69317.32,-326.18
TR010471,2025-11-05,COAL,T07,Short,1524,124.81,190213.56,752.94
TR010472,2025-11-05,COAL,T06,Short,182,116.85,21265.79,639.08
TR010473,2025-11-05,COAL,T04,Short,683,118.1,80665.07,1190.2
TR010474,2025-11-06,GAS,T05,Long,1631,36.95,60266.81,-319.85
TR010475,2025-11-06,COAL,T08,Short,704,109.04,76763.39,-178.56
TR010476,2025-11-06,CO2,T08,Long,1616,67.71,109424.72,856.7
TR010477,2025-11-06,CO2,T01,Short,1412,66.51,93906.08,-326.08
TR010478,2025-11-06,CO2,T08,Short,1371,73.76,101128.88,-1855.82
TR010479,2025-11-06,COAL,T08,Long,408,122.78,50096.16,-293.0
TR010480,2025-11-06,COAL,T03,Short,1036,111.0,114990.91,-388.8
TR010481,2025-11-06,CO2,T03,Short,1025,71.46,73246.88,-942.31
TR010482,2025-11-06,COAL,T07,Short,1372,119.66,164173.34,2457.33
TR010483,2025-11-06,GAS,T03,Long,1224,42.06,51476.17,413.44
TR010484,2025-11-06,PWR,T05,Long,1263,89.37,112871.17,-1307.69
TR010485,2025-11-06,CO2,T08,Long,1313,80.27,105388.45,-2327.55
TR010486,2025-11-06,COAL,T07,Short,1807,123.16,222557.45,-3963.7
TR010487,2025-11-06,PWR,T01,Long,770,92.03,70865.21,470.65
TR010488,2025-11-06,GAS,T05,Long,1386,38.75,53710.54,-531.32
TR010489,2025-11-06,COAL,T06,Short,495,122.45,60613.05,-1647.06
TR010490,2025-11-06,CO2,T01,Long,511,72.92,37263.06,1298.96
TR010491,2025-11-06,COAL,T07,Long,895,121.38,108638.08,106.41
TR010492,2025-11-06,GAS,T04,Long,270,37.08,10012.49,77.48
TR010493,2025-11-06,PWR,T08,Short,1128,83.61,94308.12,-565.1
TR010494,2025-11-06,COAL,T02,Long,1027,118.42,121616.58,-418.14
TR010495,2025-11-06,COAL,T03,Long,1414,118.21,167146.43,3482.83
TR010496,2025-11-07,COAL,T04,Long,735,118.41,87029.99,-722.38
TR010497,2025-11-07,COAL,T06,Long,1832,124.36,227820.81,-3469.24
TR010498,2025-11-07,GAS,T06,Long,755,36.63,27658.98,-315.56
TR010499,2025-11-07,GAS,T05,Long,1475,39.52,58294.2,209.56
TR010500,2025-11-07,COAL,T03,Long,1213,122.16,148182.49,-1193.34
TR010501,2025-11-07,PWR,T05,Long,1493,86.74,129498.42,-237.56
TR010502,2025-11-07,GAS,T07,Short,1817,39.4,71588.95,-609.61
TR010503,2025-11-07,COAL,T03,Long,1689,119.64,202068.03,-1828.93
TR010504,2025-11-07,PWR,T06,Short,1262,104.13,131409.9,-2211.47
TR010505,2025-11-07,PWR,T04,Long,826,88.61,73195.33,2342.37
TR010506,2025-11-07,PWR,T06,Long,1243,97.15,120759.26,2427.76
TR010507,2025-11-07,PWR,T05,Short,1700,83.93,142678.98,-1796.59
TR010508,2025-11-07,CO2,T08,Long,1388,78.53,108995.64,2640.89
TR010509,2025-11-07,GAS,T04,Long,512,41.31,21150.69,194.65
TR010510,2025-11-07,CO2,T07,Short,1443,78.28,112958.56,2314.89
TR010511,2025-11-07,GAS,T06,Long,1898,40.41,76690.27,-1094.82
TR010512,2025-11-07,COAL,T01,Short,431,111.84,48202.28,-453.93
TR010513,2025-11-07,GAS,T03,Short,510,40.04,20422.19,-362.91
TR010514,2025-11-07,COAL,T01,Long,607,116.26,70568.49,365.04
TR010515,2025-11-07,CO2,T03,Long,589,76.07,44807.97,-771.64
TR010516,2025-11-07,GAS,T03,Long,95,38.45,3652.6,-8.58
TR010517,2025-11-07,CO2,T08,Short,397,69.96,27772.51,-605.23
TR010518,2025-11-07,PWR,T01,Short,884,99.29,87770.1,728.28
TR010519,2025-11-07,PWR,T05,Short,1689,104.32,176188.52,1067.63
TR010520,2025-11-07,PWR,T02,Short,139,94.28,13105.48,10.38
TR010521,2025-11-07,PWR,T06,Long,441,92.07,40600.91,392.31
TR010522,2025-11-10,GAS,T01,Short,1964,41.23,80980.04,218.02
TR010523,2025-11-10,PWR,T06,Long,1797,99.64,179057.63,-1266.41
TR010524,2025-11-10,PWR,T05,Long,299,96.21,28766.03,-487.11
TR010525,2025-11-10,COAL,T03,Long,340,117.71,40022.1,-198.06
TR010526,2025-11-10,CO2,T08,Short,1952,69.06,134806.77,-2801.9
TR010527,2025-11-10,PWR,T05,Long,208,94.51,19658.24,482.74
TR010528,2025-11-10,PWR,T01,Long,96,99.11,9514.27,-81.32
TR010529,2025-11-10,CO2,T05,Short,492,75.94,37364.52,-278.14
TR010530,2025-11-10,COAL,T05,Long,1194,117.36,140125.78,1552.25
TR010531,2025-11-10,COAL,T06,Long,1766,113.72,200832.88,1619.23
TR010532,2025-11-10,PWR,T04,Long,730,89.3,65189.39,-1451.59
TR010533,2025-11-10,PWR,T01,Short,1783,89.4,159402.3,-2602.28
TR010534,2025-11-10,GAS,T07,Long,196,38.81,7606.98,-100.85
TR010535,2025-11-10,COAL,T02,Short,434,118.68,51508.54,1297.16
TR010536,2025-11-10,CO2,T04,Long,1681,70.58,118646.62,-960.63
TR010537,2025-11-10,CO2,T06,Short,421,72.44,30498.23,-495.1
TR010538,2025-11-10,GAS,T06,Long,328,38.54,12641.32,141.17
TR010539,2025-11-10,COAL,T01,Short,497,120.14,59710.62,-1032.5
TR010540,2025-11-10,COAL,T06,Short,1583,127.64,202053.14,-6683.67
TR010541,2025-11-10,CO2,T02,Long,1162,67.05,77906.8,869.89
TR010542,2025-11-10,COAL,T06,Long,1712,121.38,207801.39,4928.5
TR010543,2025-11-10,PWR,T02,Short,876,82.81,72545.68,-300.99
TR010544,2025-11-10,PWR,T07,Short,617,89.97,55509.49,354.96
TR010545,2025-11-11,COAL,T03,Short,1026,115.99,119007.99,1754.38
TR010546,2025-11-11,GAS,T01,Long,1552,40.57,62959.69,106.26
TR010547,2025-11-11,COAL,T05,Short,1654,116.36,192466.29,6208.2
TR010548,2025-11-11,GAS,T02,Short,543,40.85,22178.93,-146.33
TR010549,2025-11-11,COAL,T05,Long,1188,116.76,138708.65,-1748.93
TR010550,2025-11-11,PWR,T03,Long,736,94.88,69832.29,-1273.97
TR010551,2025-11-11,PWR,T02,Short,696,96.3,67027.18,-375.35
TR010552,2025-11-11,CO2,T01,Short,1317,76.16,100301.28,-1033.03
TR010553,2025-11-11,GAS,T02,Long,1141,38.97,44466.87,986.49
TR010554,2025-11-11,CO2,T08,Long,544,71.76,39039.17,1296.5
TR010555,2025-11-11,COAL,T02,Long,416,114.83,47768.86,-600.22
TR010556,2025-11-11,GAS,T03,Short,1537,40.79,62698.49,2052.89
TR010557,2025-11-11,CO2,T05,Long,89,69.5,6185.22,-21.44
TR010558,2025-11-11,PWR,T02,Short,133,90.84,12081.43,-61.31
TR010559,2025-11-11,COAL,T08,Long,1472,114.46,168479.96,-2469.51
TR010560,2025-11-11,CO2,T08,Short,1830,65.98,120751.09,824.9
TR010561,2025-11-11,CO2,T04,Short,1930,73.36,141576.1,1839.64
TR010562,2025-11-11,GAS,T08,Long,1044,38.69,40388.72,-300.89
TR010563,2025-11-11,GAS,T05,Long,817,39.26,32074.8,-486.01
TR010564,2025-11-11,GAS,T06,Short,338,36.75,12422.87,367.09
TR010565,2025-11-11,GAS,T05,Short,899,38.65,34745.7,-920.45
TR010566,2025-11-11,CO2,T05,Short,94,71.43,6714.82,2.22
TR010567,2025-11-11,COAL,T08,Long,1106,118.28,130812.39,-2820.3
TR010568,2025-11-11,COAL,T06,Short,230,111.48,25639.38,239.23
TR010569,2025-11-11,GAS,T06,Short,357,37.04,13224.75,-185.89
TR010570,2025-11-11,COAL,T03,Short,1708,112.86,192767.68,-5561.18
TR010571,2025-11-11,COAL,T05,Long,183,112.29,20549.61,1.36
TR010572,2025-11-12,COAL,T06,Long,1282,115.8,148459.97,-389.33
TR010573,2025-11-12,CO2,T03,Long,201,78.06,15689.9,188.62
TR010574,2025-11-12,PWR,T08,Short,1131,94.41,106773.25,-340.4
TR010575,2025-11-12,COAL,T02,Long,1052,119.28,125486.1,-382.13
TR010576,2025-11-12,CO2,T07,Long,322,73.27,23591.83,-416.98
TR010577,2025-11-12,COAL,T01,Long,1492,118.7,177099.49,-1863.36
TR010578,2025-11-12,GAS,T03,Short,493,37.25,18363.78,55.18
TR010579,2025-11-12,CO2,T08,Long,1004,69.84,70118.45,608.33
TR010580,2025-11-12,PWR,T05,Short,98,94.16,9227.79,-144.56
TR010581,2025-11-12,GAS,T08,Long,432,36.71,15858.7,-298.57
TR010582,2025-11-12,GAS,T05,Long,1318,38.42,50640.3,-673.18
TR010583,2025-11-12,PWR,T05,Long,1811,89.36,161835.98,-686.45
TR010584,2025-11-12,PWR,T03,Long,1851,93.22,172550.18,-3916.19
TR010585,2025-11-12,COAL,T08,Long,1906,118.39,225653.59,-4206.31
TR010586,2025-11-12,GAS,T05,Long,1880,40.89,76876.38,340.58
TR010587,2025-11-12,CO2,T05,Short,660,71.05,46891.4,-513.67
TR010588,2025-11-12,COAL,T02,Short,1612,109.91,177168.31,79.89
TR010589,2025-11-12,PWR,T08,Long,1918,92.1,176654.49,417.04
TR010590,2025-11-12,PWR,T04,Long,509,85.17,43349.92,-528.25
TR010591,2025-11-12,COAL,T07,Long,666,115.96,77230.77,-1037.51
TR010592,2025-11-12,GAS,T08,Short,1780,36.13,64311.34,454.55
TR010593,2025-11-13,GAS,T08,Short,699,40.49,28305.16,-256.12
TR010594,2025-11-13,PWR,T01,Long,1213,95.68,116064.55,-494.2
TR010595,2025-11-13,GAS,T08,Long,1355,39.79,53912.93,1323.91
TR010596,2025-11-13,COAL,T03,Short,288,122.61,35312.94,154.93
TR010597,2025-11-13,CO2,T04,Long,802,76.68,61495.97,-1421.34
TR010598,2025-11-13,COAL,T04,Short,1854,113.25,209973.06,5178.88
TR010599,2025-11-13,GAS,T01,Short,1406,38.59,54258.54,337.02
TR010600,2025-11-13,PWR,T07,Long,524,90.47,47408.47,770.55
TR010601,2025-11-13,GAS,T05,Short,1305,40.21,52470.95,548.16
TR010602,2025-11-13,CO2,T02,Long,1584,79.86,126491.03,95.1
TR010603,2025-11-13,PWR,T07,Long,156,92.37,14409.11,-20.66
TR010604,2025-11-13,CO2,T05,Short,854,63.78,54464.32,-174.19
TR010605,2025-11-13,GAS,T07,Long,1016,41.35,42006.72,-441.79
TR010606,2025-11-13,CO2,T06,Long,252,72.01,18146.26,141.15
TR010607,2025-11-13,PWR,T08,Long,913,93.63,85484.24,-6.52
TR010608,2025-11-13,GAS,T02,Long,63,38.49,2424.75,-50.66
TR010609,2025-11-13,COAL,T02,Long,1765,112.82,199129.56,1549.53
TR010610,2025-11-13,GAS,T06,Short,1817,40.29,73210.0,1499.89
TR010611,2025-11-13,PWR,T08,Short,567,95.35,54061.34,227.06
TR010612,2025-11-13,CO2,T01,Long,510,75.69,38603.77,122.23
TR010613,2025-11-14,GAS,T01,Short,1375,37.96,52200.94,1616.36
TR010614,2025-11-14,COAL,T03,Long,1394,109.82,153090.04,-1712.41
TR010615,2025-11-14,GAS,T03,Short,909,38.68,35164.37,-162.09
TR010616,2025-11-14,PWR,T04,Short,1377,81.06,111623.84,1115.56
TR010617,2025-11-14,PWR,T03,Short,169,91.73,15501.65,147.32
TR010618,2025-11-14,CO2,T04,Long,580,70.29,40767.17,-152.63
TR010619,2025-11-14,PWR,T05,Short,801,92.38,74000.2,-158.26
TR010620,2025-11-14,COAL,T04,Short,1865,116.59,217440.0,718.74
TR010621,2025-11-14,CO2,T01,Short,1772,72.91,129188.12,-1873.24
TR010622,2025-11-14,CO2,T07,Short,338,69.54,23502.95,-129.05
TR010623,2025-11-14,PWR,T07,Long,410,94.24,38636.5,-174.06
TR010624,2025-11-14,GAS,T08,Short,768,38.31,29421.64,396.65
TR010625,2025-11-14,GAS,T06,Long,1086,38.8,42141.81,438.81
TR010626,2025-11-14,CO2,T08,Short,1261,80.81,101897.79,-1280.42
TR010627,2025-11-14,COAL,T06,Long,1616,106.5,172101.32,1803.79
TR010628,2025-11-14,PWR,T03,Long,1920,91.56,175790.87,-1350.0
TR010629,2025-11-17,PWR,T07,Short,1685,94.64,159467.02,-562.57
TR010630,2025-11-17,COAL,T05,Short,939,115.13,108102.91,429.92
TR010631,2025-11-17,PWR,T04,Short,229,85.62,19606.95,-155.41
TR010632,2025-11-17,GAS,T05,Long,1866,38.64,72103.14,447.65
TR010633,2025-11-17,COAL,T03,Long,1161,116.28,135000.56,2954.18
TR010634,2025-11-17,CO2,T02,Long,1697,79.86,135526.57,-2637.86
TR010635,2025-11-17,GAS,T01,Short,421,38.97,16407.71,-455.25
TR010636,2025-11-17,COAL,T08,Long,1397,123.38,172360.5,-4951.51
TR010637,2025-11-17,CO2,T05,Long,319,65.12,20771.88,-128.68
TR010638,2025-11-17,CO2,T03,Long,1917,69.87,133931.47,1775.69
TR010639,2025-11-17,PWR,T05,Short,191,90.91,17363.53,45.65
TR010640,2025-11-17,GAS,T01,Long,1548,37.85,58597.66,328.89
TR010641,2025-11-17,PWR,T05,Short,1943,99.29,192924.14,898.81
TR010642,2025-11-17,CO2,T07,Long,674,67.59,45554.43,-862.92
TR010643,2025-11-17,CO2,T04,Long,257,63.69,16368.62,-119.44
TR010644,2025-11-18,GAS,T02,Short,1655,38.54,63785.16,165.35
TR010645,2025-11-18,COAL,T04,Long,815,106.09,86466.81,-1832.54
TR010646,2025-11-18,COAL,T02,Long,908,117.75,106914.86,410.06
TR010647,2025-11-18,PWR,T02,Short,653,95.32,62244.76,-748.91
TR010648,2025-11-18,COAL,T08,Long,911,118.9,108316.07,2877.08
TR010649,2025-11-18,CO2,T02,Short,1398,63.93,89379.16,75.44
TR010650,2025-11-18,PWR,T08,Short,887,89.43,79327.4,867.03
TR010651,2025-11-18,PWR,T05,Long,397,93.51,37125.43,111.39
TR010652,2025-11-18,COAL,T01,Short,1340,115.04,154160.1,93.17
TR010653,2025-11-18,COAL,T02,Long,356,114.63,40809.06,58.58
TR010654,2025-11-18,CO2,T07,Long,204,68.0,13871.85,344.37
TR010655,2025-11-18,COAL,T06,Long,1365,110.84,151299.55,1187.76
TR010656,2025-11-18,PWR,T01,Short,255,89.38,22790.92,-838.55
TR010657,2025-11-18,GAS,T07,Long,1682,37.97,63863.69,-184.19
TR010658,2025-11-18,PWR,T07,Long,259,94.92,24584.24,-165.54
TR010659,2025-11-18,GAS,T05,Long,1893,37.52,71032.67,-565.14
TR010660,2025-11-19,CO2,T06,Short,157,68.78,10798.59,-81.96
TR010661,2025-11-19,GAS,T07,Long,682,39.34,26828.35,323.5
TR010662,2025-11-19,COAL,T04,Short,1094,119.0,130185.54,-1562.14
TR010663,2025-11-19,PWR,T03,Short,142,87.84,12473.78,-26.25
TR010664,2025-11-19,GAS,T04,Short,499,39.12,19519.8,-53.77
TR010665,2025-11-19,CO2,T02,Long,499,75.95,37899.22,-699.73
TR010666,2025-11-19,COAL,T03,Short,1762,121.11,213400.58,-2443.96
TR010667,2025-11-19,CO2,T02,Long,52,73.11,3801.75,12.0
TR010668,2025-11-19,CO2,T02,Long,800,69.1,55280.45,-157.51
TR010669,2025-11-19,COAL,T06,Short,1790,121.55,217571.55,-1159.57
TR010670,2025-11-19,GAS,T07,Long,951,38.35,36473.57,-458.05
TR010671,2025-11-19,GAS,T06,Short,1870,38.99,72912.29,-780.39
TR010672,2025-11-19,CO2,T05,Short,115,67.29,7737.94,2.37
TR010673,2025-11-19,CO2,T04,Short,401,73.29,29389.86,153.64
TR010674,2025-11-19,GAS,T01,Short,1136,40.61,46134.7,896.88
TR010675,2025-11-19,GAS,T08,Short,1713,37.77,64700.11,124.83
TR010676,2025-11-19,COAL,T04,Short,1222,118.59,144920.56,-1017.52
TR010677,2025-11-19,CO2,T06,Long,1527,76.68,117096.18,640.31
TR010678,2025-11-19,PWR,T05,Long,618,98.72,61010.59,-538.77
TR010679,2025-11-19,COAL,T03,Long,816,110.47,90146.63,566.42
TR010680,2025-11-19,PWR,T08,Long,197,77.91,15349.18,-147.82
TR010681,2025-11-20,PWR,T01,Short,1632,84.24,137478.48,210.04
TR010682,2025-11-20,COAL,T03,Short,594,123.45,73326.6,-767.06
TR010683,2025-11-20,CO2,T08,Short,1318,73.01,96222.54,-239.7
TR010684,2025-11-20,PWR,T03,Short,1272,79.79,101487.21,2375.22
TR010685,2025-11-20,PWR,T05,Long,1093,96.13,105068.04,-31.56
TR010686,2025-11-20,CO2,T08,Long,1282,68.9,88335.84,-1397.97
TR010687,2025-11-20,COAL,T02,Long,1520,119.23,181222.37,-3959.14
TR010688,2025-11-20,GAS,T06,Short,297,38.3,11375.25,118.46
TR010689,2025-11-20,PWR,T07,Long,690,92.91,64109.33,180.58
TR010690,2025-11-20,COAL,T04,Short,261,114.05,29766.46,909.37
TR010691,2025-11-20,CO2,T08,Short,938,64.22,60238.71,670.85
TR010692,2025-11-20,COAL,T07,Long,835,108.27,90408.7,-609.98
TR010693,2025-11-20,PWR,T08,Short,1847,103.71,191547.54,577.78
TR010694,2025-11-20,COAL,T07,Long,1035,112.66,116607.75,-330.11
TR010695,2025-11-20,GAS,T03,Long,1786,40.6,72506.23,575.37
TR010696,2025-11-20,COAL,T06,Short,289,121.35,35069.99,659.3
TR010697,2025-11-20,GAS,T06,Short,1582,42.32,66947.99,1628.73
TR010698,2025-11-20,COAL,T06,Long,615,111.92,68830.01,254.22
TR010699,2025-11-20,CO2,T07,Long,140,63.31,8864.05,-156.8
TR010700,2025-11-21,COAL,T04,Long,1862,121.51,226254.08,-252.24
TR010701,2025-11-21,PWR,T02,Short,1254,91.94,115286.67,3299.82
TR010702,2025-11-21,GAS,T08,Long,1478,37.54,55479.82,931.8
TR010703,2025-11-21,GAS,T04,Long,652,37.07,24167.23,403.74
TR010704,2025-11-21,GAS,T01,Short,697,38.65,26941.71,-614.02
TR010705,2025-11-21,PWR,T07,Short,512,92.84,47531.93,-846.43
TR010706,2025-11-21,GAS,T03,Long,547,36.05,19716.76,183.47
TR010707,2025-11-21,COAL,T08,Short,1446,115.35,166802.07,-1936.61
TR010708,2025-11-21,PWR,T01,Short,907,90.97,82512.72,2334.04
TR010709,2025-11-21,PWR,T05,Short,1838,88.84,163280.22,937.8
TR010710,2025-11-21,PWR,T08,Long,773,90.3,69798.83,364.54
TR010711,2025-11-21,CO2,T02,Long,1734,75.64,131154.47,-2005.93
TR010712,2025-11-21,CO2,T06,Short,495,74.13,36693.36,-670.76
TR010713,2025-11-21,PWR,T08,Long,514,93.98,48304.31,-418.24
TR010714,2025-11-21,COAL,T08,Short,130,121.29,15767.79,-176.75
TR010715,2025-11-21,CO2,T07,Short,1175,70.35,82659.82,-1908.3
TR010716,2025-11-21,GAS,T05,Long,1406,36.03,50651.32,324.94
TR010717,2025-11-21,GAS,T04,Long,1204,37.55,45211.69,-619.86
TR010718,2025-11-21,PWR,T06,Long,999,88.0,87913.58,-682.39
TR010719,2025-11-21,COAL,T02,Long,1385,130.15,180263.47,480.27
TR010720,2025-11-21,PWR,T04,Short,1040,93.48,97214.74,2409.73
TR010721,2025-11-24,COAL,T02,Short,1773,116.88,207230.11,739.94
TR010722,2025-11-24,COAL,T02,Long,474,114.21,54134.57,-339.94
TR010723,2025-11-24,GAS,T01,Long,1479,37.91,56073.02,808.06
TR010724,2025-11-24,CO2,T05,Short,202,72.74,14692.54,-27.83
TR010725,2025-11-24,COAL,T07,Short,1486,118.98,176811.1,3754.67
TR010726,2025-11-24,GAS,T05,Long,682,36.49,24887.57,-86.0
TR010727,2025-11-24,PWR,T03,Short,576,88.21,50806.31,1014.42
TR010728,2025-11-24,CO2,T07,Long,413,76.88,31753.19,-521.04
TR010729,2025-11-24,COAL,T03,Short,54,124.7,6733.59,-100.4
TR010730,2025-11-24,GAS,T06,Long,52,35.21,1830.76,30.6
TR010731,2025-11-24,COAL,T04,Long,133,114.04,15166.88,15.45
TR010732,2025-11-24,PWR,T07,Long,1299,84.99,110401.36,1516.14
TR010733,2025-11-24,CO2,T07,Short,722,70.89,51180.96,-495.44
TR010734,2025-11-24,PWR,T02,Short,1160,90.87,105404.42,-321.73
TR010735,2025-11-24,CO2,T08,Long,340,73.25,24906.42,-7.8
TR010736,2025-11-24,PWR,T06,Long,431,89.88,38737.55,-219.29
TR010737,2025-11-24,PWR,T08,Long,942,81.71,76971.59,-412.3
TR010738,2025-11-25,COAL,T03,Short,899,120.41,108249.42,459.58
TR010739,2025-11-25,GAS,T05,Long,555,38.58,21411.97,-222.91
TR010740,2025-11-25,PWR,T04,Long,1134,95.05,107784.78,17.4
TR010741,2025-11-25,COAL,T03,Short,1058,114.9,121560.33,-1261.56
TR010742,2025-11-25,GAS,T05,Long,771,37.22,28700.28,58.67
TR010743,2025-11-25,PWR,T03,Long,113,98.29,11106.62,130.58
TR010744,2025-11-25,PWR,T02,Short,1015,95.13,96561.15,2956.84
TR010745,2025-11-25,PWR,T04,Long,1503,89.04,133833.68,378.28
TR010746,2025-11-25,COAL,T08,Short,1337,117.99,157746.99,1270.18
TR010747,2025-11-25,COAL,T08,Long,1055,113.15,119371.9,1248.31
TR010748,2025-11-25,PWR,T01,Short,1657,95.01,157437.98,2016.3
TR010749,2025-11-25,COAL,T03,Short,233,116.5,27144.54,757.52
TR010750,2025-11-25,CO2,T02,Short,682,67.92,46321.51,-129.81
TR010751,2025-11-25,GAS,T05,Short,1381,37.63,51964.22,98.42
TR010752,2025-11-25,GAS,T08,Long,1634,41.13,67203.52,-1752.81
TR010753,2025-11-25,GAS,T02,Long,1752,39.26,68788.63,993.42
TR010754,2025-11-25,COAL,T05,Short,716,115.22,82500.83,-19.4
TR010755,2025-11-25,PWR,T01,Long,270,79.71,21521.78,258.36
TR010756,2025-11-25,COAL,T05,Long,1600,113.05,180880.48,-1727.65
TR010757,2025-11-25,PWR,T01,Long,393,86.81,34115.47,19.99
TR010758,2025-11-25,COAL,T07,Long,1003,119.45,119813.06,526.5
TR010759,2025-11-25,CO2,T02,Long,974,72.64,70752.02,649.65
TR010760,2025-11-25,COAL,T06,Short,1814,120.78,219090.88,1276.83
TR010761,2025-11-25,GAS,T01,Short,1287,37.14,47793.81,1732.47
TR010762,2025-11-25,PWR,T05,Long,296,98.07,29028.5,-363.75
TR010763,2025-11-26,PWR,T04,Long,1577,90.69,143011.61,-2107.29
TR010764,2025-11-26,COAL,T02,Short,1569,122.85,192745.41,-1680.25
TR010765,2025-11-26,CO2,T01,Long,548,73.05,40029.43,282.3
TR010766,2025-11-26,COAL,T07,Short,455,111.9,50916.15,208.58
TR010767,2025-11-26,COAL,T05,Long,470,112.23,52747.13,102.43
TR010768,2025-11-26,COAL,T03,Short,228,112.23,25589.04,-66.45
TR010769,2025-11-26,PWR,T03,Long,680,92.77,63081.43,1042.45
TR010770,2025-11-26,CO2,T04,Long,1636,69.67,113981.31,985.14
TR010771,2025-11-26,PWR,T06,Short,1512,97.48,147384.21,2517.15
TR010772,2025-11-26,PWR,T03,Long,587,97.09,56992.16,-889.09
TR010773,2025-11-26,PWR,T03,Long,1788,90.31,161476.92,-255.11
TR010774,2025-11-26,CO2,T07,Long,972,63.71,61923.33,1934.96
TR010775,2025-11-26,CO2,T02,Long,871,75.16,65462.24,561.71
TR010776,2025-11-26,PWR,T06,Long,376,77.22,29034.67,-437.35
TR010777,2025-11-26,COAL,T03,Short,935,112.11,104826.18,696.36
TR010778,2025-11-26,GAS,T03,Short,506,37.23,18839.81,-297.88
TR010779,2025-11-26,PWR,T04,Long,160,86.78,13884.71,-261.92
TR010780,2025-11-26,COAL,T07,Short,936,116.75,109281.79,1794.98
TR010781,2025-11-27,PWR,T03,Short,583,102.51,59764.45,-385.93
TR010782,2025-11-27,COAL,T06,Long,488,117.54,57361.51,825.89
TR010783,2025-11-27,GAS,T08,Long,376,37.32,14032.81,-9.14
TR010784,2025-11-27,GAS,T05,Long,110,40.29,4431.52,-20.77
TR010785,2025-11-27,GAS,T08,Short,1427,40.09,57214.18,-546.14
TR010786,2025-11-27,PWR,T05,Short,1604,83.98,134697.02,-1741.53
TR010787,2025-11-27,CO2,T01,Short,1907,80.03,152615.15,-755.55
TR010788,2025-11-27,PWR,T07,Short,777,91.18,70845.19,1127.67
TR010789,2025-11-27,COAL,T08,Short,238,115.95,27596.1,-410.05
TR010790,2025-11-27,CO2,T02,Long,1310,68.64,89920.42,501.15
TR010791,2025-11-27,COAL,T03,Long,1892,116.52,220448.83,-2515.54
TR010792,2025-11-27,GAS,T05,Short,1031,37.46,38617.04,385.71
TR010793,2025-11-27,PWR,T06,Short,1501,87.47,131298.84,1363.83
TR010794,2025-11-27,GAS,T02,Long,1524,41.47,63193.22,2080.53
TR010795,2025-11-27,COAL,T01,Short,1251,128.65,160941.2,3619.59
TR010796,2025-11-27,PWR,T05,Long,263,98.34,25862.4,-382.57
TR010797,2025-11-27,GAS,T02,Short,1903,38.76,73759.82,-878.75
TR010798,2025-11-27,GAS,T08,Short,1071,37.48,40140.44,261.58
TR010799,2025-11-27,GAS,T01,Short,1039,37.01,38453.29,-497.71
TR010800,2025-11-27,COAL,T06,Short,1852,122.96,227714.59,1463.58
TR010801,2025-11-27,CO2,T07,Short,1026,68.66,70440.05,-254.78
TR010802,2025-11-27,CO2,T04,Short,1927,73.85,142309.17,-1044.46
TR010803,2025-11-28,CO2,T08,Long,320,75.27,24087.7,149.54
TR010804,2025-11-28,GAS,T04,Short,818,36.95,30225.17,-187.27
TR010805,2025-11-28,COAL,T02,Short,1853,113.98,211196.27,3396.12
TR010806,2025-11-28,GAS,T04,Long,1967,39.41,77520.7,1517.59
TR010807,2025-11-28,PWR,T02,Long,206,94.89,19548.14,110.55
TR010808,2025-11-28,COAL,T08,Short,1859,117.14,217760.46,-1644.68
TR010809,2025-11-28,GAS,T04,Long,650,40.8,26518.72,321.39
TR010810,2025-11-28,CO2,T04,Long,640,74.73,47828.08,-784.36
TR010811,2025-11-28,GAS,T02,Long,341,38.55,13144.48,-65.8
TR010812,2025-11-28,GAS,T01,Long,1520,38.56,58612.78,-545.53
TR010813,2025-11-28,GAS,T03,Short,1773,38.99,69126.86,406.02
TR010814,2025-11-28,PWR,T02,Long,242,86.22,20865.83,-186.3
TR010815,2025-11-28,COAL,T03,Short,1666,118.15,196843.27,1585.55
TR010816,2025-11-28,PWR,T07,Long,1091,95.36,104038.0,-625.28
TR010817,2025-11-28,GAS,T01,Long,449,36.95,16588.66,-31.72
TR010818,2025-11-28,PWR,T03,Long,781,99.08,77378.21,875.79
TR010819,2025-11-28,CO2,T01,Long,1305,69.64,90875.5,858.49
TR010820,2025-11-28,COAL,T02,Short,254,119.21,30280.08,299.74
TR010821,2025-11-28,COAL,T03,Short,1898,121.67,230923.11,2938.99
TR010822,2025-11-28,PWR,T03,Long,505,86.49,43678.99,210.75
TR010823,2025-11-28,GAS,T07,Long,441,39.55,17440.64,-254.04
TR010824,2025-12-01,GAS,T06,Short,766,39.11,29960.62,-265.83
TR010825,2025-12-01,GAS,T07,Long,571,41.27,23562.98,929.56
TR010826,2025-12-01,PWR,T02,Short,931,87.56,81517.88,62.6
TR010827,2025-12-01,COAL,T01,Long,1646,119.44,196601.69,526.9
TR010828,2025-12-01,CO2,T02,Long,584,80.11,46781.64,1184.79
TR010829,2025-12-01,PWR,T01,Short,541,87.59,47385.32,155.66
TR010830,2025-12-01,PWR,T06,Long,833,102.99,85790.67,4622.7
TR010831,2025-12-01,GAS,T06,Long,1425,37.86,53949.22,-576.91
TR010832,2025-12-01,PWR,T05,Short,228,103.12,23511.03,433.8
TR010833,2025-12-01,GAS,T08,Long,1396,38.73,54071.36,-387.7
TR010834,2025-12-01,COAL,T02,Long,677,115.25,78026.74,426.74
TR010835,2025-12-01,PWR,T02,Long,1012,79.51,80467.14,689.14
TR010836,2025-12-01,COAL,T04,Long,1343,120.11,161305.53,-1791.17
TR010837,2025-12-01,CO2,T04,Short,1642,66.9,109857.24,-730.91
TR010838,2025-12-01,CO2,T07,Long,1749,65.17,113984.5,-1502.19
TR010839,2025-12-01,CO2,T07,Long,199,68.19,13569.26,-28.74
TR010840,2025-12-01,CO2,T08,Short,265,70.35,18642.64,-75.26
TR010841,2025-12-01,GAS,T07,Short,993,37.4,37142.74,-1301.97
TR010842,2025-12-01,CO2,T03,Long,979,67.32,65906.43,32.14
TR010843,2025-12-01,CO2,T01,Short,1739,72.33,125783.74,908.28
TR010844,2025-12-01,COAL,T02,Short,1326,114.99,152470.83,176.89
TR010845,2025-12-01,COAL,T06,Long,1786,112.42,200775.89,6166.8
TR010846,2025-12-01,PWR,T03,Short,995,84.82,84393.78,515.86
TR010847,2025-12-01,PWR,T07,Long,1670,91.28,152439.08,1095.97
TR010848,2025-12-01,CO2,T05,Long,533,69.01,36784.63,-519.74
TR010849,2025-12-02,COAL,T02,Short,993,113.24,112443.21,2587.2
TR010850,2025-12-02,COAL,T07,Short,1633,118.49,193494.5,2400.47
TR010851,2025-12-02,PWR,T05,Long,638,81.58,52050.33,-987.22
TR010852,2025-12-02,PWR,T04,Long,1570,84.85,133217.14,678.05
TR010853,2025-12-02,CO2,T02,Short,1162,69.52,80784.58,261.3
TR010854,2025-12-02,CO2,T01,Long,1464,78.0,114185.26,601.07
TR010855,2025-12-02,GAS,T02,Long,1205,40.27,48529.05,1395.01
TR010856,2025-12-02,PWR,T02,Short,905,93.32,84451.19,1160.83
TR010857,2025-12-02,GAS,T06,Short,304,39.39,11973.86,-157.47
TR010858,2025-12-02,COAL,T02,Short,254,120.72,30662.9,227.96
TR010859,2025-12-02,CO2,T06,Long,600,73.91,44346.46,-518.68
TR010860,2025-12-02,GAS,T06,Long,1321,38.65,51051.92,-1683.3
TR010861,2025-12-02,CO2,T06,Long,695,73.81,51297.45,-1845.07
TR010862,2025-12-02,COAL,T01,Long,1801,120.25,216565.51,6481.75
TR010863,2025-12-02,GAS,T02,Long,1271,37.87,48134.87,1137.25
TR010864,2025-12-02,COAL,T08,Short,1505,112.72,169637.82,4701.51
TR010865,2025-12-02,PWR,T05,Short,584,93.37,54528.31,1411.16
TR010866,2025-12-02,GAS,T03,Long,294,39.83,11708.58,33.81
TR010867,2025-12-02,GAS,T02,Long,346,41.48,14353.71,232.33
TR010868,2025-12-03,GAS,T06,Long,845,36.54,30872.6,734.46
TR010869,2025-12-03,GAS,T08,Long,922,40.66,37492.68,312.22
TR010870,2025-12-03,PWR,T06,Short,621,91.55,56852.53,-345.31
TR010871,2025-12-03,PWR,T04,Short,898,90.18,80981.65,1039.41
TR010872,2025-12-03,GAS,T02,Short,1536,39.31,60383.02,-638.89
TR010873,2025-12-03,GAS,T02,Short,1435,38.44,55159.62,-1562.84
TR010874,2025-12-03,CO2,T05,Long,1262,73.19,92359.47,182.14
TR010875,2025-12-03,COAL,T02,Short,1176,116.01,136423.94,2522.37
TR010876,2025-12-03,PWR,T08,Short,261,96.37,25152.13,-106.92
TR010877,2025-12-03,GAS,T04,Long,1765,39.3,69367.51,1697.64
TR010878,2025-12-03,PWR,T06,Long,1067,93.0,99231.23,-406.32
TR010879,2025-12-03,GAS,T01,Long,1896,38.1,72231.79,85.99
TR010880,2025-12-03,PWR,T07,Long,1316,95.51,125685.0,-824.1
TR010881,2025-12-03,COAL,T03,Long,1394,120.66,168200.9,408.17
TR010882,2025-12-03,COAL,T03,Short,709,118.02,83672.86,712.72
TR010883,2025-12-03,PWR,T08,Long,790,89.01,70315.86,1478.84
TR010884,2025-12-03,CO2,T07,Long,1023,73.79,75484.93,-1802.04
TR010885,2025-12-03,COAL,T02,Long,1272,120.87,153743.75,30.4
TR010886,2025-12-04,GAS,T03,Long,1959,39.07,76533.96,643.69
TR010887,2025-12-04,PWR,T02,Short,1483,95.25,141253.28,105.79
TR010888,2025-12-04,COAL,T03,Short,1578,116.77,184265.73,3844.15
TR010889,2025-12-04,PWR,T02,Short,771,89.01,68623.09,918.93
TR010890,2025-12-04,GAS,T02,Short,616,35.84,22077.37,-516.24
TR010891,2025-12-04,CO2,T01,Long,227,68.27,15497.55,-135.02
TR010892,2025-12-04,PWR,T04,Short,203,90.38,18347.57,-27.14
TR010893,2025-12-04,COAL,T05,Long,1446,121.04,175027.79,3178.84
TR010894,2025-12-04,GAS,T05,Long,927,39.58,36687.42,-311.9
TR010895,2025-12-04,CO2,T02,Short,125,69.03,8628.75,-223.2
TR010896,2025-12-04,PWR,T03,Long,1153,83.48,96251.46,-1008.57
TR010897,2025-12-04,COAL,T01,Short,1047,117.31,122825.05,-29.52
TR010898,2025-12-04,PWR,T05,Short,123,91.16,11212.23,126.05
TR010899,2025-12-04,GAS,T06,Long,1867,36.65,68426.44,1643.1
TR010900,2025-12-04,GAS,T04,Long,514,37.91,19483.5,128.44
TR010901,2025-12-04,COAL,T03,Long,332,120.78,40098.13,-335.57
TR010902,2025-12-04,PWR,T07,Long,600,92.14,55285.35,-265.88
TR010903,2025-12-04,COAL,T04,Short,1188,118.39,140641.61,3362.68
TR010904,2025-12-04,CO2,T05,Long,1967,69.92,137541.07,886.76
TR010905,2025-12-04,PWR,T02,Short,725,94.64,68614.9,281.8
TR010906,2025-12-04,GAS,T01,Long,1520,40.15,61030.55,201.16
TR010907,2025-12-05,COAL,T08,Long,325,116.66,37913.79,444.27
TR010908,2025-12-05,CO2,T01,Long,1783,67.99,121221.61,-1896.25
TR010909,2025-12-05,PWR,T08,Long,1023,91.46,93562.83,-910.15
TR010910,2025-12-05,PWR,T04,Short,110,97.42,10715.78,178.01
TR010911,2025-12-05,COAL,T06,Long,542,111.81,60599.81,-827.14
TR010912,2025-12-05,PWR,T06,Short,631,84.99,53627.46,206.08
TR010913,2025-12-05,CO2,T08,Long,1559,68.5,106785.02,-2211.49
TR010914,2025-12-05,PWR,T02,Long,1521,92.22,140261.63,-674.37
TR010915,2025-12-05,PWR,T08,Short,986,90.32,89055.28,-1640.71
TR010916,2025-12-05,PWR,T05,Short,1736,85.15,147820.8,3569.63
TR010917,2025-12-05,COAL,T01,Short,792,116.13,91974.87,1109.72
TR010918,2025-12-05,COAL,T05,Long,928,118.31,109794.45,470.88
TR010919,2025-12-05,CO2,T01,Short,1449,71.35,103381.68,1474.83
TR010920,2025-12-05,PWR,T08,Long,1457,101.81,148340.82,620.86
TR010921,2025-12-05,COAL,T04,Short,1885,115.92,218508.15,1597.6
TR010922,2025-12-05,CO2,T01,Long,1935,64.46,124734.87,-2739.02
TR010923,2025-12-05,PWR,T04,Short,1757,93.2,163756.83,-2823.45
TR010924,2025-12-05,PWR,T05,Short,1262,87.44,110353.57,-881.66
TR010925,2025-12-05,PWR,T07,Short,980,82.65,80998.23,-61.56
TR010926,2025-12-05,CO2,T08,Long,309,68.91,21293.48,-276.82
TR010927,2025-12-05,COAL,T08,Long,1953,121.33,236964.39,4564.33
TR010928,2025-12-05,CO2,T05,Short,586,77.95,45679.39,623.44
TR010929,2025-12-05,CO2,T08,Short,1836,74.78,137301.44,-992.23
TR010930,2025-12-05,PWR,T03,Short,399,97.43,38876.44,-644.21
TR010931,2025-12-05,GAS,T04,Long,666,40.82,27185.33,-169.76
TR010932,2025-12-05,CO2,T03,Short,1130,68.13,76984.99,-1674.15
TR010933,2025-12-05,COAL,T06,Short,898,118.64,106537.91,263.12
TR010934,2025-12-08,GAS,T06,Short,1644,38.44,63196.22,-497.18
TR010935,2025-12-08,COAL,T06,Long,1986,119.0,236332.0,2054.01
TR010936,2025-12-08,CO2,T04,Long,975,73.52,71683.44,-1242.07
TR010937,2025-12-08,PWR,T02,Long,843,87.3,73591.41,781.71
TR010938,2025-12-08,PWR,T08,Long,1190,88.73,105593.42,-1581.38
TR010939,2025-12-08,COAL,T02,Long,829,113.39,93998.64,-1862.2
TR010940,2025-12-08,PWR,T04,Long,361,83.94,30300.56,-167.7
TR010941,2025-12-08,GAS,T07,Long,89,39.6,3524.15,48.26
TR010942,2025-12-08,GAS,T04,Short,1051,38.76,40738.08,205.99
TR010943,2025-12-08,GAS,T02,Short,646,36.99,23895.06,-152.6
TR010944,2025-12-08,CO2,T08,Short,1429,65.49,93581.76,-917.8
TR010945,2025-12-08,COAL,T03,Long,1497,118.13,176847.11,394.99
TR010946,2025-12-08,COAL,T06,Long,474,108.86,51601.48,438.91
TR010947,2025-12-08,PWR,T04,Short,1676,87.81,147177.49,-941.18
TR010948,2025-12-08,GAS,T06,Long,423,37.8,15988.17,132.05
TR010949,2025-12-08,PWR,T04,Short,1740,99.12,172465.14,-104.01
TR010950,2025-12-08,GAS,T07,Short,1110,39.81,44183.86,-548.02
TR010951,2025-12-08,COAL,T05,Short,1084,123.35,133716.41,942.32
TR010952,2025-12-08,CO2,T03,Short,480,70.16,33676.33,511.97
TR010953,2025-12-08,CO2,T04,Short,742,71.05,52722.79,-96.02
TR010954,2025-12-08,GAS,T03,Long,1529,37.48,57300.41,857.89
TR010955,2025-12-08,PWR,T06,Long,1610,84.43,135933.97,-2027.42
TR010956,2025-12-08,CO2,T06,Long,343,67.83,23267.24,-1.91
TR010957,2025-12-08,PWR,T05,Short,373,101.03,37683.04,10.26
TR010958,2025-12-08,PWR,T08,Short,688,91.92,63241.41,-444.27
TR010959,2025-12-09,GAS,T03,Short,1208,40.11,48453.97,389.85
TR010960,2025-12-09,PWR,T05,Long,1355,82.84,112242.34,2473.13
TR010961,2025-12-09,CO2,T06,Long,698,74.36,51905.14,-77.35
TR010962,2025-12-09,GAS,T07,Short,242,38.4,9293.16,-112.26
TR010963,2025-12-09,PWR,T07,Short,796,87.77,69861.29,-486.9
TR010964,2025-12-09,GAS,T08,Short,1438,37.77,54319.0,-876.84
TR010965,2025-12-09,PWR,T04,Long,836,93.21,77927.18,943.47
TR010966,2025-12-09,CO2,T02,Short,1252,69.17,86605.26,111.19
TR010967,2025-12-09,COAL,T05,Short,1557,117.82,183444.83,-1757.93
TR010968,2025-12-09,CO2,T03,Short,1814,71.47,129640.2,248.95
TR010969,2025-12-09,COAL,T05,Short,1706,117.31,200130.76,-1398.25
TR010970,2025-12-09,GAS,T03,Short,1358,40.73,55308.04,-36.73
TR010971,2025-12-09,COAL,T03,Short,692,116.25,80442.21,-1045.51
TR010972,2025-12-09,CO2,T04,Long,1836,71.16,130641.12,-1726.23
TR010973,2025-12-09,PWR,T05,Long,1666,99.88,166404.01,-2393.91
TR010974,2025-12-09,CO2,T07,Long,725,69.86,50650.86,65.7
TR010975,2025-12-09,CO2,T06,Long,1317,75.18,99016.83,-2551.89
TR010976,2025-12-09,PWR,T05,Short,1853,88.95,164831.52,-80.84
TR010977,2025-12-09,COAL,T08,Long,1018,117.08,119189.12,-1474.47
TR010978,2025-12-09,PWR,T04,Long,1440,95.88,138070.32,2542.48
TR010979,2025-12-09,COAL,T02,Long,1438,117.1,168394.3,-186.3
TR010980,2025-12-09,CO2,T01,Short,1455,75.7,110150.47,911.54
TR010981,2025-12-09,PWR,T08,Long,1730,95.4,165039.38,279.19
TR010982,2025-12-09,PWR,T08,Short,839,94.24,79069.5,-329.95
TR010983,2025-12-09,PWR,T03,Short,1301,83.91,109161.86,154.64
TR010984,2025-12-09,CO2,T01,Long,404,80.05,32339.13,-287.0
TR010985,2025-12-09,CO2,T07,Short,1558,69.0,107504.26,-1044.37
TR010986,2025-12-10,PWR,T06,Long,1838,81.0,148881.83,-3594.15
TR010987,2025-12-10,COAL,T06,Short,114,117.98,13449.32,89.58
TR010988,2025-12-10,GAS,T02,Short,1888,40.15,75812.25,1313.3
TR010989,2025-12-10,PWR,T03,Long,632,93.84,59308.36,-996.08
TR010990,2025-12-10,COAL,T01,Short,1691,113.11,191276.83,-1538.87
TR010991,2025-12-10,CO2,T05,Short,1301,71.26,92709.41,-913.36
TR010992,2025-12-10,GAS,T04,Short,379,40.4,15309.94,467.2
TR010993,2025-12-10,COAL,T04,Long,853,115.35,98391.94,956.44
TR010994,2025-12-10,CO2,T05,Long,1519,70.56,107181.79,-889.42
TR010995,2025-12-10,PWR,T04,Short,347,90.18,31290.98,-229.4
TR010996,2025-12-10,COAL,T07,Short,1723,115.78,199485.44,-3824.88
TR010997,2025-12-10,CO2,T02,Short,1046,70.35,73588.99,-1061.38
TR010998,2025-12-10,COAL,T04,Long,1409,118.31,166695.66,-6240.12
TR010999,2025-12-10,GAS,T04,Short,1972,39.55,77983.47,-91.6
TR011000,2025-12-10,PWR,T07,Short,270,99.04,26739.62,634.59
TR011001,2025-12-10,GAS,T04,Short,345,36.06,12439.45,298.15
TR011002,2025-12-10,GAS,T05,Long,1143,38.48,43982.9,600.56
TR011003,2025-12-10,GAS,T01,Short,1729,38.58,66710.06,602.75
TR011004,2025-12-10,CO2,T01,Short,1454,72.87,105948.72,-227.87
TR011005,2025-12-10,GAS,T07,Long,1923,38.62,74272.58,-196.7
TR011006,2025-12-10,COAL,T07,Long,800,115.29,92235.67,-1160.21
TR011007,2025-12-10,PWR,T01,Short,738,81.33,60024.91,-26.1
TR011008,2025-12-10,CO2,T06,Short,1791,70.96,127085.23,-291.16
TR011009,2025-12-11,COAL,T01,Short,1701,118.21,201072.5,-2226.12
TR011010,2025-12-11,GAS,T01,Short,1061,42.04,44599.18,-327.61
TR011011,2025-12-11,CO2,T05,Long,663,62.95,41737.08,86.82
TR011012,2025-12-11,PWR,T02,Short,334,94.16,31449.92,112.66
TR011013,2025-12-11,CO2,T06,Long,1436,77.23,110904.07,1774.8
TR011014,2025-12-11,GAS,T06,Short,1630,39.68,64672.86,1711.96
TR011015,2025-12-11,GAS,T06,Short,640,40.37,25836.95,-130.3
TR011016,2025-12-11,GAS,T02,Short,1008,39.92,40239.54,9.56
TR011017,2025-12-11,COAL,T05,Short,1504,115.25,173329.73,125.08
TR011018,2025-12-11,PWR,T01,Short,62,79.2,4910.45,-70.7
TR011019,2025-12-11,COAL,T03,Short,155,117.16,18160.35,89.72
TR011020,2025-12-11,CO2,T06,Short,239,65.0,15535.76,-182.42
TR011021,2025-12-11,PWR,T07,Long,1708,92.24,157547.72,-6106.04
TR011022,2025-12-11,PWR,T02,Short,275,85.52,23519.17,477.35
TR011023,2025-12-11,GAS,T04,Long,169,35.56,6010.37,12.17
TR011024,2025-12-11,PWR,T01,Short,1282,94.41,121037.09,-1797.84
TR011025,2025-12-11,COAL,T02,Short,157,125.56,19713.25,344.18
TR011026,2025-12-11,GAS,T04,Long,573,37.19,21312.45,-89.04
TR011027,2025-12-12,PWR,T06,Long,341,98.77,33678.88,251.63
TR011028,2025-12-12,CO2,T08,Long,899,73.31,65901.49,-13.95
TR011029,2025-12-12,COAL,T06,Long,1947,115.94,225731.56,136.7
TR011030,2025-12-12,CO2,T07,Short,347,70.89,24599.39,367.63
TR011031,2025-12-12,GAS,T03,Long,1955,39.18,76587.26,657.13
TR011032,2025-12-12,GAS,T07,Long,1011,39.85,40293.38,-827.3
TR011033,2025-12-12,COAL,T06,Short,1071,114.66,122799.38,4097.02
TR011034,2025-12-12,CO2,T08,Long,416,68.53,28510.3,314.26
TR011035,2025-12-12,PWR,T01,Short,1032,92.48,95437.9,980.07
TR011036,2025-12-12,PWR,T06,Long,347,85.0,29494.69,255.5
TR011037,2025-12-12,COAL,T01,Long,1420,116.63,165616.75,104.94
TR011038,2025-12-12,CO2,T01,Short,1294,74.93,96955.75,197.14
TR011039,2025-12-12,GAS,T08,Long,1826,40.69,74295.25,-2096.09
TR011040,2025-12-12,COAL,T03,Short,1160,120.41,139676.34,1439.99
TR011041,2025-12-12,PWR,T07,Long,1999,100.06,200028.13,708.25
TR011042,2025-12-12,GAS,T01,Long,57,37.39,2131.2,8.66
TR011043,2025-12-12,PWR,T02,Long,96,88.94,8538.56,-29.96
TR011044,2025-12-15,COAL,T02,Long,1478,114.42,169114.96,1393.0
TR011045,2025-12-15,PWR,T08,Long,500,93.11,46552.98,-574.84
TR011046,2025-12-15,CO2,T01,Long,1054,71.62,75486.33,302.83
TR011047,2025-12-15,PWR,T02,Long,1312,99.11,130037.67,991.43
TR011048,2025-12-15,CO2,T03,Long,1315,80.96,106464.02,-1034.29
TR011049,2025-12-15,PWR,T03,Short,1997,95.17,190061.24,3789.62
TR011050,2025-12-15,COAL,T04,Long,1980,117.17,232004.97,3673.57
TR011051,2025-12-15,PWR,T07,Short,1626,91.82,149303.48,-375.2
TR011052,2025-12-15,CO2,T01,Short,1881,73.72,138667.5,-1606.85
TR011053,2025-12-15,GAS,T04,Short,1206,38.06,45895.21,254.31
TR011054,2025-12-15,COAL,T02,Long,213,127.42,27140.78,590.95
TR011055,2025-12-15,PWR,T05,Long,1008,95.89,96659.19,-71.62
TR011056,2025-12-15,GAS,T03,Long,339,38.72,13125.01,324.87
TR011057,2025-12-15,PWR,T03,Long,277,98.24,27211.12,-375.56
TR011058,2025-12-15,GAS,T07,Long,1845,40.23,74226.72,477.98
TR011059,2025-12-15,PWR,T02,Long,743,90.31,67101.5,444.69
TR011060,2025-12-15,COAL,T07,Short,1114,120.15,133845.69,-1505.39
TR011061,2025-12-15,GAS,T06,Short,1696,38.74,65705.88,-1539.32
TR011062,2025-12-15,CO2,T01,Short,92,70.37,6473.75,-76.82
TR011063,2025-12-15,GAS,T08,Long,860,40.03,34429.14,792.08
TR011064,2025-12-15,GAS,T05,Short,1435,40.73,58453.93,-869.69
TR011065,2025-12-15,CO2,T06,Long,1385,71.32,98773.52,1789.39
TR011066,2025-12-15,COAL,T02,Short,1132,120.61,136527.44,4058.6
TR011067,2025-12-15,CO2,T05,Long,399,70.64,28186.65,82.43
TR011068,2025-12-15,GAS,T01,Short,408,37.51,15304.43,101.45
TR011069,2025-12-15,CO2,T02,Short,1372,72.01,98798.69,2279.67
TR011070,2025-12-15,GAS,T08,Long,1405,39.18,55041.76,-1988.0
TR011071,2025-12-16,PWR,T02,Long,162,93.1,15082.18,161.22
TR011072,2025-12-16,PWR,T01,Short,1819,97.56,177453.78,-2814.33
TR011073,2025-12-16,GAS,T04,Long,172,41.51,7139.71,-28.33
TR011074,2025-12-16,CO2,T08,Long,598,76.24,45589.49,229.67
TR011075,2025-12-16,PWR,T05,Long,1176,101.17,118978.99,374.82
TR011076,2025-12-16,CO2,T05,Long,474,67.43,31959.81,-323.07
TR011077,2025-12-16,COAL,T04,Long,1741,111.44,194015.1,-1354.34
TR011078,2025-12-16,PWR,T04,Short,1855,90.96,168722.38,2381.69
TR011079,2025-12-16,COAL,T05,Short,703,119.29,83858.39,649.03
TR011080,2025-12-16,COAL,T03,Short,1548,112.39,173978.41,3553.34
TR011081,2025-12-16,COAL,T02,Short,1310,115.26,150990.77,1918.49
TR011082,2025-12-16,COAL,T04,Short,440,113.2,49808.19,-296.99
TR011083,2025-12-16,GAS,T05,Long,1175,39.65,46590.17,1027.16
TR011084,2025-12-16,GAS,T02,Long,735,38.72,28462.7,331.29
TR011085,2025-12-16,CO2,T07,Short,311,74.83,23273.45,432.4
TR011086,2025-12-16,PWR,T06,Short,1266,83.73,106003.75,1601.53
TR011087,2025-12-16,COAL,T06,Short,1203,118.29,142304.33,1120.07
TR011088,2025-12-16,GAS,T05,Short,897,38.48,34517.33,164.2
TR011089,2025-12-16,COAL,T01,Short,735,114.67,84286.11,181.13
TR011090,2025-12-16,GAS,T08,Long,1706,41.18,70253.22,679.96
TR011091,2025-12-16,PWR,T08,Long,917,77.52,71082.32,1981.64
TR011092,2025-12-16,PWR,T07,Short,1172,85.74,100488.93,254.56
TR011093,2025-12-16,GAS,T04,Short,1623,40.48,65695.67,540.69
TR011094,2025-12-16,PWR,T06,Short,1319,94.93,125218.09,-1203.34
TR011095,2025-12-17,PWR,T02,Short,153,99.02,15150.42,97.4
TR011096,2025-12-17,PWR,T08,Long,1296,88.98,115318.69,-1306.29
TR011097,2025-12-17,PWR,T05,Long,1406,92.83,130517.33,-1745.28
TR011098,2025-12-17,PWR,T02,Long,1376,90.78,124906.77,-2063.57
TR011099,2025-12-17,PWR,T08,Short,1835,82.76,151873.12,-1026.24
TR011100,2025-12-17,PWR,T06,Long,1046,95.99,100403.61,-634.22
TR011101,2025-12-17,COAL,T05,Short,1408,118.44,166761.33,-784.13
TR011102,2025-12-17,COAL,T03,Short,1375,115.61,158967.58,701.78
TR011103,2025-12-17,COAL,T05,Long,964,119.99,115669.26,-1686.88
TR011104,2025-12-17,PWR,T05,Long,1304,90.28,117721.45,-1287.52
TR011105,2025-12-17,PWR,T03,Long,1464,93.16,136381.89,736.64
TR011106,2025-12-17,COAL,T06,Short,388,113.13,43893.7,1410.67
TR011107,2025-12-17,GAS,T08,Long,920,39.99,36795.29,-896.76
TR011108,2025-12-17,PWR,T01,Short,76,87.65,6661.3,-29.77
TR011109,2025-12-17,COAL,T02,Long,493,109.49,53980.6,-181.51
TR011110,2025-12-17,COAL,T03,Long,781,109.88,85819.22,-934.97
TR011111,2025-12-17,PWR,T07,Short,883,93.07,82181.41,871.03
TR011112,2025-12-17,CO2,T05,Short,799,69.56,55581.28,1001.06
TR011113,2025-12-17,CO2,T08,Short,1472,71.02,104536.97,-444.01
TR011114,2025-12-17,CO2,T05,Short,571,75.98,43382.85,108.75
TR011115,2025-12-18,PWR,T08,Long,573,82.58,47316.9,-614.75
TR011116,2025-12-18,GAS,T03,Long,1613,37.67,60764.75,-97.62
TR011117,2025-12-18,COAL,T04,Long,94,110.19,10357.9,-330.42
TR011118,2025-12-18,COAL,T03,Long,917,116.05,106414.74,2816.22
TR011119,2025-12-18,PWR,T01,Long,1127,91.01,102568.33,1069.1
TR011120,2025-12-18,CO2,T05,Short,744,75.62,56258.62,342.81
TR011121,2025-12-18,COAL,T01,Long,1538,112.54,173087.85,-3638.95
TR011122,2025-12-18,PWR,T01,Short,188,89.54,16834.13,-80.43
TR011123,2025-12-18,GAS,T02,Short,705,38.06,26833.28,302.82
TR011124,2025-12-18,COAL,T05,Long,1513,121.03,183116.9,-357.46
TR011125,2025-12-18,COAL,T08,Short,1288,122.48,157758.82,4226.04
TR011126,2025-12-18,COAL,T02,Short,306,113.23,34647.09,-309.77
TR011127,2025-12-18,PWR,T07,Long,806,90.14,72650.93,-1251.19
TR011128,2025-12-18,CO2,T07,Long,1596,72.34,115455.19,-1675.03
TR011129,2025-12-18,PWR,T04,Long,975,86.7,84532.85,-402.53
TR011130,2025-12-18,COAL,T08,Long,760,114.17,86768.12,-157.03
TR011131,2025-12-18,GAS,T07,Long,181,40.09,7256.83,-183.38
TR011132,2025-12-18,PWR,T07,Long,513,79.35,40706.01,228.8
TR011133,2025-12-18,CO2,T01,Long,1212,74.41,90189.31,-1014.22
TR011134,2025-12-18,GAS,T01,Short,310,39.19,12148.48,80.58
TR011135,2025-12-18,COAL,T07,Short,506,113.17,57263.5,575.36
TR011136,2025-12-18,PWR,T04,Short,571,103.27,58969.03,-1645.68
TR011137,2025-12-18,GAS,T02,Long,101,38.43,3881.59,-77.61
TR011138,2025-12-18,PWR,T02,Long,1880,89.55,168353.49,-2693.96
TR011139,2025-12-18,GAS,T02,Short,693,38.82,26900.52,-460.93
TR011140,2025-12-18,PWR,T04,Long,1335,88.18,117714.93,-2770.05
TR011141,2025-12-18,PWR,T02,Long,54,96.05,5186.47,-33.04
TR011142,2025-12-18,PWR,T04,Short,1839,101.26,186214.55,-2493.15
TR011143,2025-12-18,PWR,T02,Long,1721,98.22,169037.72,-481.51
TR011144,2025-12-19,COAL,T05,Long,1177,116.66,137313.85,4828.88
TR011145,2025-12-19,CO2,T01,Short,282,71.11,20052.54,-53.41
TR011146,2025-12-19,GAS,T01,Short,900,39.39,35448.99,50.54
TR011147,2025-12-19,CO2,T01,Short,524,77.99,40865.75,326.15
TR011148,2025-12-19,CO2,T08,Long,1467,70.12,102868.92,-3496.22
TR011149,2025-12-19,COAL,T06,Long,574,116.15,66672.46,476.49
TR011150,2025-12-19,GAS,T06,Long,468,39.04,18269.13,-298.65
TR011151,2025-12-19,PWR,T05,Short,1997,101.01,201721.97,250.75
TR011152,2025-12-19,CO2,T02,Short,452,69.69,31501.89,678.85
TR011153,2025-12-19,COAL,T03,Short,943,114.82,108278.19,-1404.32
TR011154,2025-12-19,CO2,T04,Long,1851,69.27,128221.0,-769.55
TR011155,2025-12-19,COAL,T05,Long,969,118.15,114484.6,-311.59
TR011156,2025-12-19,PWR,T06,Long,1003,92.96,93239.57,-1220.1
TR011157,2025-12-19,GAS,T04,Short,405,39.4,15956.3,168.24
TR011158,2025-12-19,GAS,T02,Long,1144,37.1,42445.19,180.76
TR011159,2025-12-19,GAS,T01,Long,1581,40.69,64329.5,461.5
TR011160,2025-12-19,COAL,T06,Long,1656,112.18,185761.81,7640.43
TR011161,2025-12-19,GAS,T08,Long,185,37.15,6872.79,-63.54
TR011162,2025-12-19,CO2,T02,Long,1463,65.75,96189.81,-468.84
TR011163,2025-12-19,GAS,T01,Long,650,38.07,24748.44,97.31
TR011164,2025-12-19,GAS,T01,Long,1696,36.33,61616.58,-765.93
TR011165,2025-12-19,CO2,T03,Short,647,65.9,42637.83,855.53
TR011166,2025-12-19,PWR,T07,Short,967,98.39,95139.59,232.75
TR011167,2025-12-19,CO2,T03,Short,1518,70.76,107418.69,2249.88
TR011168,2025-12-19,GAS,T06,Short,1616,39.66,64097.08,1229.73
TR011169,2025-12-19,PWR,T04,Short,1283,98.2,125984.22,189.3
TR011170,2025-12-19,CO2,T07,Short,993,66.78,66312.16,-152.46
TR011171,2025-12-19,CO2,T01,Long,1093,74.33,81239.9,-1810.14
TR011172,2025-12-22,PWR,T02,Short,389,89.49,34810.0,949.36
TR011173,2025-12-22,PWR,T04,Short,587,81.14,47627.68,284.17
TR011174,2025-12-22,COAL,T01,Short,658,115.75,76162.63,384.61
TR011175,2025-12-22,COAL,T04,Short,1986,118.46,235263.41,-1426.67
TR011176,2025-12-22,COAL,T04,Short,748,111.53,83423.54,-517.89
TR011177,2025-12-22,COAL,T02,Short,1066,112.58,120006.82,1169.17
TR011178,2025-12-22,GAS,T08,Long,1575,39.21,61749.8,-137.31
TR011179,2025-12-22,CO2,T01,Short,829,73.14,60631.35,-1565.67
TR011180,2025-12-22,PWR,T05,Long,1857,95.13,176664.51,846.47
TR011181,2025-12-22,COAL,T08,Short,1587,125.59,199307.66,-9.98
TR011182,2025-12-22,PWR,T07,Short,1279,91.65,117223.96,-653.9
TR011183,2025-12-22,CO2,T02,Long,598,72.7,43475.86,261.48
TR011184,2025-12-22,PWR,T05,Short,331,91.81,30389.84,-35.42
TR011185,2025-12-22,COAL,T01,Long,1245,121.72,151547.55,-466.03
TR011186,2025-12-22,CO2,T05,Long,895,76.52,68484.14,-604.71
TR011187,2025-12-22,PWR,T06,Long,96,103.06,9893.38,110.67
TR011188,2025-12-22,COAL,T06,Short,1064,112.45,119650.49,-1742.75
TR011189,2025-12-22,PWR,T03,Short,1985,97.62,193770.13,3312.34
TR011190,2025-12-22,GAS,T07,Short,213,38.57,8215.61,33.84
TR011191,2025-12-22,GAS,T07,Short,1057,37.0,39106.69,310.4
TR011192,2025-12-22,COAL,T06,Short,1521,112.26,170754.02,-1301.25
TR011193,2025-12-22,COAL,T04,Short,108,115.99,12527.22,294.26
TR011194,2025-12-22,CO2,T07,Short,1678,73.08,122624.84,-1382.03
TR011195,2025-12-22,PWR,T04,Long,1402,86.52,121301.49,-232.24
TR011196,2025-12-23,COAL,T05,Short,1537,122.05,187586.07,3289.51
TR011197,2025-12-23,COAL,T01,Short,528,116.77,61656.32,1239.9
TR011198,2025-12-23,PWR,T03,Long,1988,95.45,189749.34,2616.57
TR011199,2025-12-23,PWR,T01,Long,1370,89.78,122995.98,1894.21
TR011200,2025-12-23,PWR,T03,Short,1385,94.03,130232.31,-3623.49
TR011201,2025-12-23,PWR,T03,Short,1828,99.01,180988.48,652.97
TR011202,2025-12-23,COAL,T04,Long,1885,110.81,208876.24,-3184.57
TR011203,2025-12-23,COAL,T05,Short,750,116.88,87656.99,-8.91
TR011204,2025-12-23,GAS,T07,Short,1861,37.08,69007.73,337.12
TR011205,2025-12-23,PWR,T06,Long,853,85.39,72833.54,-681.18
TR011206,2025-12-23,COAL,T02,Long,186,114.77,21346.3,327.51
TR011207,2025-12-23,PWR,T04,Long,1361,88.12,119935.05,710.16
TR011208,2025-12-23,GAS,T02,Long,926,38.68,35821.1,807.15
TR011209,2025-12-23,PWR,T08,Long,1623,93.77,152184.49,-898.23
TR011210,2025-12-23,CO2,T05,Long,496,75.49,37441.66,847.52
TR011211,2025-12-23,PWR,T04,Short,1363,82.76,112796.39,-2592.05
TR011212,2025-12-23,PWR,T03,Long,1402,98.37,137911.18,2629.81
TR011213,2025-12-24,PWR,T01,Short,1603,90.76,145485.17,-2318.92
TR011214,2025-12-24,CO2,T08,Short,1671,70.7,118142.16,148.53
TR011215,2025-12-24,GAS,T06,Long,1498,39.5,59178.02,-1585.17
TR011216,2025-12-24,COAL,T05,Long,1417,111.61,158145.44,-133.13
TR011217,2025-12-24,CO2,T05,Short,1113,79.19,88136.98,-1578.32
TR011218,2025-12-24,CO2,T04,Short,1276,67.66,86334.29,-998.65
TR011219,2025-12-24,CO2,T06,Short,1428,75.32,107557.69,2035.12
TR011220,2025-12-24,PWR,T04,Short,755,89.56,67615.31,405.73
TR011221,2025-12-24,PWR,T04,Long,459,104.55,47989.48,96.41
TR011222,2025-12-24,CO2,T03,Long,643,71.84,46190.17,773.72
TR011223,2025-12-24,COAL,T07,Short,1123,114.27,128329.92,-1698.46
TR011224,2025-12-24,GAS,T01,Long,1412,39.39,55618.24,662.94
TR011225,2025-12-24,CO2,T04,Short,245,72.51,17764.96,135.16
TR011226,2025-12-24,COAL,T02,Short,482,120.79,58219.58,448.59
TR011227,2025-12-24,CO2,T04,Long,1453,69.45,100917.29,234.25
TR011228,2025-12-25,GAS,T05,Short,1140,38.32,43679.89,-324.35
TR011229,2025-12-25,PWR,T01,Long,1224,95.25,116589.12,-3588.93
TR011230,2025-12-25,GAS,T03,Short,1463,39.76,58169.1,-168.29
TR011231,2025-12-25,PWR,T08,Short,337,98.77,33284.92,-34.77
TR011232,2025-12-25,COAL,T08,Long,1187,112.72,133797.19,-2055.13
TR011233,2025-12-25,CO2,T02,Short,943,68.64,64725.34,292.83
TR011234,2025-12-25,GAS,T05,Short,1835,39.31,72133.49,195.46
TR011235,2025-12-25,PWR,T04,Long,1736,92.15,159977.2,-327.43
TR011236,2025-12-25,CO2,T02,Long,724,77.81,56337.66,-847.66
TR011237,2025-12-25,GAS,T05,Long,1319,39.04,51495.07,1071.44
TR011238,2025-12-25,CO2,T05,Long,1310,77.86,101994.02,969.91
TR011239,2025-12-25,COAL,T08,Short,920,114.8,105612.41,-391.78
TR011240,2025-12-25,PWR,T02,Long,1707,85.37,145723.56,2842.94
TR011241,2025-12-25,COAL,T07,Long,615,122.24,75175.8,328.33
TR011242,2025-12-25,COAL,T07,Short,653,121.55,79373.05,-353.23
TR011243,2025-12-25,PWR,T02,Long,1613,92.34,148943.19,4109.52
TR011244,2025-12-25,PWR,T03,Long,580,93.55,54258.95,-35.23
TR011245,2025-12-25,GAS,T04,Short,1585,40.23,63757.53,395.42
TR011246,2025-12-25,PWR,T04,Long,1964,94.55,185687.46,462.21
TR011247,2025-12-25,COAL,T08,Short,279,112.29,31328.23,-939.88
TR011248,2025-12-25,PWR,T07,Short,266,96.27,25608.83,-65.01
TR011249,2025-12-25,CO2,T05,Short,1945,79.05,153752.68,-1938.53
TR011250,2025-12-25,COAL,T04,Long,460,111.35,51221.16,-437.04
TR011251,2025-12-25,PWR,T03,Long,731,82.9,60597.68,748.16
TR011252,2025-12-25,COAL,T07,Short,1196,117.6,140651.03,-976.63
TR011253,2025-12-25,CO2,T03,Long,431,76.83,33114.96,-94.39
TR011254,2025-12-25,PWR,T06,Long,629,86.9,54658.99,-1347.65
TR011255,2025-12-26,COAL,T04,Long,72,112.07,8068.85,47.62
TR011256,2025-12-26,PWR,T06,Long,424,99.25,42082.29,292.29
TR011257,2025-12-26,CO2,T07,Short,206,68.87,14186.42,-119.98
TR011258,2025-12-26,PWR,T08,Short,614,104.01,63862.7,-1372.11
TR011259,2025-12-26,CO2,T06,Long,735,70.89,52102.47,-515.96
TR011260,2025-12-26,CO2,T04,Long,489,77.71,37998.44,-56.62
TR011261,2025-12-26,PWR,T07,Short,1659,103.19,171187.52,1212.0
TR011262,2025-12-26,PWR,T06,Short,1977,73.11,144546.57,373.98
TR011263,2025-12-26,CO2,T03,Short,1969,71.44,140656.89,1207.97
TR011264,2025-12-26,CO2,T04,Long,1880,76.24,143330.21,-1181.23
TR011265,2025-12-26,PWR,T04,Long,319,98.61,31457.45,599.77
TR011266,2025-12-26,GAS,T04,Long,651,40.34,26263.47,-88.14
TR011267,2025-12-26,GAS,T02,Short,1151,39.35,45294.23,-548.92
TR011268,2025-12-26,GAS,T05,Long,1505,37.68,56707.98,-814.2
TR011269,2025-12-26,COAL,T04,Long,1018,117.89,120010.24,1538.14
TR011270,2025-12-26,COAL,T03,Short,182,121.83,22172.74,-79.95
TR011271,2025-12-26,COAL,T06,Short,958,113.67,108899.48,-1822.06
TR011272,2025-12-26,PWR,T02,Short,922,91.82,84661.54,-1849.27
TR011273,2025-12-29,CO2,T05,Short,1116,71.96,80311.03,-1103.15
TR011274,2025-12-29,COAL,T03,Long,976,129.22,126120.24,-2324.38
TR011275,2025-12-29,PWR,T03,Short,1260,99.54,125419.11,1133.79
TR011276,2025-12-29,COAL,T02,Long,1113,125.94,140171.15,-1964.33
TR011277,2025-12-29,PWR,T03,Long,596,95.68,57023.67,-573.98
TR011278,2025-12-29,CO2,T08,Short,1538,69.43,106790.43,-1440.0
TR011279,2025-12-29,PWR,T05,Short,944,93.7,88451.06,1376.6
TR011280,2025-12-29,COAL,T07,Short,1907,113.22,215906.34,532.39
TR011281,2025-12-29,PWR,T08,Long,855,100.26,85721.85,106.91
TR011282,2025-12-29,GAS,T02,Long,1116,37.78,42166.56,-568.32
TR011283,2025-12-29,GAS,T07,Long,1784,40.55,72338.18,-1697.31
TR011284,2025-12-29,COAL,T07,Long,1850,116.14,214854.03,-3776.74
TR011285,2025-12-29,COAL,T07,Long,145,123.3,17878.45,-38.04
TR011286,2025-12-29,PWR,T07,Short,966,105.09,101519.99,-681.51
TR011287,2025-12-29,COAL,T06,Long,682,122.75,83713.97,-1152.98
TR011288,2025-12-29,PWR,T03,Short,716,93.6,67015.48,655.2
TR011289,2025-12-29,CO2,T06,Long,795,77.27,61433.2,-89.9
TR011290,2025-12-29,PWR,T07,Long,627,92.76,58159.84,547.86
TR011291,2025-12-29,COAL,T01,Long,95,112.6,10697.04,70.71
TR011292,2025-12-29,CO2,T03,Short,844,69.03,58262.96,132.43
TR011293,2025-12-29,COAL,T02,Short,796,114.57,91197.06,139.81
TR011294,2025-12-30,PWR,T08,Long,1057,101.32,107090.13,781.03
TR011295,2025-12-30,PWR,T06,Short,1671,93.29,155887.07,-1032.94
TR011296,2025-12-30,GAS,T01,Short,1667,39.41,65694.71,754.14
TR011297,2025-12-30,CO2,T01,Short,380,68.39,25986.52,584.83
TR011298,2025-12-30,PWR,T03,Long,1839,94.51,173805.18,2321.9
TR011299,2025-12-30,GAS,T02,Long,1376,39.34,54129.32,568.01
TR011300,2025-12-30,COAL,T08,Short,1243,114.04,141749.3,741.21
TR011301,2025-12-30,GAS,T04,Long,1906,41.26,78643.2,359.56
TR011302,2025-12-30,GAS,T01,Long,1251,36.72,45931.91,-400.51
TR011303,2025-12-30,PWR,T03,Short,817,100.33,81971.49,-857.6
TR011304,2025-12-30,COAL,T06,Short,208,114.19,23751.3,87.93
TR011305,2025-12-30,COAL,T05,Short,147,113.64,16705.16,-331.01
TR011306,2025-12-30,COAL,T04,Short,1611,115.72,186421.96,-2805.09
TR011307,2025-12-30,CO2,T02,Long,96,68.25,6551.62,148.7
TR011308,2025-12-30,PWR,T04,Short,1245,106.7,132838.59,-2283.25
TR011309,2025-12-30,CO2,T05,Short,1043,76.52,79813.68,2794.01
TR011310,2025-12-30,COAL,T04,Short,1258,115.82,145700.08,728.44
TR011311,2025-12-30,GAS,T07,Short,316,38.48,12161.12,2.86
TR011312,2025-12-30,CO2,T05,Long,574,67.08,38503.01,152.13
TR011313,2025-12-31,COAL,T07,Short,470,119.43,56133.05,1166.32
TR011314,2025-12-31,COAL,T02,Short,837,122.43,102472.81,-779.12
TR011315,2025-12-31,COAL,T03,Long,1086,111.97,121603.41,-25.72
TR011316,2025-12-31,GAS,T08,Short,1502,37.4,56182.08,-203.64
TR011317,2025-12-31,COAL,T04,Long,178,113.97,20286.62,284.79
TR011318,2025-12-31,COAL,T06,Short,1992,117.41,233871.31,403.19
TR011319,2025-12-31,CO2,T05,Long,1169,80.17,93723.31,-1202.65
TR011320,2025-12-31,CO2,T07,Long,509,73.69,37510.15,-145.33
TR011321,2025-12-31,COAL,T04,Short,975,111.6,108805.83,1820.64
TR011322,2025-12-31,GAS,T08,Long,1036,40.61,42071.39,-1570.12
TR011323,2025-12-31,PWR,T03,Short,1148,96.63,110933.88,-1043.72
TR011324,2025-12-31,PWR,T07,Long,1351,99.21,134036.48,-772.11
TR011325,2025-12-31,PWR,T03,Short,237,87.89,20830.22,-55.58
TR011326,2025-12-31,GAS,T08,Short,1415,40.45,57242.77,-815.66
TR011327,2025-12-31,CO2,T07,Short,1774,64.01,113548.88,-2356.78
TR011328,2025-12-31,PWR,T02,Short,1343,97.1,130404.51,-105.48
TR011329,2025-12-31,CO2,T06,Long,782,74.04,57899.75,758.48
TR011330,2025-12-31,CO2,T02,Long,982,71.04,69765.63,-1558.45
TR011331,2025-12-31,GAS,T02,Long,752,39.65,29816.19,-375.81
TR011332,2025-12-31,CO2,T07,Short,1594,73.32,116872.19,3135.59
TR011333,2025-12-31,CO2,T05,Long,298,74.2,22111.51,-30.22
TR011334,2025-12-31,CO2,T08,Long,787,70.24,55275.32,-80.94
TR011335,2025-12-31,CO2,T05,Long,1304,71.52,93264.39,-548.91
TR011336,2025-12-31,COAL,T04,Short,1778,115.86,205998.61,-2665.67
TR011337,2025-12-31,CO2,T04,Short,1244,74.27,92390.44,-508.9
TR011338,2025-12-31,COAL,T05,Short,1870,120.58,225491.59,160.69
